2026-02-25 09:50:41.612 - INFO - 43 - azureml.automl.runtime.experiment_store.__init__:1217 - Requested a new ExperimentStore instance.
2026-02-25 09:50:41.612 - INFO - 43 - azureml.automl.runtime.experiment_store.__init__:1217 - Requested a new ExperimentStore instance.
2026-02-25 09:50:41.613 - INFO - 43 - azureml.automl.runtime.experiment_store.__init__:1234 - Created ExperimentStore with ID: 21062188240512.
2026-02-25 09:50:41.613 - INFO - 43 - azureml.automl.runtime.experiment_store.__init__:1234 - Created ExperimentStore with ID: 21062188240512.
2026-02-25 09:50:41.675 - INFO - 43 - azureml.automl.runtime.shared.lazy_file_cache_store.load:594 - Loading from file cache
2026-02-25 09:50:41.675 - INFO - 43 - azureml.automl.runtime.shared.lazy_file_cache_store.load:594 - Loading from file cache
2026-02-25 09:50:41.677 - INFO - 43 - azureml.automl.runtime.shared.lazy_file_cache_store.get:426 - Getting data for key: ExperimentData_materialized
2026-02-25 09:50:41.677 - INFO - 43 - azureml.automl.runtime.shared.lazy_file_cache_store.get:426 - Getting data for key: ExperimentData_materialized
2026-02-25 09:50:41.677 - INFO - 43 - azureml.automl.runtime.shared.lazy_file_cache_store.get:426 - Getting data for key: ExperimentData_lazy
2026-02-25 09:50:41.677 - INFO - 43 - azureml.automl.runtime.shared.lazy_file_cache_store.get:426 - Getting data for key: ExperimentData_lazy
2026-02-25 09:50:41.679 - INFO - 43 - azureml.automl.runtime.shared.lazy_file_cache_store.get:426 - Getting data for key: ExperimentData_partitioned
2026-02-25 09:50:41.679 - INFO - 43 - azureml.automl.runtime.shared.lazy_file_cache_store.get:426 - Getting data for key: ExperimentData_partitioned
2026-02-25 09:50:41.680 - INFO - 43 - azureml.automl.runtime.shared.lazy_file_cache_store.get:426 - Getting data for key: ExperimentMetadata
2026-02-25 09:50:41.680 - INFO - 43 - azureml.automl.runtime.shared.lazy_file_cache_store.get:426 - Getting data for key: ExperimentMetadata
2026-02-25 09:50:41.680 - INFO - 43 - azureml.automl.runtime.shared.lazy_file_cache_store.get:426 - Getting data for key: ExperimentMetadata_Timeseries
2026-02-25 09:50:41.680 - INFO - 43 - azureml.automl.runtime.shared.lazy_file_cache_store.get:426 - Getting data for key: ExperimentMetadata_Timeseries
2026-02-25 09:50:41.680 - INFO - 43 - azureml.automl.runtime.shared.lazy_file_cache_store.get:426 - Getting data for key: ExperimentMetadata_Regression
2026-02-25 09:50:41.680 - INFO - 43 - azureml.automl.runtime.shared.lazy_file_cache_store.get:426 - Getting data for key: ExperimentMetadata_Regression
2026-02-25 09:50:41.681 - INFO - 43 - azureml.automl.runtime.shared.lazy_file_cache_store.get:426 - Getting data for key: ExperimentMetadata_Classification
2026-02-25 09:50:41.681 - INFO - 43 - azureml.automl.runtime.shared.lazy_file_cache_store.get:426 - Getting data for key: ExperimentMetadata_Classification
2026-02-25 09:50:41.684 - INFO - 43 - azureml.automl.runtime.featurization.data_transformer.__init__:190 - Feature sweeping enabled: False
2026-02-25 09:50:41.684 - INFO - 43 - azureml.automl.runtime.featurization.data_transformer.__init__:190 - Feature sweeping enabled: False
2026-02-25 09:50:41.684 - INFO - 43 - azureml.automl.runtime.featurization.data_transformer.__init__:191 - Feature sweeping timeout: 86400
2026-02-25 09:50:41.684 - INFO - 43 - azureml.automl.runtime.featurization.data_transformer.__init__:191 - Feature sweeping timeout: 86400
2026-02-25 09:50:43.286 - INFO - 43 - azureml.automl.runtime.ensemble_base._fetch_fitted_pipelines:206 - Fetching fitted models for best 8 previous iterations
2026-02-25 09:50:43.286 - INFO - 43 - azureml.automl.runtime.ensemble_base._fetch_fitted_pipelines:206 - Fetching fitted models for best 8 previous iterations
2026-02-25 09:50:43.439 - INFO - 43 - azureml.automl.runtime.ensemble_base._download_model:285 - Downloaded fitted pipeline(s) of size 165553 for child run cyan_curtain_q1xf29lk23_7
2026-02-25 09:50:43.439 - INFO - 43 - azureml.automl.runtime.ensemble_base._download_model:285 - Downloaded fitted pipeline(s) of size 165553 for child run cyan_curtain_q1xf29lk23_7
2026-02-25 09:50:43.441 - INFO - 43 - azureml.automl.runtime.featurization.data_transformer.__init__:190 - Feature sweeping enabled: False
2026-02-25 09:50:43.441 - INFO - 43 - azureml.automl.runtime.featurization.data_transformer.__init__:190 - Feature sweeping enabled: False
2026-02-25 09:50:43.441 - INFO - 43 - azureml.automl.runtime.featurization.data_transformer.__init__:191 - Feature sweeping timeout: 86400
2026-02-25 09:50:43.441 - INFO - 43 - azureml.automl.runtime.featurization.data_transformer.__init__:191 - Feature sweeping timeout: 86400
2026-02-25 09:50:43.454 - INFO - 43 - azureml.automl.runtime.ensemble_base._download_model:294 - Finished transforming the fitted pipelines for child run cyan_curtain_q1xf29lk23_7 with 5 elements.
2026-02-25 09:50:43.454 - INFO - 43 - azureml.automl.runtime.ensemble_base._download_model:294 - Finished transforming the fitted pipelines for child run cyan_curtain_q1xf29lk23_7 with 5 elements.
2026-02-25 09:50:43.465 - INFO - 43 - azureml.automl.runtime.ensemble_base._download_model:285 - Downloaded fitted pipeline(s) of size 18192 for child run cyan_curtain_q1xf29lk23_6
2026-02-25 09:50:43.465 - INFO - 43 - azureml.automl.runtime.ensemble_base._download_model:285 - Downloaded fitted pipeline(s) of size 18192 for child run cyan_curtain_q1xf29lk23_6
2026-02-25 09:50:43.475 - INFO - 43 - azureml.automl.runtime.ensemble_base._download_model:285 - Downloaded fitted pipeline(s) of size 204935 for child run cyan_curtain_q1xf29lk23_5
2026-02-25 09:50:43.475 - INFO - 43 - azureml.automl.runtime.ensemble_base._download_model:285 - Downloaded fitted pipeline(s) of size 204935 for child run cyan_curtain_q1xf29lk23_5
2026-02-25 09:50:43.479 - INFO - 43 - azureml.automl.runtime.featurization.data_transformer.__init__:190 - Feature sweeping enabled: False
2026-02-25 09:50:43.479 - INFO - 43 - azureml.automl.runtime.featurization.data_transformer.__init__:190 - Feature sweeping enabled: False
2026-02-25 09:50:43.490 - INFO - 43 - azureml.automl.runtime.featurization.data_transformer.__init__:191 - Feature sweeping timeout: 86400
2026-02-25 09:50:43.490 - INFO - 43 - azureml.automl.runtime.featurization.data_transformer.__init__:191 - Feature sweeping timeout: 86400
2026-02-25 09:50:43.491 - INFO - 43 - azureml.automl.runtime.ensemble_base._download_model:294 - Finished transforming the fitted pipelines for child run cyan_curtain_q1xf29lk23_6 with 5 elements.
2026-02-25 09:50:43.491 - INFO - 43 - azureml.automl.runtime.ensemble_base._download_model:294 - Finished transforming the fitted pipelines for child run cyan_curtain_q1xf29lk23_6 with 5 elements.
2026-02-25 09:50:43.494 - INFO - 43 - azureml.automl.runtime.featurization.data_transformer.__init__:190 - Feature sweeping enabled: False
2026-02-25 09:50:43.494 - INFO - 43 - azureml.automl.runtime.featurization.data_transformer.__init__:190 - Feature sweeping enabled: False
2026-02-25 09:50:43.495 - INFO - 43 - azureml.automl.runtime.featurization.data_transformer.__init__:191 - Feature sweeping timeout: 86400
2026-02-25 09:50:43.495 - INFO - 43 - azureml.automl.runtime.featurization.data_transformer.__init__:191 - Feature sweeping timeout: 86400
2026-02-25 09:50:43.527 - INFO - 43 - azureml.automl.runtime.ensemble_base._download_model:285 - Downloaded fitted pipeline(s) of size 201810 for child run cyan_curtain_q1xf29lk23_3
2026-02-25 09:50:43.527 - INFO - 43 - azureml.automl.runtime.ensemble_base._download_model:285 - Downloaded fitted pipeline(s) of size 201810 for child run cyan_curtain_q1xf29lk23_3
2026-02-25 09:50:43.540 - INFO - 43 - azureml.automl.runtime.featurization.data_transformer.__init__:190 - Feature sweeping enabled: False
2026-02-25 09:50:43.540 - INFO - 43 - azureml.automl.runtime.featurization.data_transformer.__init__:190 - Feature sweeping enabled: False
2026-02-25 09:50:43.549 - INFO - 43 - azureml.automl.runtime.ensemble_base._download_model:294 - Finished transforming the fitted pipelines for child run cyan_curtain_q1xf29lk23_5 with 5 elements.
2026-02-25 09:50:43.549 - INFO - 43 - azureml.automl.runtime.ensemble_base._download_model:294 - Finished transforming the fitted pipelines for child run cyan_curtain_q1xf29lk23_5 with 5 elements.
2026-02-25 09:50:43.549 - INFO - 43 - azureml.automl.runtime.featurization.data_transformer.__init__:191 - Feature sweeping timeout: 86400
2026-02-25 09:50:43.549 - INFO - 43 - azureml.automl.runtime.featurization.data_transformer.__init__:191 - Feature sweeping timeout: 86400
2026-02-25 09:50:43.603 - INFO - 43 - azureml.automl.runtime.ensemble_base._download_model:285 - Downloaded fitted pipeline(s) of size 1302823 for child run cyan_curtain_q1xf29lk23_1
2026-02-25 09:50:43.603 - INFO - 43 - azureml.automl.runtime.ensemble_base._download_model:285 - Downloaded fitted pipeline(s) of size 1302823 for child run cyan_curtain_q1xf29lk23_1
2026-02-25 09:50:43.605 - INFO - 43 - azureml.automl.runtime.featurization.data_transformer.__init__:190 - Feature sweeping enabled: False
2026-02-25 09:50:43.605 - INFO - 43 - azureml.automl.runtime.featurization.data_transformer.__init__:190 - Feature sweeping enabled: False
2026-02-25 09:50:43.605 - INFO - 43 - azureml.automl.runtime.featurization.data_transformer.__init__:191 - Feature sweeping timeout: 86400
2026-02-25 09:50:43.605 - INFO - 43 - azureml.automl.runtime.featurization.data_transformer.__init__:191 - Feature sweeping timeout: 86400
2026-02-25 09:50:43.619 - INFO - 43 - azureml.automl.runtime.ensemble_base._download_model:285 - Downloaded fitted pipeline(s) of size 1748566 for child run cyan_curtain_q1xf29lk23_0
2026-02-25 09:50:43.619 - INFO - 43 - azureml.automl.runtime.ensemble_base._download_model:285 - Downloaded fitted pipeline(s) of size 1748566 for child run cyan_curtain_q1xf29lk23_0
2026-02-25 09:50:43.626 - INFO - 43 - azureml.automl.runtime.ensemble_base._download_model:285 - Downloaded fitted pipeline(s) of size 1013308 for child run cyan_curtain_q1xf29lk23_4
2026-02-25 09:50:43.626 - INFO - 43 - azureml.automl.runtime.ensemble_base._download_model:285 - Downloaded fitted pipeline(s) of size 1013308 for child run cyan_curtain_q1xf29lk23_4
2026-02-25 09:50:43.628 - INFO - 43 - azureml.automl.runtime.featurization.data_transformer.__init__:190 - Feature sweeping enabled: False
2026-02-25 09:50:43.628 - INFO - 43 - azureml.automl.runtime.featurization.data_transformer.__init__:190 - Feature sweeping enabled: False
2026-02-25 09:50:43.629 - INFO - 43 - azureml.automl.runtime.featurization.data_transformer.__init__:191 - Feature sweeping timeout: 86400
2026-02-25 09:50:43.629 - INFO - 43 - azureml.automl.runtime.featurization.data_transformer.__init__:191 - Feature sweeping timeout: 86400
2026-02-25 09:50:43.642 - INFO - 43 - azureml.automl.runtime.ensemble_base._download_model:294 - Finished transforming the fitted pipelines for child run cyan_curtain_q1xf29lk23_4 with 5 elements.
2026-02-25 09:50:43.642 - INFO - 43 - azureml.automl.runtime.ensemble_base._download_model:294 - Finished transforming the fitted pipelines for child run cyan_curtain_q1xf29lk23_4 with 5 elements.
2026-02-25 09:50:43.643 - INFO - 43 - azureml.automl.runtime.featurization.data_transformer.__init__:190 - Feature sweeping enabled: False
2026-02-25 09:50:43.643 - INFO - 43 - azureml.automl.runtime.featurization.data_transformer.__init__:190 - Feature sweeping enabled: False
2026-02-25 09:50:43.643 - INFO - 43 - azureml.automl.runtime.featurization.data_transformer.__init__:191 - Feature sweeping timeout: 86400
2026-02-25 09:50:43.643 - INFO - 43 - azureml.automl.runtime.featurization.data_transformer.__init__:191 - Feature sweeping timeout: 86400
2026-02-25 09:50:43.648 - INFO - 43 - azureml.automl.runtime.ensemble_base._download_model:285 - Downloaded fitted pipeline(s) of size 879152 for child run cyan_curtain_q1xf29lk23_2
2026-02-25 09:50:43.648 - INFO - 43 - azureml.automl.runtime.ensemble_base._download_model:285 - Downloaded fitted pipeline(s) of size 879152 for child run cyan_curtain_q1xf29lk23_2
2026-02-25 09:50:43.656 - INFO - 43 - azureml.automl.runtime.featurization.data_transformer.__init__:190 - Feature sweeping enabled: False
2026-02-25 09:50:43.656 - INFO - 43 - azureml.automl.runtime.featurization.data_transformer.__init__:190 - Feature sweeping enabled: False
2026-02-25 09:50:43.657 - INFO - 43 - azureml.automl.runtime.featurization.data_transformer.__init__:191 - Feature sweeping timeout: 86400
2026-02-25 09:50:43.657 - INFO - 43 - azureml.automl.runtime.featurization.data_transformer.__init__:191 - Feature sweeping timeout: 86400
2026-02-25 09:50:43.690 - INFO - 43 - azureml.automl.runtime.ensemble_base._download_model:294 - Finished transforming the fitted pipelines for child run cyan_curtain_q1xf29lk23_3 with 5 elements.
2026-02-25 09:50:43.690 - INFO - 43 - azureml.automl.runtime.ensemble_base._download_model:294 - Finished transforming the fitted pipelines for child run cyan_curtain_q1xf29lk23_3 with 5 elements.
2026-02-25 09:50:43.719 - INFO - 43 - azureml.automl.runtime.ensemble_base._download_model:294 - Finished transforming the fitted pipelines for child run cyan_curtain_q1xf29lk23_0 with 5 elements.
2026-02-25 09:50:43.719 - INFO - 43 - azureml.automl.runtime.ensemble_base._download_model:294 - Finished transforming the fitted pipelines for child run cyan_curtain_q1xf29lk23_0 with 5 elements.
2026-02-25 09:50:43.728 - INFO - 43 - azureml.automl.runtime.ensemble_base._download_model:294 - Finished transforming the fitted pipelines for child run cyan_curtain_q1xf29lk23_2 with 5 elements.
2026-02-25 09:50:43.728 - INFO - 43 - azureml.automl.runtime.ensemble_base._download_model:294 - Finished transforming the fitted pipelines for child run cyan_curtain_q1xf29lk23_2 with 5 elements.
2026-02-25 09:50:43.789 - INFO - 43 - azureml.automl.runtime.ensemble_base._download_model:294 - Finished transforming the fitted pipelines for child run cyan_curtain_q1xf29lk23_1 with 5 elements.
2026-02-25 09:50:43.789 - INFO - 43 - azureml.automl.runtime.ensemble_base._download_model:294 - Finished transforming the fitted pipelines for child run cyan_curtain_q1xf29lk23_1 with 5 elements.
2026-02-25 09:50:44.242 - INFO - 43 - azureml.automl.runtime.ensemble_base.fit_ensemble:123 - Fetched 8 fitted pipelines in 1 seconds
2026-02-25 09:50:44.242 - INFO - 43 - azureml.automl.runtime.ensemble_base.fit_ensemble:123 - Fetched 8 fitted pipelines in 1 seconds
2026-02-25 09:50:44.243 - INFO - 43 - azureml.automl.runtime.shared.lazy_file_cache_store.get:426 - Getting data for key: split_keys
2026-02-25 09:50:44.243 - INFO - 43 - azureml.automl.runtime.shared.lazy_file_cache_store.get:426 - Getting data for key: split_keys
2026-02-25 09:50:44.243 - INFO - 43 - azureml.automl.runtime.shared.lazy_file_cache_store.get:426 - Getting data for key: featurized_cv_split_0
2026-02-25 09:50:44.243 - INFO - 43 - azureml.automl.runtime.shared.lazy_file_cache_store.get:426 - Getting data for key: featurized_cv_split_0
2026-02-25 09:50:44.256 - INFO - 43 - azureml.automl.runtime._data_definition.materialized_tabular_data._shrink_dtypes:198 - Current memory usage (X): 0.0267181396484375Mb
2026-02-25 09:50:44.256 - INFO - 43 - azureml.automl.runtime._data_definition.materialized_tabular_data._shrink_dtypes:198 - Current memory usage (X): 0.0267181396484375Mb
2026-02-25 09:50:44.262 - INFO - 43 - azureml.automl.runtime._data_definition.materialized_tabular_data._shrink_dtypes:209 - Memory usage (X) decreased to  0.01 Mb (0.0000% reduction)
2026-02-25 09:50:44.262 - INFO - 43 - azureml.automl.runtime._data_definition.materialized_tabular_data._shrink_dtypes:209 - Memory usage (X) decreased to  0.01 Mb (0.0000% reduction)
2026-02-25 09:50:44.262 - INFO - 43 - azureml.automl.runtime.shared.lazy_file_cache_store.get:426 - Getting data for key: featurized_cv_split_1
2026-02-25 09:50:44.262 - INFO - 43 - azureml.automl.runtime.shared.lazy_file_cache_store.get:426 - Getting data for key: featurized_cv_split_1
2026-02-25 09:50:44.263 - INFO - 43 - azureml.automl.runtime._data_definition.materialized_tabular_data._shrink_dtypes:198 - Current memory usage (X): 0.0267181396484375Mb
2026-02-25 09:50:44.263 - INFO - 43 - azureml.automl.runtime._data_definition.materialized_tabular_data._shrink_dtypes:198 - Current memory usage (X): 0.0267181396484375Mb
2026-02-25 09:50:44.271 - INFO - 43 - azureml.automl.runtime._data_definition.materialized_tabular_data._shrink_dtypes:209 - Memory usage (X) decreased to  0.01 Mb (0.0000% reduction)
2026-02-25 09:50:44.271 - INFO - 43 - azureml.automl.runtime._data_definition.materialized_tabular_data._shrink_dtypes:209 - Memory usage (X) decreased to  0.01 Mb (0.0000% reduction)
2026-02-25 09:50:44.272 - INFO - 43 - azureml.automl.runtime.shared.lazy_file_cache_store.get:426 - Getting data for key: featurized_cv_split_2
2026-02-25 09:50:44.272 - INFO - 43 - azureml.automl.runtime.shared.lazy_file_cache_store.get:426 - Getting data for key: featurized_cv_split_2
2026-02-25 09:50:44.273 - INFO - 43 - azureml.automl.runtime._data_definition.materialized_tabular_data._shrink_dtypes:198 - Current memory usage (X): 0.026611328125Mb
2026-02-25 09:50:44.273 - INFO - 43 - azureml.automl.runtime._data_definition.materialized_tabular_data._shrink_dtypes:198 - Current memory usage (X): 0.026611328125Mb
2026-02-25 09:50:44.278 - INFO - 43 - azureml.automl.runtime._data_definition.materialized_tabular_data._shrink_dtypes:209 - Memory usage (X) decreased to  0.01 Mb (0.0000% reduction)
2026-02-25 09:50:44.278 - INFO - 43 - azureml.automl.runtime._data_definition.materialized_tabular_data._shrink_dtypes:209 - Memory usage (X) decreased to  0.01 Mb (0.0000% reduction)
2026-02-25 09:50:44.278 - INFO - 43 - azureml.automl.runtime.shared.lazy_file_cache_store.get:426 - Getting data for key: featurized_cv_split_3
2026-02-25 09:50:44.278 - INFO - 43 - azureml.automl.runtime.shared.lazy_file_cache_store.get:426 - Getting data for key: featurized_cv_split_3
2026-02-25 09:50:44.280 - INFO - 43 - azureml.automl.runtime._data_definition.materialized_tabular_data._shrink_dtypes:198 - Current memory usage (X): 0.026611328125Mb
2026-02-25 09:50:44.280 - INFO - 43 - azureml.automl.runtime._data_definition.materialized_tabular_data._shrink_dtypes:198 - Current memory usage (X): 0.026611328125Mb
2026-02-25 09:50:44.285 - INFO - 43 - azureml.automl.runtime._data_definition.materialized_tabular_data._shrink_dtypes:209 - Memory usage (X) decreased to  0.01 Mb (0.0000% reduction)
2026-02-25 09:50:44.285 - INFO - 43 - azureml.automl.runtime._data_definition.materialized_tabular_data._shrink_dtypes:209 - Memory usage (X) decreased to  0.01 Mb (0.0000% reduction)
2026-02-25 09:50:44.286 - INFO - 43 - azureml.automl.runtime.shared.lazy_file_cache_store.get:426 - Getting data for key: featurized_cv_split_4
2026-02-25 09:50:44.286 - INFO - 43 - azureml.automl.runtime.shared.lazy_file_cache_store.get:426 - Getting data for key: featurized_cv_split_4
2026-02-25 09:50:44.287 - INFO - 43 - azureml.automl.runtime._data_definition.materialized_tabular_data._shrink_dtypes:198 - Current memory usage (X): 0.026611328125Mb
2026-02-25 09:50:44.287 - INFO - 43 - azureml.automl.runtime._data_definition.materialized_tabular_data._shrink_dtypes:198 - Current memory usage (X): 0.026611328125Mb
2026-02-25 09:50:44.292 - INFO - 43 - azureml.automl.runtime._data_definition.materialized_tabular_data._shrink_dtypes:209 - Memory usage (X) decreased to  0.01 Mb (0.0000% reduction)
2026-02-25 09:50:44.292 - INFO - 43 - azureml.automl.runtime._data_definition.materialized_tabular_data._shrink_dtypes:209 - Memory usage (X) decreased to  0.01 Mb (0.0000% reduction)
2026-02-25 09:50:44.293 - INFO - 43 - azureml.automl.runtime._ml_engine.ensemble.ensemble_selector._compute_models_predictions:303 - Getting out of fold predictions of pipeline index 0 for CV fold 0
2026-02-25 09:50:44.293 - INFO - 43 - azureml.automl.runtime._ml_engine.ensemble.ensemble_selector._compute_models_predictions:303 - Getting out of fold predictions of pipeline index 0 for CV fold 0
2026-02-25 09:50:44.297 - INFO - 43 - azureml.automl.runtime._ml_engine.ensemble.ensemble_selector._compute_models_predictions:303 - Getting out of fold predictions of pipeline index 0 for CV fold 1
2026-02-25 09:50:44.297 - INFO - 43 - azureml.automl.runtime._ml_engine.ensemble.ensemble_selector._compute_models_predictions:303 - Getting out of fold predictions of pipeline index 0 for CV fold 1
2026-02-25 09:50:44.302 - INFO - 43 - azureml.automl.runtime._ml_engine.ensemble.ensemble_selector._compute_models_predictions:303 - Getting out of fold predictions of pipeline index 0 for CV fold 2
2026-02-25 09:50:44.302 - INFO - 43 - azureml.automl.runtime._ml_engine.ensemble.ensemble_selector._compute_models_predictions:303 - Getting out of fold predictions of pipeline index 0 for CV fold 2
2026-02-25 09:50:44.307 - INFO - 43 - azureml.automl.runtime._ml_engine.ensemble.ensemble_selector._compute_models_predictions:303 - Getting out of fold predictions of pipeline index 0 for CV fold 3
2026-02-25 09:50:44.307 - INFO - 43 - azureml.automl.runtime._ml_engine.ensemble.ensemble_selector._compute_models_predictions:303 - Getting out of fold predictions of pipeline index 0 for CV fold 3
2026-02-25 09:50:44.311 - INFO - 43 - azureml.automl.runtime._ml_engine.ensemble.ensemble_selector._compute_models_predictions:303 - Getting out of fold predictions of pipeline index 0 for CV fold 4
2026-02-25 09:50:44.311 - INFO - 43 - azureml.automl.runtime._ml_engine.ensemble.ensemble_selector._compute_models_predictions:303 - Getting out of fold predictions of pipeline index 0 for CV fold 4
2026-02-25 09:50:44.315 - INFO - 43 - azureml.automl.runtime._ml_engine.ensemble.ensemble_selector._compute_models_predictions:303 - Getting out of fold predictions of pipeline index 1 for CV fold 0
2026-02-25 09:50:44.315 - INFO - 43 - azureml.automl.runtime._ml_engine.ensemble.ensemble_selector._compute_models_predictions:303 - Getting out of fold predictions of pipeline index 1 for CV fold 0
2026-02-25 09:50:44.338 - INFO - 43 - azureml.automl.runtime._ml_engine.ensemble.ensemble_selector._compute_models_predictions:303 - Getting out of fold predictions of pipeline index 1 for CV fold 1
2026-02-25 09:50:44.338 - INFO - 43 - azureml.automl.runtime._ml_engine.ensemble.ensemble_selector._compute_models_predictions:303 - Getting out of fold predictions of pipeline index 1 for CV fold 1
2026-02-25 09:50:44.364 - INFO - 43 - azureml.automl.runtime._ml_engine.ensemble.ensemble_selector._compute_models_predictions:303 - Getting out of fold predictions of pipeline index 1 for CV fold 2
2026-02-25 09:50:44.364 - INFO - 43 - azureml.automl.runtime._ml_engine.ensemble.ensemble_selector._compute_models_predictions:303 - Getting out of fold predictions of pipeline index 1 for CV fold 2
2026-02-25 09:50:44.388 - INFO - 43 - azureml.automl.runtime._ml_engine.ensemble.ensemble_selector._compute_models_predictions:303 - Getting out of fold predictions of pipeline index 1 for CV fold 3
2026-02-25 09:50:44.388 - INFO - 43 - azureml.automl.runtime._ml_engine.ensemble.ensemble_selector._compute_models_predictions:303 - Getting out of fold predictions of pipeline index 1 for CV fold 3
2026-02-25 09:50:44.411 - INFO - 43 - azureml.automl.runtime._ml_engine.ensemble.ensemble_selector._compute_models_predictions:303 - Getting out of fold predictions of pipeline index 1 for CV fold 4
2026-02-25 09:50:44.411 - INFO - 43 - azureml.automl.runtime._ml_engine.ensemble.ensemble_selector._compute_models_predictions:303 - Getting out of fold predictions of pipeline index 1 for CV fold 4
2026-02-25 09:50:44.437 - INFO - 43 - azureml.automl.runtime._ml_engine.ensemble.ensemble_selector._compute_models_predictions:303 - Getting out of fold predictions of pipeline index 2 for CV fold 0
2026-02-25 09:50:44.437 - INFO - 43 - azureml.automl.runtime._ml_engine.ensemble.ensemble_selector._compute_models_predictions:303 - Getting out of fold predictions of pipeline index 2 for CV fold 0
2026-02-25 09:50:44.446 - INFO - 43 - azureml.automl.runtime._ml_engine.ensemble.ensemble_selector._compute_models_predictions:303 - Getting out of fold predictions of pipeline index 2 for CV fold 1
2026-02-25 09:50:44.446 - INFO - 43 - azureml.automl.runtime._ml_engine.ensemble.ensemble_selector._compute_models_predictions:303 - Getting out of fold predictions of pipeline index 2 for CV fold 1
2026-02-25 09:50:44.453 - INFO - 43 - azureml.automl.runtime._ml_engine.ensemble.ensemble_selector._compute_models_predictions:303 - Getting out of fold predictions of pipeline index 2 for CV fold 2
2026-02-25 09:50:44.453 - INFO - 43 - azureml.automl.runtime._ml_engine.ensemble.ensemble_selector._compute_models_predictions:303 - Getting out of fold predictions of pipeline index 2 for CV fold 2
2026-02-25 09:50:44.456 - INFO - 43 - azureml.automl.runtime._ml_engine.ensemble.ensemble_selector._compute_models_predictions:303 - Getting out of fold predictions of pipeline index 2 for CV fold 3
2026-02-25 09:50:44.456 - INFO - 43 - azureml.automl.runtime._ml_engine.ensemble.ensemble_selector._compute_models_predictions:303 - Getting out of fold predictions of pipeline index 2 for CV fold 3
2026-02-25 09:50:44.459 - INFO - 43 - azureml.automl.runtime._ml_engine.ensemble.ensemble_selector._compute_models_predictions:303 - Getting out of fold predictions of pipeline index 2 for CV fold 4
2026-02-25 09:50:44.459 - INFO - 43 - azureml.automl.runtime._ml_engine.ensemble.ensemble_selector._compute_models_predictions:303 - Getting out of fold predictions of pipeline index 2 for CV fold 4
2026-02-25 09:50:44.462 - INFO - 43 - azureml.automl.runtime._ml_engine.ensemble.ensemble_selector._compute_models_predictions:303 - Getting out of fold predictions of pipeline index 3 for CV fold 0
2026-02-25 09:50:44.462 - INFO - 43 - azureml.automl.runtime._ml_engine.ensemble.ensemble_selector._compute_models_predictions:303 - Getting out of fold predictions of pipeline index 3 for CV fold 0
2026-02-25 09:50:44.486 - INFO - 43 - azureml.automl.runtime._ml_engine.ensemble.ensemble_selector._compute_models_predictions:303 - Getting out of fold predictions of pipeline index 3 for CV fold 1
2026-02-25 09:50:44.486 - INFO - 43 - azureml.automl.runtime._ml_engine.ensemble.ensemble_selector._compute_models_predictions:303 - Getting out of fold predictions of pipeline index 3 for CV fold 1
2026-02-25 09:50:44.535 - INFO - 43 - azureml.automl.runtime._ml_engine.ensemble.ensemble_selector._compute_models_predictions:303 - Getting out of fold predictions of pipeline index 3 for CV fold 2
2026-02-25 09:50:44.535 - INFO - 43 - azureml.automl.runtime._ml_engine.ensemble.ensemble_selector._compute_models_predictions:303 - Getting out of fold predictions of pipeline index 3 for CV fold 2
2026-02-25 09:50:44.572 - INFO - 43 - azureml.automl.runtime._ml_engine.ensemble.ensemble_selector._compute_models_predictions:303 - Getting out of fold predictions of pipeline index 3 for CV fold 3
2026-02-25 09:50:44.572 - INFO - 43 - azureml.automl.runtime._ml_engine.ensemble.ensemble_selector._compute_models_predictions:303 - Getting out of fold predictions of pipeline index 3 for CV fold 3
2026-02-25 09:50:44.600 - INFO - 43 - azureml.automl.runtime._ml_engine.ensemble.ensemble_selector._compute_models_predictions:303 - Getting out of fold predictions of pipeline index 3 for CV fold 4
2026-02-25 09:50:44.600 - INFO - 43 - azureml.automl.runtime._ml_engine.ensemble.ensemble_selector._compute_models_predictions:303 - Getting out of fold predictions of pipeline index 3 for CV fold 4
2026-02-25 09:50:44.628 - INFO - 43 - azureml.automl.runtime._ml_engine.ensemble.ensemble_selector._compute_models_predictions:303 - Getting out of fold predictions of pipeline index 4 for CV fold 0
2026-02-25 09:50:44.628 - INFO - 43 - azureml.automl.runtime._ml_engine.ensemble.ensemble_selector._compute_models_predictions:303 - Getting out of fold predictions of pipeline index 4 for CV fold 0
2026-02-25 09:50:44.634 - INFO - 43 - azureml.automl.runtime._ml_engine.ensemble.ensemble_selector._compute_models_predictions:303 - Getting out of fold predictions of pipeline index 4 for CV fold 1
2026-02-25 09:50:44.634 - INFO - 43 - azureml.automl.runtime._ml_engine.ensemble.ensemble_selector._compute_models_predictions:303 - Getting out of fold predictions of pipeline index 4 for CV fold 1
2026-02-25 09:50:44.639 - INFO - 43 - azureml.automl.runtime._ml_engine.ensemble.ensemble_selector._compute_models_predictions:303 - Getting out of fold predictions of pipeline index 4 for CV fold 2
2026-02-25 09:50:44.639 - INFO - 43 - azureml.automl.runtime._ml_engine.ensemble.ensemble_selector._compute_models_predictions:303 - Getting out of fold predictions of pipeline index 4 for CV fold 2
2026-02-25 09:50:44.641 - INFO - 43 - azureml.automl.runtime._ml_engine.ensemble.ensemble_selector._compute_models_predictions:303 - Getting out of fold predictions of pipeline index 4 for CV fold 3
2026-02-25 09:50:44.641 - INFO - 43 - azureml.automl.runtime._ml_engine.ensemble.ensemble_selector._compute_models_predictions:303 - Getting out of fold predictions of pipeline index 4 for CV fold 3
2026-02-25 09:50:44.643 - INFO - 43 - azureml.automl.runtime._ml_engine.ensemble.ensemble_selector._compute_models_predictions:303 - Getting out of fold predictions of pipeline index 4 for CV fold 4
2026-02-25 09:50:44.643 - INFO - 43 - azureml.automl.runtime._ml_engine.ensemble.ensemble_selector._compute_models_predictions:303 - Getting out of fold predictions of pipeline index 4 for CV fold 4
2026-02-25 09:50:44.645 - INFO - 43 - azureml.automl.runtime._ml_engine.ensemble.ensemble_selector._compute_models_predictions:303 - Getting out of fold predictions of pipeline index 5 for CV fold 0
2026-02-25 09:50:44.645 - INFO - 43 - azureml.automl.runtime._ml_engine.ensemble.ensemble_selector._compute_models_predictions:303 - Getting out of fold predictions of pipeline index 5 for CV fold 0
2026-02-25 09:50:44.664 - INFO - 43 - azureml.automl.runtime._ml_engine.ensemble.ensemble_selector._compute_models_predictions:303 - Getting out of fold predictions of pipeline index 5 for CV fold 1
2026-02-25 09:50:44.664 - INFO - 43 - azureml.automl.runtime._ml_engine.ensemble.ensemble_selector._compute_models_predictions:303 - Getting out of fold predictions of pipeline index 5 for CV fold 1
2026-02-25 09:50:44.683 - INFO - 43 - azureml.automl.runtime._ml_engine.ensemble.ensemble_selector._compute_models_predictions:303 - Getting out of fold predictions of pipeline index 5 for CV fold 2
2026-02-25 09:50:44.683 - INFO - 43 - azureml.automl.runtime._ml_engine.ensemble.ensemble_selector._compute_models_predictions:303 - Getting out of fold predictions of pipeline index 5 for CV fold 2
2026-02-25 09:50:44.703 - INFO - 43 - azureml.automl.runtime._ml_engine.ensemble.ensemble_selector._compute_models_predictions:303 - Getting out of fold predictions of pipeline index 5 for CV fold 3
2026-02-25 09:50:44.703 - INFO - 43 - azureml.automl.runtime._ml_engine.ensemble.ensemble_selector._compute_models_predictions:303 - Getting out of fold predictions of pipeline index 5 for CV fold 3
2026-02-25 09:50:44.724 - INFO - 43 - azureml.automl.runtime._ml_engine.ensemble.ensemble_selector._compute_models_predictions:303 - Getting out of fold predictions of pipeline index 5 for CV fold 4
2026-02-25 09:50:44.724 - INFO - 43 - azureml.automl.runtime._ml_engine.ensemble.ensemble_selector._compute_models_predictions:303 - Getting out of fold predictions of pipeline index 5 for CV fold 4
2026-02-25 09:50:44.744 - INFO - 43 - azureml.automl.runtime._ml_engine.ensemble.ensemble_selector._compute_models_predictions:303 - Getting out of fold predictions of pipeline index 6 for CV fold 0
2026-02-25 09:50:44.744 - INFO - 43 - azureml.automl.runtime._ml_engine.ensemble.ensemble_selector._compute_models_predictions:303 - Getting out of fold predictions of pipeline index 6 for CV fold 0
2026-02-25 09:50:44.751 - INFO - 43 - azureml.automl.runtime._ml_engine.ensemble.ensemble_selector._compute_models_predictions:303 - Getting out of fold predictions of pipeline index 6 for CV fold 1
2026-02-25 09:50:44.751 - INFO - 43 - azureml.automl.runtime._ml_engine.ensemble.ensemble_selector._compute_models_predictions:303 - Getting out of fold predictions of pipeline index 6 for CV fold 1
2026-02-25 09:50:44.756 - INFO - 43 - azureml.automl.runtime._ml_engine.ensemble.ensemble_selector._compute_models_predictions:303 - Getting out of fold predictions of pipeline index 6 for CV fold 2
2026-02-25 09:50:44.756 - INFO - 43 - azureml.automl.runtime._ml_engine.ensemble.ensemble_selector._compute_models_predictions:303 - Getting out of fold predictions of pipeline index 6 for CV fold 2
2026-02-25 09:50:44.761 - INFO - 43 - azureml.automl.runtime._ml_engine.ensemble.ensemble_selector._compute_models_predictions:303 - Getting out of fold predictions of pipeline index 6 for CV fold 3
2026-02-25 09:50:44.761 - INFO - 43 - azureml.automl.runtime._ml_engine.ensemble.ensemble_selector._compute_models_predictions:303 - Getting out of fold predictions of pipeline index 6 for CV fold 3
2026-02-25 09:50:44.764 - INFO - 43 - azureml.automl.runtime._ml_engine.ensemble.ensemble_selector._compute_models_predictions:303 - Getting out of fold predictions of pipeline index 6 for CV fold 4
2026-02-25 09:50:44.764 - INFO - 43 - azureml.automl.runtime._ml_engine.ensemble.ensemble_selector._compute_models_predictions:303 - Getting out of fold predictions of pipeline index 6 for CV fold 4
2026-02-25 09:50:44.768 - INFO - 43 - azureml.automl.runtime._ml_engine.ensemble.ensemble_selector._compute_models_predictions:303 - Getting out of fold predictions of pipeline index 7 for CV fold 0
2026-02-25 09:50:44.768 - INFO - 43 - azureml.automl.runtime._ml_engine.ensemble.ensemble_selector._compute_models_predictions:303 - Getting out of fold predictions of pipeline index 7 for CV fold 0
2026-02-25 09:50:44.773 - INFO - 43 - azureml.automl.runtime._ml_engine.ensemble.ensemble_selector._compute_models_predictions:303 - Getting out of fold predictions of pipeline index 7 for CV fold 1
2026-02-25 09:50:44.773 - INFO - 43 - azureml.automl.runtime._ml_engine.ensemble.ensemble_selector._compute_models_predictions:303 - Getting out of fold predictions of pipeline index 7 for CV fold 1
2026-02-25 09:50:44.777 - INFO - 43 - azureml.automl.runtime._ml_engine.ensemble.ensemble_selector._compute_models_predictions:303 - Getting out of fold predictions of pipeline index 7 for CV fold 2
2026-02-25 09:50:44.777 - INFO - 43 - azureml.automl.runtime._ml_engine.ensemble.ensemble_selector._compute_models_predictions:303 - Getting out of fold predictions of pipeline index 7 for CV fold 2
2026-02-25 09:50:44.782 - INFO - 43 - azureml.automl.runtime._ml_engine.ensemble.ensemble_selector._compute_models_predictions:303 - Getting out of fold predictions of pipeline index 7 for CV fold 3
2026-02-25 09:50:44.782 - INFO - 43 - azureml.automl.runtime._ml_engine.ensemble.ensemble_selector._compute_models_predictions:303 - Getting out of fold predictions of pipeline index 7 for CV fold 3
2026-02-25 09:50:44.787 - INFO - 43 - azureml.automl.runtime._ml_engine.ensemble.ensemble_selector._compute_models_predictions:303 - Getting out of fold predictions of pipeline index 7 for CV fold 4
2026-02-25 09:50:44.787 - INFO - 43 - azureml.automl.runtime._ml_engine.ensemble.ensemble_selector._compute_models_predictions:303 - Getting out of fold predictions of pipeline index 7 for CV fold 4
2026-02-25 09:50:44.792 - INFO - 43 - azureml.training.tabular.score._validation.log_classification_debug:194 - Classification metrics debug: {'y_test': (249,), 'y_pred_probs': (249, 2), 'unique_y_test': (2,), 'class_labels': (2,), 'train_labels': (2,), 'n_missing_train': 0, 'n_missing_valid': 0, 'sample_weight': None}
2026-02-25 09:50:44.792 - INFO - 43 - azureml.training.tabular.score._validation.log_classification_debug:194 - Classification metrics debug: {'y_test': (249,), 'y_pred_probs': (249, 2), 'unique_y_test': (2,), 'class_labels': (2,), 'train_labels': (2,), 'n_missing_train': 0, 'n_missing_valid': 0, 'sample_weight': None}
2026-02-25 09:50:44.794 - INFO - 43 - azureml.training.tabular.score._scoring_utilities.__init__:522 - No positive_label provided but detected a binary classification task
2026-02-25 09:50:44.794 - INFO - 43 - azureml.training.tabular.score._scoring_utilities.__init__:522 - No positive_label provided but detected a binary classification task
2026-02-25 09:50:44.797 - INFO - 43 - azureml.training.tabular.score._validation.log_classification_debug:194 - Classification metrics debug: {'y_test': (249,), 'y_pred_probs': (249, 2), 'unique_y_test': (2,), 'class_labels': (2,), 'train_labels': (2,), 'n_missing_train': 0, 'n_missing_valid': 0, 'sample_weight': None}
2026-02-25 09:50:44.797 - INFO - 43 - azureml.training.tabular.score._validation.log_classification_debug:194 - Classification metrics debug: {'y_test': (249,), 'y_pred_probs': (249, 2), 'unique_y_test': (2,), 'class_labels': (2,), 'train_labels': (2,), 'n_missing_train': 0, 'n_missing_valid': 0, 'sample_weight': None}
2026-02-25 09:50:44.798 - INFO - 43 - azureml.training.tabular.score._scoring_utilities.__init__:522 - No positive_label provided but detected a binary classification task
2026-02-25 09:50:44.798 - INFO - 43 - azureml.training.tabular.score._scoring_utilities.__init__:522 - No positive_label provided but detected a binary classification task
2026-02-25 09:50:44.801 - INFO - 43 - azureml.training.tabular.score._validation.log_classification_debug:194 - Classification metrics debug: {'y_test': (248,), 'y_pred_probs': (248, 2), 'unique_y_test': (2,), 'class_labels': (2,), 'train_labels': (2,), 'n_missing_train': 0, 'n_missing_valid': 0, 'sample_weight': None}
2026-02-25 09:50:44.801 - INFO - 43 - azureml.training.tabular.score._validation.log_classification_debug:194 - Classification metrics debug: {'y_test': (248,), 'y_pred_probs': (248, 2), 'unique_y_test': (2,), 'class_labels': (2,), 'train_labels': (2,), 'n_missing_train': 0, 'n_missing_valid': 0, 'sample_weight': None}
2026-02-25 09:50:44.802 - INFO - 43 - azureml.training.tabular.score._scoring_utilities.__init__:522 - No positive_label provided but detected a binary classification task
2026-02-25 09:50:44.802 - INFO - 43 - azureml.training.tabular.score._scoring_utilities.__init__:522 - No positive_label provided but detected a binary classification task
2026-02-25 09:50:44.804 - INFO - 43 - azureml.training.tabular.score._validation.log_classification_debug:194 - Classification metrics debug: {'y_test': (248,), 'y_pred_probs': (248, 2), 'unique_y_test': (2,), 'class_labels': (2,), 'train_labels': (2,), 'n_missing_train': 0, 'n_missing_valid': 0, 'sample_weight': None}
2026-02-25 09:50:44.804 - INFO - 43 - azureml.training.tabular.score._validation.log_classification_debug:194 - Classification metrics debug: {'y_test': (248,), 'y_pred_probs': (248, 2), 'unique_y_test': (2,), 'class_labels': (2,), 'train_labels': (2,), 'n_missing_train': 0, 'n_missing_valid': 0, 'sample_weight': None}
2026-02-25 09:50:44.805 - INFO - 43 - azureml.training.tabular.score._scoring_utilities.__init__:522 - No positive_label provided but detected a binary classification task
2026-02-25 09:50:44.805 - INFO - 43 - azureml.training.tabular.score._scoring_utilities.__init__:522 - No positive_label provided but detected a binary classification task
2026-02-25 09:50:44.808 - INFO - 43 - azureml.training.tabular.score._validation.log_classification_debug:194 - Classification metrics debug: {'y_test': (248,), 'y_pred_probs': (248, 2), 'unique_y_test': (2,), 'class_labels': (2,), 'train_labels': (2,), 'n_missing_train': 0, 'n_missing_valid': 0, 'sample_weight': None}
2026-02-25 09:50:44.808 - INFO - 43 - azureml.training.tabular.score._validation.log_classification_debug:194 - Classification metrics debug: {'y_test': (248,), 'y_pred_probs': (248, 2), 'unique_y_test': (2,), 'class_labels': (2,), 'train_labels': (2,), 'n_missing_train': 0, 'n_missing_valid': 0, 'sample_weight': None}
2026-02-25 09:50:44.809 - INFO - 43 - azureml.training.tabular.score._scoring_utilities.__init__:522 - No positive_label provided but detected a binary classification task
2026-02-25 09:50:44.809 - INFO - 43 - azureml.training.tabular.score._scoring_utilities.__init__:522 - No positive_label provided but detected a binary classification task
2026-02-25 09:50:44.813 - INFO - 43 - azureml.training.tabular.score._validation.log_classification_debug:194 - Classification metrics debug: {'y_test': (249,), 'y_pred_probs': (249, 2), 'unique_y_test': (2,), 'class_labels': (2,), 'train_labels': (2,), 'n_missing_train': 0, 'n_missing_valid': 0, 'sample_weight': None}
2026-02-25 09:50:44.813 - INFO - 43 - azureml.training.tabular.score._validation.log_classification_debug:194 - Classification metrics debug: {'y_test': (249,), 'y_pred_probs': (249, 2), 'unique_y_test': (2,), 'class_labels': (2,), 'train_labels': (2,), 'n_missing_train': 0, 'n_missing_valid': 0, 'sample_weight': None}
2026-02-25 09:50:44.814 - INFO - 43 - azureml.training.tabular.score._scoring_utilities.__init__:522 - No positive_label provided but detected a binary classification task
2026-02-25 09:50:44.814 - INFO - 43 - azureml.training.tabular.score._scoring_utilities.__init__:522 - No positive_label provided but detected a binary classification task
2026-02-25 09:50:44.816 - INFO - 43 - azureml.training.tabular.score._validation.log_classification_debug:194 - Classification metrics debug: {'y_test': (249,), 'y_pred_probs': (249, 2), 'unique_y_test': (2,), 'class_labels': (2,), 'train_labels': (2,), 'n_missing_train': 0, 'n_missing_valid': 0, 'sample_weight': None}
2026-02-25 09:50:44.816 - INFO - 43 - azureml.training.tabular.score._validation.log_classification_debug:194 - Classification metrics debug: {'y_test': (249,), 'y_pred_probs': (249, 2), 'unique_y_test': (2,), 'class_labels': (2,), 'train_labels': (2,), 'n_missing_train': 0, 'n_missing_valid': 0, 'sample_weight': None}
2026-02-25 09:50:44.817 - INFO - 43 - azureml.training.tabular.score._scoring_utilities.__init__:522 - No positive_label provided but detected a binary classification task
2026-02-25 09:50:44.817 - INFO - 43 - azureml.training.tabular.score._scoring_utilities.__init__:522 - No positive_label provided but detected a binary classification task
2026-02-25 09:50:44.820 - INFO - 43 - azureml.training.tabular.score._validation.log_classification_debug:194 - Classification metrics debug: {'y_test': (248,), 'y_pred_probs': (248, 2), 'unique_y_test': (2,), 'class_labels': (2,), 'train_labels': (2,), 'n_missing_train': 0, 'n_missing_valid': 0, 'sample_weight': None}
2026-02-25 09:50:44.820 - INFO - 43 - azureml.training.tabular.score._validation.log_classification_debug:194 - Classification metrics debug: {'y_test': (248,), 'y_pred_probs': (248, 2), 'unique_y_test': (2,), 'class_labels': (2,), 'train_labels': (2,), 'n_missing_train': 0, 'n_missing_valid': 0, 'sample_weight': None}
2026-02-25 09:50:44.821 - INFO - 43 - azureml.training.tabular.score._scoring_utilities.__init__:522 - No positive_label provided but detected a binary classification task
2026-02-25 09:50:44.821 - INFO - 43 - azureml.training.tabular.score._scoring_utilities.__init__:522 - No positive_label provided but detected a binary classification task
2026-02-25 09:50:44.824 - INFO - 43 - azureml.training.tabular.score._validation.log_classification_debug:194 - Classification metrics debug: {'y_test': (248,), 'y_pred_probs': (248, 2), 'unique_y_test': (2,), 'class_labels': (2,), 'train_labels': (2,), 'n_missing_train': 0, 'n_missing_valid': 0, 'sample_weight': None}
2026-02-25 09:50:44.824 - INFO - 43 - azureml.training.tabular.score._validation.log_classification_debug:194 - Classification metrics debug: {'y_test': (248,), 'y_pred_probs': (248, 2), 'unique_y_test': (2,), 'class_labels': (2,), 'train_labels': (2,), 'n_missing_train': 0, 'n_missing_valid': 0, 'sample_weight': None}
2026-02-25 09:50:44.825 - INFO - 43 - azureml.training.tabular.score._scoring_utilities.__init__:522 - No positive_label provided but detected a binary classification task
2026-02-25 09:50:44.825 - INFO - 43 - azureml.training.tabular.score._scoring_utilities.__init__:522 - No positive_label provided but detected a binary classification task
2026-02-25 09:50:44.828 - INFO - 43 - azureml.training.tabular.score._validation.log_classification_debug:194 - Classification metrics debug: {'y_test': (248,), 'y_pred_probs': (248, 2), 'unique_y_test': (2,), 'class_labels': (2,), 'train_labels': (2,), 'n_missing_train': 0, 'n_missing_valid': 0, 'sample_weight': None}
2026-02-25 09:50:44.828 - INFO - 43 - azureml.training.tabular.score._validation.log_classification_debug:194 - Classification metrics debug: {'y_test': (248,), 'y_pred_probs': (248, 2), 'unique_y_test': (2,), 'class_labels': (2,), 'train_labels': (2,), 'n_missing_train': 0, 'n_missing_valid': 0, 'sample_weight': None}
2026-02-25 09:50:44.829 - INFO - 43 - azureml.training.tabular.score._scoring_utilities.__init__:522 - No positive_label provided but detected a binary classification task
2026-02-25 09:50:44.829 - INFO - 43 - azureml.training.tabular.score._scoring_utilities.__init__:522 - No positive_label provided but detected a binary classification task
2026-02-25 09:50:44.831 - INFO - 43 - azureml.training.tabular.score._validation.log_classification_debug:194 - Classification metrics debug: {'y_test': (249,), 'y_pred_probs': (249, 2), 'unique_y_test': (2,), 'class_labels': (2,), 'train_labels': (2,), 'n_missing_train': 0, 'n_missing_valid': 0, 'sample_weight': None}
2026-02-25 09:50:44.831 - INFO - 43 - azureml.training.tabular.score._validation.log_classification_debug:194 - Classification metrics debug: {'y_test': (249,), 'y_pred_probs': (249, 2), 'unique_y_test': (2,), 'class_labels': (2,), 'train_labels': (2,), 'n_missing_train': 0, 'n_missing_valid': 0, 'sample_weight': None}
2026-02-25 09:50:44.832 - INFO - 43 - azureml.training.tabular.score._scoring_utilities.__init__:522 - No positive_label provided but detected a binary classification task
2026-02-25 09:50:44.832 - INFO - 43 - azureml.training.tabular.score._scoring_utilities.__init__:522 - No positive_label provided but detected a binary classification task
2026-02-25 09:50:44.835 - INFO - 43 - azureml.training.tabular.score._validation.log_classification_debug:194 - Classification metrics debug: {'y_test': (249,), 'y_pred_probs': (249, 2), 'unique_y_test': (2,), 'class_labels': (2,), 'train_labels': (2,), 'n_missing_train': 0, 'n_missing_valid': 0, 'sample_weight': None}
2026-02-25 09:50:44.835 - INFO - 43 - azureml.training.tabular.score._validation.log_classification_debug:194 - Classification metrics debug: {'y_test': (249,), 'y_pred_probs': (249, 2), 'unique_y_test': (2,), 'class_labels': (2,), 'train_labels': (2,), 'n_missing_train': 0, 'n_missing_valid': 0, 'sample_weight': None}
2026-02-25 09:50:44.836 - INFO - 43 - azureml.training.tabular.score._scoring_utilities.__init__:522 - No positive_label provided but detected a binary classification task
2026-02-25 09:50:44.836 - INFO - 43 - azureml.training.tabular.score._scoring_utilities.__init__:522 - No positive_label provided but detected a binary classification task
2026-02-25 09:50:44.841 - INFO - 43 - azureml.training.tabular.score._validation.log_classification_debug:194 - Classification metrics debug: {'y_test': (248,), 'y_pred_probs': (248, 2), 'unique_y_test': (2,), 'class_labels': (2,), 'train_labels': (2,), 'n_missing_train': 0, 'n_missing_valid': 0, 'sample_weight': None}
2026-02-25 09:50:44.841 - INFO - 43 - azureml.training.tabular.score._validation.log_classification_debug:194 - Classification metrics debug: {'y_test': (248,), 'y_pred_probs': (248, 2), 'unique_y_test': (2,), 'class_labels': (2,), 'train_labels': (2,), 'n_missing_train': 0, 'n_missing_valid': 0, 'sample_weight': None}
2026-02-25 09:50:44.842 - INFO - 43 - azureml.training.tabular.score._scoring_utilities.__init__:522 - No positive_label provided but detected a binary classification task
2026-02-25 09:50:44.842 - INFO - 43 - azureml.training.tabular.score._scoring_utilities.__init__:522 - No positive_label provided but detected a binary classification task
2026-02-25 09:50:44.845 - INFO - 43 - azureml.training.tabular.score._validation.log_classification_debug:194 - Classification metrics debug: {'y_test': (248,), 'y_pred_probs': (248, 2), 'unique_y_test': (2,), 'class_labels': (2,), 'train_labels': (2,), 'n_missing_train': 0, 'n_missing_valid': 0, 'sample_weight': None}
2026-02-25 09:50:44.845 - INFO - 43 - azureml.training.tabular.score._validation.log_classification_debug:194 - Classification metrics debug: {'y_test': (248,), 'y_pred_probs': (248, 2), 'unique_y_test': (2,), 'class_labels': (2,), 'train_labels': (2,), 'n_missing_train': 0, 'n_missing_valid': 0, 'sample_weight': None}
2026-02-25 09:50:44.846 - INFO - 43 - azureml.training.tabular.score._scoring_utilities.__init__:522 - No positive_label provided but detected a binary classification task
2026-02-25 09:50:44.846 - INFO - 43 - azureml.training.tabular.score._scoring_utilities.__init__:522 - No positive_label provided but detected a binary classification task
2026-02-25 09:50:44.849 - INFO - 43 - azureml.training.tabular.score._validation.log_classification_debug:194 - Classification metrics debug: {'y_test': (248,), 'y_pred_probs': (248, 2), 'unique_y_test': (2,), 'class_labels': (2,), 'train_labels': (2,), 'n_missing_train': 0, 'n_missing_valid': 0, 'sample_weight': None}
2026-02-25 09:50:44.849 - INFO - 43 - azureml.training.tabular.score._validation.log_classification_debug:194 - Classification metrics debug: {'y_test': (248,), 'y_pred_probs': (248, 2), 'unique_y_test': (2,), 'class_labels': (2,), 'train_labels': (2,), 'n_missing_train': 0, 'n_missing_valid': 0, 'sample_weight': None}
2026-02-25 09:50:44.850 - INFO - 43 - azureml.training.tabular.score._scoring_utilities.__init__:522 - No positive_label provided but detected a binary classification task
2026-02-25 09:50:44.850 - INFO - 43 - azureml.training.tabular.score._scoring_utilities.__init__:522 - No positive_label provided but detected a binary classification task
2026-02-25 09:50:44.852 - INFO - 43 - azureml.training.tabular.score._validation.log_classification_debug:194 - Classification metrics debug: {'y_test': (249,), 'y_pred_probs': (249, 2), 'unique_y_test': (2,), 'class_labels': (2,), 'train_labels': (2,), 'n_missing_train': 0, 'n_missing_valid': 0, 'sample_weight': None}
2026-02-25 09:50:44.852 - INFO - 43 - azureml.training.tabular.score._validation.log_classification_debug:194 - Classification metrics debug: {'y_test': (249,), 'y_pred_probs': (249, 2), 'unique_y_test': (2,), 'class_labels': (2,), 'train_labels': (2,), 'n_missing_train': 0, 'n_missing_valid': 0, 'sample_weight': None}
2026-02-25 09:50:44.853 - INFO - 43 - azureml.training.tabular.score._scoring_utilities.__init__:522 - No positive_label provided but detected a binary classification task
2026-02-25 09:50:44.853 - INFO - 43 - azureml.training.tabular.score._scoring_utilities.__init__:522 - No positive_label provided but detected a binary classification task
2026-02-25 09:50:44.856 - INFO - 43 - azureml.training.tabular.score._validation.log_classification_debug:194 - Classification metrics debug: {'y_test': (249,), 'y_pred_probs': (249, 2), 'unique_y_test': (2,), 'class_labels': (2,), 'train_labels': (2,), 'n_missing_train': 0, 'n_missing_valid': 0, 'sample_weight': None}
2026-02-25 09:50:44.856 - INFO - 43 - azureml.training.tabular.score._validation.log_classification_debug:194 - Classification metrics debug: {'y_test': (249,), 'y_pred_probs': (249, 2), 'unique_y_test': (2,), 'class_labels': (2,), 'train_labels': (2,), 'n_missing_train': 0, 'n_missing_valid': 0, 'sample_weight': None}
2026-02-25 09:50:44.857 - INFO - 43 - azureml.training.tabular.score._scoring_utilities.__init__:522 - No positive_label provided but detected a binary classification task
2026-02-25 09:50:44.857 - INFO - 43 - azureml.training.tabular.score._scoring_utilities.__init__:522 - No positive_label provided but detected a binary classification task
2026-02-25 09:50:44.860 - INFO - 43 - azureml.training.tabular.score._validation.log_classification_debug:194 - Classification metrics debug: {'y_test': (248,), 'y_pred_probs': (248, 2), 'unique_y_test': (2,), 'class_labels': (2,), 'train_labels': (2,), 'n_missing_train': 0, 'n_missing_valid': 0, 'sample_weight': None}
2026-02-25 09:50:44.860 - INFO - 43 - azureml.training.tabular.score._validation.log_classification_debug:194 - Classification metrics debug: {'y_test': (248,), 'y_pred_probs': (248, 2), 'unique_y_test': (2,), 'class_labels': (2,), 'train_labels': (2,), 'n_missing_train': 0, 'n_missing_valid': 0, 'sample_weight': None}
2026-02-25 09:50:44.861 - INFO - 43 - azureml.training.tabular.score._scoring_utilities.__init__:522 - No positive_label provided but detected a binary classification task
2026-02-25 09:50:44.861 - INFO - 43 - azureml.training.tabular.score._scoring_utilities.__init__:522 - No positive_label provided but detected a binary classification task
2026-02-25 09:50:44.863 - INFO - 43 - azureml.training.tabular.score._validation.log_classification_debug:194 - Classification metrics debug: {'y_test': (248,), 'y_pred_probs': (248, 2), 'unique_y_test': (2,), 'class_labels': (2,), 'train_labels': (2,), 'n_missing_train': 0, 'n_missing_valid': 0, 'sample_weight': None}
2026-02-25 09:50:44.863 - INFO - 43 - azureml.training.tabular.score._validation.log_classification_debug:194 - Classification metrics debug: {'y_test': (248,), 'y_pred_probs': (248, 2), 'unique_y_test': (2,), 'class_labels': (2,), 'train_labels': (2,), 'n_missing_train': 0, 'n_missing_valid': 0, 'sample_weight': None}
2026-02-25 09:50:44.864 - INFO - 43 - azureml.training.tabular.score._scoring_utilities.__init__:522 - No positive_label provided but detected a binary classification task
2026-02-25 09:50:44.864 - INFO - 43 - azureml.training.tabular.score._scoring_utilities.__init__:522 - No positive_label provided but detected a binary classification task
2026-02-25 09:50:44.867 - INFO - 43 - azureml.training.tabular.score._validation.log_classification_debug:194 - Classification metrics debug: {'y_test': (248,), 'y_pred_probs': (248, 2), 'unique_y_test': (2,), 'class_labels': (2,), 'train_labels': (2,), 'n_missing_train': 0, 'n_missing_valid': 0, 'sample_weight': None}
2026-02-25 09:50:44.867 - INFO - 43 - azureml.training.tabular.score._validation.log_classification_debug:194 - Classification metrics debug: {'y_test': (248,), 'y_pred_probs': (248, 2), 'unique_y_test': (2,), 'class_labels': (2,), 'train_labels': (2,), 'n_missing_train': 0, 'n_missing_valid': 0, 'sample_weight': None}
2026-02-25 09:50:44.868 - INFO - 43 - azureml.training.tabular.score._scoring_utilities.__init__:522 - No positive_label provided but detected a binary classification task
2026-02-25 09:50:44.868 - INFO - 43 - azureml.training.tabular.score._scoring_utilities.__init__:522 - No positive_label provided but detected a binary classification task
2026-02-25 09:50:44.870 - INFO - 43 - azureml.training.tabular.score._validation.log_classification_debug:194 - Classification metrics debug: {'y_test': (249,), 'y_pred_probs': (249, 2), 'unique_y_test': (2,), 'class_labels': (2,), 'train_labels': (2,), 'n_missing_train': 0, 'n_missing_valid': 0, 'sample_weight': None}
2026-02-25 09:50:44.870 - INFO - 43 - azureml.training.tabular.score._validation.log_classification_debug:194 - Classification metrics debug: {'y_test': (249,), 'y_pred_probs': (249, 2), 'unique_y_test': (2,), 'class_labels': (2,), 'train_labels': (2,), 'n_missing_train': 0, 'n_missing_valid': 0, 'sample_weight': None}
2026-02-25 09:50:44.872 - INFO - 43 - azureml.training.tabular.score._scoring_utilities.__init__:522 - No positive_label provided but detected a binary classification task
2026-02-25 09:50:44.872 - INFO - 43 - azureml.training.tabular.score._scoring_utilities.__init__:522 - No positive_label provided but detected a binary classification task
2026-02-25 09:50:44.874 - INFO - 43 - azureml.training.tabular.score._validation.log_classification_debug:194 - Classification metrics debug: {'y_test': (249,), 'y_pred_probs': (249, 2), 'unique_y_test': (2,), 'class_labels': (2,), 'train_labels': (2,), 'n_missing_train': 0, 'n_missing_valid': 0, 'sample_weight': None}
2026-02-25 09:50:44.874 - INFO - 43 - azureml.training.tabular.score._validation.log_classification_debug:194 - Classification metrics debug: {'y_test': (249,), 'y_pred_probs': (249, 2), 'unique_y_test': (2,), 'class_labels': (2,), 'train_labels': (2,), 'n_missing_train': 0, 'n_missing_valid': 0, 'sample_weight': None}
2026-02-25 09:50:44.875 - INFO - 43 - azureml.training.tabular.score._scoring_utilities.__init__:522 - No positive_label provided but detected a binary classification task
2026-02-25 09:50:44.875 - INFO - 43 - azureml.training.tabular.score._scoring_utilities.__init__:522 - No positive_label provided but detected a binary classification task
2026-02-25 09:50:44.878 - INFO - 43 - azureml.training.tabular.score._validation.log_classification_debug:194 - Classification metrics debug: {'y_test': (248,), 'y_pred_probs': (248, 2), 'unique_y_test': (2,), 'class_labels': (2,), 'train_labels': (2,), 'n_missing_train': 0, 'n_missing_valid': 0, 'sample_weight': None}
2026-02-25 09:50:44.878 - INFO - 43 - azureml.training.tabular.score._validation.log_classification_debug:194 - Classification metrics debug: {'y_test': (248,), 'y_pred_probs': (248, 2), 'unique_y_test': (2,), 'class_labels': (2,), 'train_labels': (2,), 'n_missing_train': 0, 'n_missing_valid': 0, 'sample_weight': None}
2026-02-25 09:50:44.879 - INFO - 43 - azureml.training.tabular.score._scoring_utilities.__init__:522 - No positive_label provided but detected a binary classification task
2026-02-25 09:50:44.879 - INFO - 43 - azureml.training.tabular.score._scoring_utilities.__init__:522 - No positive_label provided but detected a binary classification task
2026-02-25 09:50:44.881 - INFO - 43 - azureml.training.tabular.score._validation.log_classification_debug:194 - Classification metrics debug: {'y_test': (248,), 'y_pred_probs': (248, 2), 'unique_y_test': (2,), 'class_labels': (2,), 'train_labels': (2,), 'n_missing_train': 0, 'n_missing_valid': 0, 'sample_weight': None}
2026-02-25 09:50:44.881 - INFO - 43 - azureml.training.tabular.score._validation.log_classification_debug:194 - Classification metrics debug: {'y_test': (248,), 'y_pred_probs': (248, 2), 'unique_y_test': (2,), 'class_labels': (2,), 'train_labels': (2,), 'n_missing_train': 0, 'n_missing_valid': 0, 'sample_weight': None}
2026-02-25 09:50:44.882 - INFO - 43 - azureml.training.tabular.score._scoring_utilities.__init__:522 - No positive_label provided but detected a binary classification task
2026-02-25 09:50:44.882 - INFO - 43 - azureml.training.tabular.score._scoring_utilities.__init__:522 - No positive_label provided but detected a binary classification task
2026-02-25 09:50:44.885 - INFO - 43 - azureml.training.tabular.score._validation.log_classification_debug:194 - Classification metrics debug: {'y_test': (248,), 'y_pred_probs': (248, 2), 'unique_y_test': (2,), 'class_labels': (2,), 'train_labels': (2,), 'n_missing_train': 0, 'n_missing_valid': 0, 'sample_weight': None}
2026-02-25 09:50:44.885 - INFO - 43 - azureml.training.tabular.score._validation.log_classification_debug:194 - Classification metrics debug: {'y_test': (248,), 'y_pred_probs': (248, 2), 'unique_y_test': (2,), 'class_labels': (2,), 'train_labels': (2,), 'n_missing_train': 0, 'n_missing_valid': 0, 'sample_weight': None}
2026-02-25 09:50:44.886 - INFO - 43 - azureml.training.tabular.score._scoring_utilities.__init__:522 - No positive_label provided but detected a binary classification task
2026-02-25 09:50:44.886 - INFO - 43 - azureml.training.tabular.score._scoring_utilities.__init__:522 - No positive_label provided but detected a binary classification task
2026-02-25 09:50:44.889 - INFO - 43 - azureml.training.tabular.score._validation.log_classification_debug:194 - Classification metrics debug: {'y_test': (249,), 'y_pred_probs': (249, 2), 'unique_y_test': (2,), 'class_labels': (2,), 'train_labels': (2,), 'n_missing_train': 0, 'n_missing_valid': 0, 'sample_weight': None}
2026-02-25 09:50:44.889 - INFO - 43 - azureml.training.tabular.score._validation.log_classification_debug:194 - Classification metrics debug: {'y_test': (249,), 'y_pred_probs': (249, 2), 'unique_y_test': (2,), 'class_labels': (2,), 'train_labels': (2,), 'n_missing_train': 0, 'n_missing_valid': 0, 'sample_weight': None}
2026-02-25 09:50:44.890 - INFO - 43 - azureml.training.tabular.score._scoring_utilities.__init__:522 - No positive_label provided but detected a binary classification task
2026-02-25 09:50:44.890 - INFO - 43 - azureml.training.tabular.score._scoring_utilities.__init__:522 - No positive_label provided but detected a binary classification task
2026-02-25 09:50:44.892 - INFO - 43 - azureml.training.tabular.score._validation.log_classification_debug:194 - Classification metrics debug: {'y_test': (249,), 'y_pred_probs': (249, 2), 'unique_y_test': (2,), 'class_labels': (2,), 'train_labels': (2,), 'n_missing_train': 0, 'n_missing_valid': 0, 'sample_weight': None}
2026-02-25 09:50:44.892 - INFO - 43 - azureml.training.tabular.score._validation.log_classification_debug:194 - Classification metrics debug: {'y_test': (249,), 'y_pred_probs': (249, 2), 'unique_y_test': (2,), 'class_labels': (2,), 'train_labels': (2,), 'n_missing_train': 0, 'n_missing_valid': 0, 'sample_weight': None}
2026-02-25 09:50:44.893 - INFO - 43 - azureml.training.tabular.score._scoring_utilities.__init__:522 - No positive_label provided but detected a binary classification task
2026-02-25 09:50:44.893 - INFO - 43 - azureml.training.tabular.score._scoring_utilities.__init__:522 - No positive_label provided but detected a binary classification task
2026-02-25 09:50:44.896 - INFO - 43 - azureml.training.tabular.score._validation.log_classification_debug:194 - Classification metrics debug: {'y_test': (248,), 'y_pred_probs': (248, 2), 'unique_y_test': (2,), 'class_labels': (2,), 'train_labels': (2,), 'n_missing_train': 0, 'n_missing_valid': 0, 'sample_weight': None}
2026-02-25 09:50:44.896 - INFO - 43 - azureml.training.tabular.score._validation.log_classification_debug:194 - Classification metrics debug: {'y_test': (248,), 'y_pred_probs': (248, 2), 'unique_y_test': (2,), 'class_labels': (2,), 'train_labels': (2,), 'n_missing_train': 0, 'n_missing_valid': 0, 'sample_weight': None}
2026-02-25 09:50:44.897 - INFO - 43 - azureml.training.tabular.score._scoring_utilities.__init__:522 - No positive_label provided but detected a binary classification task
2026-02-25 09:50:44.897 - INFO - 43 - azureml.training.tabular.score._scoring_utilities.__init__:522 - No positive_label provided but detected a binary classification task
2026-02-25 09:50:44.899 - INFO - 43 - azureml.training.tabular.score._validation.log_classification_debug:194 - Classification metrics debug: {'y_test': (248,), 'y_pred_probs': (248, 2), 'unique_y_test': (2,), 'class_labels': (2,), 'train_labels': (2,), 'n_missing_train': 0, 'n_missing_valid': 0, 'sample_weight': None}
2026-02-25 09:50:44.899 - INFO - 43 - azureml.training.tabular.score._validation.log_classification_debug:194 - Classification metrics debug: {'y_test': (248,), 'y_pred_probs': (248, 2), 'unique_y_test': (2,), 'class_labels': (2,), 'train_labels': (2,), 'n_missing_train': 0, 'n_missing_valid': 0, 'sample_weight': None}
2026-02-25 09:50:44.900 - INFO - 43 - azureml.training.tabular.score._scoring_utilities.__init__:522 - No positive_label provided but detected a binary classification task
2026-02-25 09:50:44.900 - INFO - 43 - azureml.training.tabular.score._scoring_utilities.__init__:522 - No positive_label provided but detected a binary classification task
2026-02-25 09:50:44.903 - INFO - 43 - azureml.training.tabular.score._validation.log_classification_debug:194 - Classification metrics debug: {'y_test': (248,), 'y_pred_probs': (248, 2), 'unique_y_test': (2,), 'class_labels': (2,), 'train_labels': (2,), 'n_missing_train': 0, 'n_missing_valid': 0, 'sample_weight': None}
2026-02-25 09:50:44.903 - INFO - 43 - azureml.training.tabular.score._validation.log_classification_debug:194 - Classification metrics debug: {'y_test': (248,), 'y_pred_probs': (248, 2), 'unique_y_test': (2,), 'class_labels': (2,), 'train_labels': (2,), 'n_missing_train': 0, 'n_missing_valid': 0, 'sample_weight': None}
2026-02-25 09:50:44.904 - INFO - 43 - azureml.training.tabular.score._scoring_utilities.__init__:522 - No positive_label provided but detected a binary classification task
2026-02-25 09:50:44.904 - INFO - 43 - azureml.training.tabular.score._scoring_utilities.__init__:522 - No positive_label provided but detected a binary classification task
2026-02-25 09:50:44.906 - INFO - 43 - azureml.training.tabular.score._validation.log_classification_debug:194 - Classification metrics debug: {'y_test': (249,), 'y_pred_probs': (249, 2), 'unique_y_test': (2,), 'class_labels': (2,), 'train_labels': (2,), 'n_missing_train': 0, 'n_missing_valid': 0, 'sample_weight': None}
2026-02-25 09:50:44.906 - INFO - 43 - azureml.training.tabular.score._validation.log_classification_debug:194 - Classification metrics debug: {'y_test': (249,), 'y_pred_probs': (249, 2), 'unique_y_test': (2,), 'class_labels': (2,), 'train_labels': (2,), 'n_missing_train': 0, 'n_missing_valid': 0, 'sample_weight': None}
2026-02-25 09:50:44.907 - INFO - 43 - azureml.training.tabular.score._scoring_utilities.__init__:522 - No positive_label provided but detected a binary classification task
2026-02-25 09:50:44.907 - INFO - 43 - azureml.training.tabular.score._scoring_utilities.__init__:522 - No positive_label provided but detected a binary classification task
2026-02-25 09:50:44.910 - INFO - 43 - azureml.training.tabular.score._validation.log_classification_debug:194 - Classification metrics debug: {'y_test': (249,), 'y_pred_probs': (249, 2), 'unique_y_test': (2,), 'class_labels': (2,), 'train_labels': (2,), 'n_missing_train': 0, 'n_missing_valid': 0, 'sample_weight': None}
2026-02-25 09:50:44.910 - INFO - 43 - azureml.training.tabular.score._validation.log_classification_debug:194 - Classification metrics debug: {'y_test': (249,), 'y_pred_probs': (249, 2), 'unique_y_test': (2,), 'class_labels': (2,), 'train_labels': (2,), 'n_missing_train': 0, 'n_missing_valid': 0, 'sample_weight': None}
2026-02-25 09:50:44.911 - INFO - 43 - azureml.training.tabular.score._scoring_utilities.__init__:522 - No positive_label provided but detected a binary classification task
2026-02-25 09:50:44.911 - INFO - 43 - azureml.training.tabular.score._scoring_utilities.__init__:522 - No positive_label provided but detected a binary classification task
2026-02-25 09:50:44.913 - INFO - 43 - azureml.training.tabular.score._validation.log_classification_debug:194 - Classification metrics debug: {'y_test': (248,), 'y_pred_probs': (248, 2), 'unique_y_test': (2,), 'class_labels': (2,), 'train_labels': (2,), 'n_missing_train': 0, 'n_missing_valid': 0, 'sample_weight': None}
2026-02-25 09:50:44.913 - INFO - 43 - azureml.training.tabular.score._validation.log_classification_debug:194 - Classification metrics debug: {'y_test': (248,), 'y_pred_probs': (248, 2), 'unique_y_test': (2,), 'class_labels': (2,), 'train_labels': (2,), 'n_missing_train': 0, 'n_missing_valid': 0, 'sample_weight': None}
2026-02-25 09:50:44.915 - INFO - 43 - azureml.training.tabular.score._scoring_utilities.__init__:522 - No positive_label provided but detected a binary classification task
2026-02-25 09:50:44.915 - INFO - 43 - azureml.training.tabular.score._scoring_utilities.__init__:522 - No positive_label provided but detected a binary classification task
2026-02-25 09:50:44.917 - INFO - 43 - azureml.training.tabular.score._validation.log_classification_debug:194 - Classification metrics debug: {'y_test': (248,), 'y_pred_probs': (248, 2), 'unique_y_test': (2,), 'class_labels': (2,), 'train_labels': (2,), 'n_missing_train': 0, 'n_missing_valid': 0, 'sample_weight': None}
2026-02-25 09:50:44.917 - INFO - 43 - azureml.training.tabular.score._validation.log_classification_debug:194 - Classification metrics debug: {'y_test': (248,), 'y_pred_probs': (248, 2), 'unique_y_test': (2,), 'class_labels': (2,), 'train_labels': (2,), 'n_missing_train': 0, 'n_missing_valid': 0, 'sample_weight': None}
2026-02-25 09:50:44.918 - INFO - 43 - azureml.training.tabular.score._scoring_utilities.__init__:522 - No positive_label provided but detected a binary classification task
2026-02-25 09:50:44.918 - INFO - 43 - azureml.training.tabular.score._scoring_utilities.__init__:522 - No positive_label provided but detected a binary classification task
2026-02-25 09:50:44.921 - INFO - 43 - azureml.training.tabular.score._validation.log_classification_debug:194 - Classification metrics debug: {'y_test': (248,), 'y_pred_probs': (248, 2), 'unique_y_test': (2,), 'class_labels': (2,), 'train_labels': (2,), 'n_missing_train': 0, 'n_missing_valid': 0, 'sample_weight': None}
2026-02-25 09:50:44.921 - INFO - 43 - azureml.training.tabular.score._validation.log_classification_debug:194 - Classification metrics debug: {'y_test': (248,), 'y_pred_probs': (248, 2), 'unique_y_test': (2,), 'class_labels': (2,), 'train_labels': (2,), 'n_missing_train': 0, 'n_missing_valid': 0, 'sample_weight': None}
2026-02-25 09:50:44.922 - INFO - 43 - azureml.training.tabular.score._scoring_utilities.__init__:522 - No positive_label provided but detected a binary classification task
2026-02-25 09:50:44.922 - INFO - 43 - azureml.training.tabular.score._scoring_utilities.__init__:522 - No positive_label provided but detected a binary classification task
2026-02-25 09:50:44.924 - INFO - 43 - azureml.training.tabular.score._validation.log_classification_debug:194 - Classification metrics debug: {'y_test': (249,), 'y_pred_probs': (249, 2), 'unique_y_test': (2,), 'class_labels': (2,), 'train_labels': (2,), 'n_missing_train': 0, 'n_missing_valid': 0, 'sample_weight': None}
2026-02-25 09:50:44.924 - INFO - 43 - azureml.training.tabular.score._validation.log_classification_debug:194 - Classification metrics debug: {'y_test': (249,), 'y_pred_probs': (249, 2), 'unique_y_test': (2,), 'class_labels': (2,), 'train_labels': (2,), 'n_missing_train': 0, 'n_missing_valid': 0, 'sample_weight': None}
2026-02-25 09:50:44.925 - INFO - 43 - azureml.training.tabular.score._scoring_utilities.__init__:522 - No positive_label provided but detected a binary classification task
2026-02-25 09:50:44.925 - INFO - 43 - azureml.training.tabular.score._scoring_utilities.__init__:522 - No positive_label provided but detected a binary classification task
2026-02-25 09:50:44.928 - INFO - 43 - azureml.training.tabular.score._validation.log_classification_debug:194 - Classification metrics debug: {'y_test': (249,), 'y_pred_probs': (249, 2), 'unique_y_test': (2,), 'class_labels': (2,), 'train_labels': (2,), 'n_missing_train': 0, 'n_missing_valid': 0, 'sample_weight': None}
2026-02-25 09:50:44.928 - INFO - 43 - azureml.training.tabular.score._validation.log_classification_debug:194 - Classification metrics debug: {'y_test': (249,), 'y_pred_probs': (249, 2), 'unique_y_test': (2,), 'class_labels': (2,), 'train_labels': (2,), 'n_missing_train': 0, 'n_missing_valid': 0, 'sample_weight': None}
2026-02-25 09:50:44.929 - INFO - 43 - azureml.training.tabular.score._scoring_utilities.__init__:522 - No positive_label provided but detected a binary classification task
2026-02-25 09:50:44.929 - INFO - 43 - azureml.training.tabular.score._scoring_utilities.__init__:522 - No positive_label provided but detected a binary classification task
2026-02-25 09:50:44.931 - INFO - 43 - azureml.training.tabular.score._validation.log_classification_debug:194 - Classification metrics debug: {'y_test': (248,), 'y_pred_probs': (248, 2), 'unique_y_test': (2,), 'class_labels': (2,), 'train_labels': (2,), 'n_missing_train': 0, 'n_missing_valid': 0, 'sample_weight': None}
2026-02-25 09:50:44.931 - INFO - 43 - azureml.training.tabular.score._validation.log_classification_debug:194 - Classification metrics debug: {'y_test': (248,), 'y_pred_probs': (248, 2), 'unique_y_test': (2,), 'class_labels': (2,), 'train_labels': (2,), 'n_missing_train': 0, 'n_missing_valid': 0, 'sample_weight': None}
2026-02-25 09:50:44.932 - INFO - 43 - azureml.training.tabular.score._scoring_utilities.__init__:522 - No positive_label provided but detected a binary classification task
2026-02-25 09:50:44.932 - INFO - 43 - azureml.training.tabular.score._scoring_utilities.__init__:522 - No positive_label provided but detected a binary classification task
2026-02-25 09:50:44.935 - INFO - 43 - azureml.training.tabular.score._validation.log_classification_debug:194 - Classification metrics debug: {'y_test': (248,), 'y_pred_probs': (248, 2), 'unique_y_test': (2,), 'class_labels': (2,), 'train_labels': (2,), 'n_missing_train': 0, 'n_missing_valid': 0, 'sample_weight': None}
2026-02-25 09:50:44.935 - INFO - 43 - azureml.training.tabular.score._validation.log_classification_debug:194 - Classification metrics debug: {'y_test': (248,), 'y_pred_probs': (248, 2), 'unique_y_test': (2,), 'class_labels': (2,), 'train_labels': (2,), 'n_missing_train': 0, 'n_missing_valid': 0, 'sample_weight': None}
2026-02-25 09:50:44.936 - INFO - 43 - azureml.training.tabular.score._scoring_utilities.__init__:522 - No positive_label provided but detected a binary classification task
2026-02-25 09:50:44.936 - INFO - 43 - azureml.training.tabular.score._scoring_utilities.__init__:522 - No positive_label provided but detected a binary classification task
2026-02-25 09:50:44.940 - INFO - 43 - azureml.training.tabular.score._validation.log_classification_debug:194 - Classification metrics debug: {'y_test': (248,), 'y_pred_probs': (248, 2), 'unique_y_test': (2,), 'class_labels': (2,), 'train_labels': (2,), 'n_missing_train': 0, 'n_missing_valid': 0, 'sample_weight': None}
2026-02-25 09:50:44.940 - INFO - 43 - azureml.training.tabular.score._validation.log_classification_debug:194 - Classification metrics debug: {'y_test': (248,), 'y_pred_probs': (248, 2), 'unique_y_test': (2,), 'class_labels': (2,), 'train_labels': (2,), 'n_missing_train': 0, 'n_missing_valid': 0, 'sample_weight': None}
2026-02-25 09:50:44.941 - INFO - 43 - azureml.training.tabular.score._scoring_utilities.__init__:522 - No positive_label provided but detected a binary classification task
2026-02-25 09:50:44.941 - INFO - 43 - azureml.training.tabular.score._scoring_utilities.__init__:522 - No positive_label provided but detected a binary classification task
2026-02-25 09:50:44.943 - INFO - 43 - azureml.automl.runtime._ml_engine.ensemble.ensemble_selector.select:139 - Single models scores: [0.91624887 0.91462949 0.80915598 0.78984972 0.7688917  0.754395
 0.73995984 0.6650732 ]
2026-02-25 09:50:44.943 - INFO - 43 - azureml.automl.runtime._ml_engine.ensemble.ensemble_selector.select:139 - Single models scores: [0.91624887 0.91462949 0.80915598 0.78984972 0.7688917  0.754395
 0.73995984 0.6650732 ]
2026-02-25 09:50:44.944 - INFO - 43 - azureml.training.tabular.score._validation.log_classification_debug:194 - Classification metrics debug: {'y_test': (249,), 'y_pred_probs': (249, 2), 'unique_y_test': (2,), 'class_labels': (2,), 'train_labels': (2,), 'n_missing_train': 0, 'n_missing_valid': 0, 'sample_weight': None}
2026-02-25 09:50:44.944 - INFO - 43 - azureml.training.tabular.score._validation.log_classification_debug:194 - Classification metrics debug: {'y_test': (249,), 'y_pred_probs': (249, 2), 'unique_y_test': (2,), 'class_labels': (2,), 'train_labels': (2,), 'n_missing_train': 0, 'n_missing_valid': 0, 'sample_weight': None}
2026-02-25 09:50:44.946 - INFO - 43 - azureml.training.tabular.score._scoring_utilities.__init__:522 - No positive_label provided but detected a binary classification task
2026-02-25 09:50:44.946 - INFO - 43 - azureml.training.tabular.score._scoring_utilities.__init__:522 - No positive_label provided but detected a binary classification task
2026-02-25 09:50:44.948 - INFO - 43 - azureml.training.tabular.score._validation.log_classification_debug:194 - Classification metrics debug: {'y_test': (249,), 'y_pred_probs': (249, 2), 'unique_y_test': (2,), 'class_labels': (2,), 'train_labels': (2,), 'n_missing_train': 0, 'n_missing_valid': 0, 'sample_weight': None}
2026-02-25 09:50:44.948 - INFO - 43 - azureml.training.tabular.score._validation.log_classification_debug:194 - Classification metrics debug: {'y_test': (249,), 'y_pred_probs': (249, 2), 'unique_y_test': (2,), 'class_labels': (2,), 'train_labels': (2,), 'n_missing_train': 0, 'n_missing_valid': 0, 'sample_weight': None}
2026-02-25 09:50:44.949 - INFO - 43 - azureml.training.tabular.score._scoring_utilities.__init__:522 - No positive_label provided but detected a binary classification task
2026-02-25 09:50:44.949 - INFO - 43 - azureml.training.tabular.score._scoring_utilities.__init__:522 - No positive_label provided but detected a binary classification task
2026-02-25 09:50:44.952 - INFO - 43 - azureml.training.tabular.score._validation.log_classification_debug:194 - Classification metrics debug: {'y_test': (248,), 'y_pred_probs': (248, 2), 'unique_y_test': (2,), 'class_labels': (2,), 'train_labels': (2,), 'n_missing_train': 0, 'n_missing_valid': 0, 'sample_weight': None}
2026-02-25 09:50:44.952 - INFO - 43 - azureml.training.tabular.score._validation.log_classification_debug:194 - Classification metrics debug: {'y_test': (248,), 'y_pred_probs': (248, 2), 'unique_y_test': (2,), 'class_labels': (2,), 'train_labels': (2,), 'n_missing_train': 0, 'n_missing_valid': 0, 'sample_weight': None}
2026-02-25 09:50:44.953 - INFO - 43 - azureml.training.tabular.score._scoring_utilities.__init__:522 - No positive_label provided but detected a binary classification task
2026-02-25 09:50:44.953 - INFO - 43 - azureml.training.tabular.score._scoring_utilities.__init__:522 - No positive_label provided but detected a binary classification task
2026-02-25 09:50:44.955 - INFO - 43 - azureml.training.tabular.score._validation.log_classification_debug:194 - Classification metrics debug: {'y_test': (248,), 'y_pred_probs': (248, 2), 'unique_y_test': (2,), 'class_labels': (2,), 'train_labels': (2,), 'n_missing_train': 0, 'n_missing_valid': 0, 'sample_weight': None}
2026-02-25 09:50:44.955 - INFO - 43 - azureml.training.tabular.score._validation.log_classification_debug:194 - Classification metrics debug: {'y_test': (248,), 'y_pred_probs': (248, 2), 'unique_y_test': (2,), 'class_labels': (2,), 'train_labels': (2,), 'n_missing_train': 0, 'n_missing_valid': 0, 'sample_weight': None}
2026-02-25 09:50:44.956 - INFO - 43 - azureml.training.tabular.score._scoring_utilities.__init__:522 - No positive_label provided but detected a binary classification task
2026-02-25 09:50:44.956 - INFO - 43 - azureml.training.tabular.score._scoring_utilities.__init__:522 - No positive_label provided but detected a binary classification task
2026-02-25 09:50:44.959 - INFO - 43 - azureml.training.tabular.score._validation.log_classification_debug:194 - Classification metrics debug: {'y_test': (248,), 'y_pred_probs': (248, 2), 'unique_y_test': (2,), 'class_labels': (2,), 'train_labels': (2,), 'n_missing_train': 0, 'n_missing_valid': 0, 'sample_weight': None}
2026-02-25 09:50:44.959 - INFO - 43 - azureml.training.tabular.score._validation.log_classification_debug:194 - Classification metrics debug: {'y_test': (248,), 'y_pred_probs': (248, 2), 'unique_y_test': (2,), 'class_labels': (2,), 'train_labels': (2,), 'n_missing_train': 0, 'n_missing_valid': 0, 'sample_weight': None}
2026-02-25 09:50:44.960 - INFO - 43 - azureml.training.tabular.score._scoring_utilities.__init__:522 - No positive_label provided but detected a binary classification task
2026-02-25 09:50:44.960 - INFO - 43 - azureml.training.tabular.score._scoring_utilities.__init__:522 - No positive_label provided but detected a binary classification task
2026-02-25 09:50:44.962 - INFO - 43 - azureml.automl.runtime._ml_engine.ensemble.ensemble_selector.select:170 - Starting ensemble hill climbing. Current ensemble: [0, 1], current score: 0.9186617437491902
2026-02-25 09:50:44.962 - INFO - 43 - azureml.automl.runtime._ml_engine.ensemble.ensemble_selector.select:170 - Starting ensemble hill climbing. Current ensemble: [0, 1], current score: 0.9186617437491902
2026-02-25 09:50:44.963 - INFO - 43 - azureml.training.tabular.score._validation.log_classification_debug:194 - Classification metrics debug: {'y_test': (249,), 'y_pred_probs': (249, 2), 'unique_y_test': (2,), 'class_labels': (2,), 'train_labels': (2,), 'n_missing_train': 0, 'n_missing_valid': 0, 'sample_weight': None}
2026-02-25 09:50:44.963 - INFO - 43 - azureml.training.tabular.score._validation.log_classification_debug:194 - Classification metrics debug: {'y_test': (249,), 'y_pred_probs': (249, 2), 'unique_y_test': (2,), 'class_labels': (2,), 'train_labels': (2,), 'n_missing_train': 0, 'n_missing_valid': 0, 'sample_weight': None}
2026-02-25 09:50:44.964 - INFO - 43 - azureml.training.tabular.score._scoring_utilities.__init__:522 - No positive_label provided but detected a binary classification task
2026-02-25 09:50:44.964 - INFO - 43 - azureml.training.tabular.score._scoring_utilities.__init__:522 - No positive_label provided but detected a binary classification task
2026-02-25 09:50:44.967 - INFO - 43 - azureml.training.tabular.score._validation.log_classification_debug:194 - Classification metrics debug: {'y_test': (249,), 'y_pred_probs': (249, 2), 'unique_y_test': (2,), 'class_labels': (2,), 'train_labels': (2,), 'n_missing_train': 0, 'n_missing_valid': 0, 'sample_weight': None}
2026-02-25 09:50:44.967 - INFO - 43 - azureml.training.tabular.score._validation.log_classification_debug:194 - Classification metrics debug: {'y_test': (249,), 'y_pred_probs': (249, 2), 'unique_y_test': (2,), 'class_labels': (2,), 'train_labels': (2,), 'n_missing_train': 0, 'n_missing_valid': 0, 'sample_weight': None}
2026-02-25 09:50:44.968 - INFO - 43 - azureml.training.tabular.score._scoring_utilities.__init__:522 - No positive_label provided but detected a binary classification task
2026-02-25 09:50:44.968 - INFO - 43 - azureml.training.tabular.score._scoring_utilities.__init__:522 - No positive_label provided but detected a binary classification task
2026-02-25 09:50:44.970 - INFO - 43 - azureml.training.tabular.score._validation.log_classification_debug:194 - Classification metrics debug: {'y_test': (248,), 'y_pred_probs': (248, 2), 'unique_y_test': (2,), 'class_labels': (2,), 'train_labels': (2,), 'n_missing_train': 0, 'n_missing_valid': 0, 'sample_weight': None}
2026-02-25 09:50:44.970 - INFO - 43 - azureml.training.tabular.score._validation.log_classification_debug:194 - Classification metrics debug: {'y_test': (248,), 'y_pred_probs': (248, 2), 'unique_y_test': (2,), 'class_labels': (2,), 'train_labels': (2,), 'n_missing_train': 0, 'n_missing_valid': 0, 'sample_weight': None}
2026-02-25 09:50:44.971 - INFO - 43 - azureml.training.tabular.score._scoring_utilities.__init__:522 - No positive_label provided but detected a binary classification task
2026-02-25 09:50:44.971 - INFO - 43 - azureml.training.tabular.score._scoring_utilities.__init__:522 - No positive_label provided but detected a binary classification task
2026-02-25 09:50:44.972 - INFO - 43 - azureml.training.tabular.score._validation.log_classification_debug:194 - Classification metrics debug: {'y_test': (248,), 'y_pred_probs': (248, 2), 'unique_y_test': (2,), 'class_labels': (2,), 'train_labels': (2,), 'n_missing_train': 0, 'n_missing_valid': 0, 'sample_weight': None}
2026-02-25 09:50:44.972 - INFO - 43 - azureml.training.tabular.score._validation.log_classification_debug:194 - Classification metrics debug: {'y_test': (248,), 'y_pred_probs': (248, 2), 'unique_y_test': (2,), 'class_labels': (2,), 'train_labels': (2,), 'n_missing_train': 0, 'n_missing_valid': 0, 'sample_weight': None}
2026-02-25 09:50:44.973 - INFO - 43 - azureml.training.tabular.score._scoring_utilities.__init__:522 - No positive_label provided but detected a binary classification task
2026-02-25 09:50:44.973 - INFO - 43 - azureml.training.tabular.score._scoring_utilities.__init__:522 - No positive_label provided but detected a binary classification task
2026-02-25 09:50:44.975 - INFO - 43 - azureml.training.tabular.score._validation.log_classification_debug:194 - Classification metrics debug: {'y_test': (248,), 'y_pred_probs': (248, 2), 'unique_y_test': (2,), 'class_labels': (2,), 'train_labels': (2,), 'n_missing_train': 0, 'n_missing_valid': 0, 'sample_weight': None}
2026-02-25 09:50:44.975 - INFO - 43 - azureml.training.tabular.score._validation.log_classification_debug:194 - Classification metrics debug: {'y_test': (248,), 'y_pred_probs': (248, 2), 'unique_y_test': (2,), 'class_labels': (2,), 'train_labels': (2,), 'n_missing_train': 0, 'n_missing_valid': 0, 'sample_weight': None}
2026-02-25 09:50:44.976 - INFO - 43 - azureml.training.tabular.score._scoring_utilities.__init__:522 - No positive_label provided but detected a binary classification task
2026-02-25 09:50:44.976 - INFO - 43 - azureml.training.tabular.score._scoring_utilities.__init__:522 - No positive_label provided but detected a binary classification task
2026-02-25 09:50:44.978 - INFO - 43 - azureml.training.tabular.score._validation.log_classification_debug:194 - Classification metrics debug: {'y_test': (249,), 'y_pred_probs': (249, 2), 'unique_y_test': (2,), 'class_labels': (2,), 'train_labels': (2,), 'n_missing_train': 0, 'n_missing_valid': 0, 'sample_weight': None}
2026-02-25 09:50:44.978 - INFO - 43 - azureml.training.tabular.score._validation.log_classification_debug:194 - Classification metrics debug: {'y_test': (249,), 'y_pred_probs': (249, 2), 'unique_y_test': (2,), 'class_labels': (2,), 'train_labels': (2,), 'n_missing_train': 0, 'n_missing_valid': 0, 'sample_weight': None}
2026-02-25 09:50:44.979 - INFO - 43 - azureml.training.tabular.score._scoring_utilities.__init__:522 - No positive_label provided but detected a binary classification task
2026-02-25 09:50:44.979 - INFO - 43 - azureml.training.tabular.score._scoring_utilities.__init__:522 - No positive_label provided but detected a binary classification task
2026-02-25 09:50:44.981 - INFO - 43 - azureml.training.tabular.score._validation.log_classification_debug:194 - Classification metrics debug: {'y_test': (249,), 'y_pred_probs': (249, 2), 'unique_y_test': (2,), 'class_labels': (2,), 'train_labels': (2,), 'n_missing_train': 0, 'n_missing_valid': 0, 'sample_weight': None}
2026-02-25 09:50:44.981 - INFO - 43 - azureml.training.tabular.score._validation.log_classification_debug:194 - Classification metrics debug: {'y_test': (249,), 'y_pred_probs': (249, 2), 'unique_y_test': (2,), 'class_labels': (2,), 'train_labels': (2,), 'n_missing_train': 0, 'n_missing_valid': 0, 'sample_weight': None}
2026-02-25 09:50:44.982 - INFO - 43 - azureml.training.tabular.score._scoring_utilities.__init__:522 - No positive_label provided but detected a binary classification task
2026-02-25 09:50:44.982 - INFO - 43 - azureml.training.tabular.score._scoring_utilities.__init__:522 - No positive_label provided but detected a binary classification task
2026-02-25 09:50:44.984 - INFO - 43 - azureml.training.tabular.score._validation.log_classification_debug:194 - Classification metrics debug: {'y_test': (248,), 'y_pred_probs': (248, 2), 'unique_y_test': (2,), 'class_labels': (2,), 'train_labels': (2,), 'n_missing_train': 0, 'n_missing_valid': 0, 'sample_weight': None}
2026-02-25 09:50:44.984 - INFO - 43 - azureml.training.tabular.score._validation.log_classification_debug:194 - Classification metrics debug: {'y_test': (248,), 'y_pred_probs': (248, 2), 'unique_y_test': (2,), 'class_labels': (2,), 'train_labels': (2,), 'n_missing_train': 0, 'n_missing_valid': 0, 'sample_weight': None}
2026-02-25 09:50:44.985 - INFO - 43 - azureml.training.tabular.score._scoring_utilities.__init__:522 - No positive_label provided but detected a binary classification task
2026-02-25 09:50:44.985 - INFO - 43 - azureml.training.tabular.score._scoring_utilities.__init__:522 - No positive_label provided but detected a binary classification task
2026-02-25 09:50:44.986 - INFO - 43 - azureml.training.tabular.score._validation.log_classification_debug:194 - Classification metrics debug: {'y_test': (248,), 'y_pred_probs': (248, 2), 'unique_y_test': (2,), 'class_labels': (2,), 'train_labels': (2,), 'n_missing_train': 0, 'n_missing_valid': 0, 'sample_weight': None}
2026-02-25 09:50:44.986 - INFO - 43 - azureml.training.tabular.score._validation.log_classification_debug:194 - Classification metrics debug: {'y_test': (248,), 'y_pred_probs': (248, 2), 'unique_y_test': (2,), 'class_labels': (2,), 'train_labels': (2,), 'n_missing_train': 0, 'n_missing_valid': 0, 'sample_weight': None}
2026-02-25 09:50:44.987 - INFO - 43 - azureml.training.tabular.score._scoring_utilities.__init__:522 - No positive_label provided but detected a binary classification task
2026-02-25 09:50:44.987 - INFO - 43 - azureml.training.tabular.score._scoring_utilities.__init__:522 - No positive_label provided but detected a binary classification task
2026-02-25 09:50:44.989 - INFO - 43 - azureml.training.tabular.score._validation.log_classification_debug:194 - Classification metrics debug: {'y_test': (248,), 'y_pred_probs': (248, 2), 'unique_y_test': (2,), 'class_labels': (2,), 'train_labels': (2,), 'n_missing_train': 0, 'n_missing_valid': 0, 'sample_weight': None}
2026-02-25 09:50:44.989 - INFO - 43 - azureml.training.tabular.score._validation.log_classification_debug:194 - Classification metrics debug: {'y_test': (248,), 'y_pred_probs': (248, 2), 'unique_y_test': (2,), 'class_labels': (2,), 'train_labels': (2,), 'n_missing_train': 0, 'n_missing_valid': 0, 'sample_weight': None}
2026-02-25 09:50:44.990 - INFO - 43 - azureml.training.tabular.score._scoring_utilities.__init__:522 - No positive_label provided but detected a binary classification task
2026-02-25 09:50:44.990 - INFO - 43 - azureml.training.tabular.score._scoring_utilities.__init__:522 - No positive_label provided but detected a binary classification task
2026-02-25 09:50:44.992 - INFO - 43 - azureml.training.tabular.score._validation.log_classification_debug:194 - Classification metrics debug: {'y_test': (249,), 'y_pred_probs': (249, 2), 'unique_y_test': (2,), 'class_labels': (2,), 'train_labels': (2,), 'n_missing_train': 0, 'n_missing_valid': 0, 'sample_weight': None}
2026-02-25 09:50:44.992 - INFO - 43 - azureml.training.tabular.score._validation.log_classification_debug:194 - Classification metrics debug: {'y_test': (249,), 'y_pred_probs': (249, 2), 'unique_y_test': (2,), 'class_labels': (2,), 'train_labels': (2,), 'n_missing_train': 0, 'n_missing_valid': 0, 'sample_weight': None}
2026-02-25 09:50:44.993 - INFO - 43 - azureml.training.tabular.score._scoring_utilities.__init__:522 - No positive_label provided but detected a binary classification task
2026-02-25 09:50:44.993 - INFO - 43 - azureml.training.tabular.score._scoring_utilities.__init__:522 - No positive_label provided but detected a binary classification task
2026-02-25 09:50:44.995 - INFO - 43 - azureml.training.tabular.score._validation.log_classification_debug:194 - Classification metrics debug: {'y_test': (249,), 'y_pred_probs': (249, 2), 'unique_y_test': (2,), 'class_labels': (2,), 'train_labels': (2,), 'n_missing_train': 0, 'n_missing_valid': 0, 'sample_weight': None}
2026-02-25 09:50:44.995 - INFO - 43 - azureml.training.tabular.score._validation.log_classification_debug:194 - Classification metrics debug: {'y_test': (249,), 'y_pred_probs': (249, 2), 'unique_y_test': (2,), 'class_labels': (2,), 'train_labels': (2,), 'n_missing_train': 0, 'n_missing_valid': 0, 'sample_weight': None}
2026-02-25 09:50:44.996 - INFO - 43 - azureml.training.tabular.score._scoring_utilities.__init__:522 - No positive_label provided but detected a binary classification task
2026-02-25 09:50:44.996 - INFO - 43 - azureml.training.tabular.score._scoring_utilities.__init__:522 - No positive_label provided but detected a binary classification task
2026-02-25 09:50:44.998 - INFO - 43 - azureml.training.tabular.score._validation.log_classification_debug:194 - Classification metrics debug: {'y_test': (248,), 'y_pred_probs': (248, 2), 'unique_y_test': (2,), 'class_labels': (2,), 'train_labels': (2,), 'n_missing_train': 0, 'n_missing_valid': 0, 'sample_weight': None}
2026-02-25 09:50:44.998 - INFO - 43 - azureml.training.tabular.score._validation.log_classification_debug:194 - Classification metrics debug: {'y_test': (248,), 'y_pred_probs': (248, 2), 'unique_y_test': (2,), 'class_labels': (2,), 'train_labels': (2,), 'n_missing_train': 0, 'n_missing_valid': 0, 'sample_weight': None}
2026-02-25 09:50:44.999 - INFO - 43 - azureml.training.tabular.score._scoring_utilities.__init__:522 - No positive_label provided but detected a binary classification task
2026-02-25 09:50:44.999 - INFO - 43 - azureml.training.tabular.score._scoring_utilities.__init__:522 - No positive_label provided but detected a binary classification task
2026-02-25 09:50:45.001 - INFO - 43 - azureml.training.tabular.score._validation.log_classification_debug:194 - Classification metrics debug: {'y_test': (248,), 'y_pred_probs': (248, 2), 'unique_y_test': (2,), 'class_labels': (2,), 'train_labels': (2,), 'n_missing_train': 0, 'n_missing_valid': 0, 'sample_weight': None}
2026-02-25 09:50:45.001 - INFO - 43 - azureml.training.tabular.score._validation.log_classification_debug:194 - Classification metrics debug: {'y_test': (248,), 'y_pred_probs': (248, 2), 'unique_y_test': (2,), 'class_labels': (2,), 'train_labels': (2,), 'n_missing_train': 0, 'n_missing_valid': 0, 'sample_weight': None}
2026-02-25 09:50:45.002 - INFO - 43 - azureml.training.tabular.score._scoring_utilities.__init__:522 - No positive_label provided but detected a binary classification task
2026-02-25 09:50:45.002 - INFO - 43 - azureml.training.tabular.score._scoring_utilities.__init__:522 - No positive_label provided but detected a binary classification task
2026-02-25 09:50:45.003 - INFO - 43 - azureml.training.tabular.score._validation.log_classification_debug:194 - Classification metrics debug: {'y_test': (248,), 'y_pred_probs': (248, 2), 'unique_y_test': (2,), 'class_labels': (2,), 'train_labels': (2,), 'n_missing_train': 0, 'n_missing_valid': 0, 'sample_weight': None}
2026-02-25 09:50:45.003 - INFO - 43 - azureml.training.tabular.score._validation.log_classification_debug:194 - Classification metrics debug: {'y_test': (248,), 'y_pred_probs': (248, 2), 'unique_y_test': (2,), 'class_labels': (2,), 'train_labels': (2,), 'n_missing_train': 0, 'n_missing_valid': 0, 'sample_weight': None}
2026-02-25 09:50:45.006 - INFO - 43 - azureml.training.tabular.score._scoring_utilities.__init__:522 - No positive_label provided but detected a binary classification task
2026-02-25 09:50:45.006 - INFO - 43 - azureml.training.tabular.score._scoring_utilities.__init__:522 - No positive_label provided but detected a binary classification task
2026-02-25 09:50:45.009 - INFO - 43 - azureml.training.tabular.score._validation.log_classification_debug:194 - Classification metrics debug: {'y_test': (249,), 'y_pred_probs': (249, 2), 'unique_y_test': (2,), 'class_labels': (2,), 'train_labels': (2,), 'n_missing_train': 0, 'n_missing_valid': 0, 'sample_weight': None}
2026-02-25 09:50:45.009 - INFO - 43 - azureml.training.tabular.score._validation.log_classification_debug:194 - Classification metrics debug: {'y_test': (249,), 'y_pred_probs': (249, 2), 'unique_y_test': (2,), 'class_labels': (2,), 'train_labels': (2,), 'n_missing_train': 0, 'n_missing_valid': 0, 'sample_weight': None}
2026-02-25 09:50:45.010 - INFO - 43 - azureml.training.tabular.score._scoring_utilities.__init__:522 - No positive_label provided but detected a binary classification task
2026-02-25 09:50:45.010 - INFO - 43 - azureml.training.tabular.score._scoring_utilities.__init__:522 - No positive_label provided but detected a binary classification task
2026-02-25 09:50:45.011 - INFO - 43 - azureml.training.tabular.score._validation.log_classification_debug:194 - Classification metrics debug: {'y_test': (249,), 'y_pred_probs': (249, 2), 'unique_y_test': (2,), 'class_labels': (2,), 'train_labels': (2,), 'n_missing_train': 0, 'n_missing_valid': 0, 'sample_weight': None}
2026-02-25 09:50:45.011 - INFO - 43 - azureml.training.tabular.score._validation.log_classification_debug:194 - Classification metrics debug: {'y_test': (249,), 'y_pred_probs': (249, 2), 'unique_y_test': (2,), 'class_labels': (2,), 'train_labels': (2,), 'n_missing_train': 0, 'n_missing_valid': 0, 'sample_weight': None}
2026-02-25 09:50:45.012 - INFO - 43 - azureml.training.tabular.score._scoring_utilities.__init__:522 - No positive_label provided but detected a binary classification task
2026-02-25 09:50:45.012 - INFO - 43 - azureml.training.tabular.score._scoring_utilities.__init__:522 - No positive_label provided but detected a binary classification task
2026-02-25 09:50:45.014 - INFO - 43 - azureml.training.tabular.score._validation.log_classification_debug:194 - Classification metrics debug: {'y_test': (248,), 'y_pred_probs': (248, 2), 'unique_y_test': (2,), 'class_labels': (2,), 'train_labels': (2,), 'n_missing_train': 0, 'n_missing_valid': 0, 'sample_weight': None}
2026-02-25 09:50:45.014 - INFO - 43 - azureml.training.tabular.score._validation.log_classification_debug:194 - Classification metrics debug: {'y_test': (248,), 'y_pred_probs': (248, 2), 'unique_y_test': (2,), 'class_labels': (2,), 'train_labels': (2,), 'n_missing_train': 0, 'n_missing_valid': 0, 'sample_weight': None}
2026-02-25 09:50:45.015 - INFO - 43 - azureml.training.tabular.score._scoring_utilities.__init__:522 - No positive_label provided but detected a binary classification task
2026-02-25 09:50:45.015 - INFO - 43 - azureml.training.tabular.score._scoring_utilities.__init__:522 - No positive_label provided but detected a binary classification task
2026-02-25 09:50:45.017 - INFO - 43 - azureml.training.tabular.score._validation.log_classification_debug:194 - Classification metrics debug: {'y_test': (248,), 'y_pred_probs': (248, 2), 'unique_y_test': (2,), 'class_labels': (2,), 'train_labels': (2,), 'n_missing_train': 0, 'n_missing_valid': 0, 'sample_weight': None}
2026-02-25 09:50:45.017 - INFO - 43 - azureml.training.tabular.score._validation.log_classification_debug:194 - Classification metrics debug: {'y_test': (248,), 'y_pred_probs': (248, 2), 'unique_y_test': (2,), 'class_labels': (2,), 'train_labels': (2,), 'n_missing_train': 0, 'n_missing_valid': 0, 'sample_weight': None}
2026-02-25 09:50:45.018 - INFO - 43 - azureml.training.tabular.score._scoring_utilities.__init__:522 - No positive_label provided but detected a binary classification task
2026-02-25 09:50:45.018 - INFO - 43 - azureml.training.tabular.score._scoring_utilities.__init__:522 - No positive_label provided but detected a binary classification task
2026-02-25 09:50:45.020 - INFO - 43 - azureml.training.tabular.score._validation.log_classification_debug:194 - Classification metrics debug: {'y_test': (248,), 'y_pred_probs': (248, 2), 'unique_y_test': (2,), 'class_labels': (2,), 'train_labels': (2,), 'n_missing_train': 0, 'n_missing_valid': 0, 'sample_weight': None}
2026-02-25 09:50:45.020 - INFO - 43 - azureml.training.tabular.score._validation.log_classification_debug:194 - Classification metrics debug: {'y_test': (248,), 'y_pred_probs': (248, 2), 'unique_y_test': (2,), 'class_labels': (2,), 'train_labels': (2,), 'n_missing_train': 0, 'n_missing_valid': 0, 'sample_weight': None}
2026-02-25 09:50:45.021 - INFO - 43 - azureml.training.tabular.score._scoring_utilities.__init__:522 - No positive_label provided but detected a binary classification task
2026-02-25 09:50:45.021 - INFO - 43 - azureml.training.tabular.score._scoring_utilities.__init__:522 - No positive_label provided but detected a binary classification task
2026-02-25 09:50:45.023 - INFO - 43 - azureml.training.tabular.score._validation.log_classification_debug:194 - Classification metrics debug: {'y_test': (249,), 'y_pred_probs': (249, 2), 'unique_y_test': (2,), 'class_labels': (2,), 'train_labels': (2,), 'n_missing_train': 0, 'n_missing_valid': 0, 'sample_weight': None}
2026-02-25 09:50:45.023 - INFO - 43 - azureml.training.tabular.score._validation.log_classification_debug:194 - Classification metrics debug: {'y_test': (249,), 'y_pred_probs': (249, 2), 'unique_y_test': (2,), 'class_labels': (2,), 'train_labels': (2,), 'n_missing_train': 0, 'n_missing_valid': 0, 'sample_weight': None}
2026-02-25 09:50:45.024 - INFO - 43 - azureml.training.tabular.score._scoring_utilities.__init__:522 - No positive_label provided but detected a binary classification task
2026-02-25 09:50:45.024 - INFO - 43 - azureml.training.tabular.score._scoring_utilities.__init__:522 - No positive_label provided but detected a binary classification task
2026-02-25 09:50:45.026 - INFO - 43 - azureml.training.tabular.score._validation.log_classification_debug:194 - Classification metrics debug: {'y_test': (249,), 'y_pred_probs': (249, 2), 'unique_y_test': (2,), 'class_labels': (2,), 'train_labels': (2,), 'n_missing_train': 0, 'n_missing_valid': 0, 'sample_weight': None}
2026-02-25 09:50:45.026 - INFO - 43 - azureml.training.tabular.score._validation.log_classification_debug:194 - Classification metrics debug: {'y_test': (249,), 'y_pred_probs': (249, 2), 'unique_y_test': (2,), 'class_labels': (2,), 'train_labels': (2,), 'n_missing_train': 0, 'n_missing_valid': 0, 'sample_weight': None}
2026-02-25 09:50:45.027 - INFO - 43 - azureml.training.tabular.score._scoring_utilities.__init__:522 - No positive_label provided but detected a binary classification task
2026-02-25 09:50:45.027 - INFO - 43 - azureml.training.tabular.score._scoring_utilities.__init__:522 - No positive_label provided but detected a binary classification task
2026-02-25 09:50:45.029 - INFO - 43 - azureml.training.tabular.score._validation.log_classification_debug:194 - Classification metrics debug: {'y_test': (248,), 'y_pred_probs': (248, 2), 'unique_y_test': (2,), 'class_labels': (2,), 'train_labels': (2,), 'n_missing_train': 0, 'n_missing_valid': 0, 'sample_weight': None}
2026-02-25 09:50:45.029 - INFO - 43 - azureml.training.tabular.score._validation.log_classification_debug:194 - Classification metrics debug: {'y_test': (248,), 'y_pred_probs': (248, 2), 'unique_y_test': (2,), 'class_labels': (2,), 'train_labels': (2,), 'n_missing_train': 0, 'n_missing_valid': 0, 'sample_weight': None}
2026-02-25 09:50:45.030 - INFO - 43 - azureml.training.tabular.score._scoring_utilities.__init__:522 - No positive_label provided but detected a binary classification task
2026-02-25 09:50:45.030 - INFO - 43 - azureml.training.tabular.score._scoring_utilities.__init__:522 - No positive_label provided but detected a binary classification task
2026-02-25 09:50:45.032 - INFO - 43 - azureml.training.tabular.score._validation.log_classification_debug:194 - Classification metrics debug: {'y_test': (248,), 'y_pred_probs': (248, 2), 'unique_y_test': (2,), 'class_labels': (2,), 'train_labels': (2,), 'n_missing_train': 0, 'n_missing_valid': 0, 'sample_weight': None}
2026-02-25 09:50:45.032 - INFO - 43 - azureml.training.tabular.score._validation.log_classification_debug:194 - Classification metrics debug: {'y_test': (248,), 'y_pred_probs': (248, 2), 'unique_y_test': (2,), 'class_labels': (2,), 'train_labels': (2,), 'n_missing_train': 0, 'n_missing_valid': 0, 'sample_weight': None}
2026-02-25 09:50:45.032 - INFO - 43 - azureml.training.tabular.score._scoring_utilities.__init__:522 - No positive_label provided but detected a binary classification task
2026-02-25 09:50:45.032 - INFO - 43 - azureml.training.tabular.score._scoring_utilities.__init__:522 - No positive_label provided but detected a binary classification task
2026-02-25 09:50:45.034 - INFO - 43 - azureml.training.tabular.score._validation.log_classification_debug:194 - Classification metrics debug: {'y_test': (248,), 'y_pred_probs': (248, 2), 'unique_y_test': (2,), 'class_labels': (2,), 'train_labels': (2,), 'n_missing_train': 0, 'n_missing_valid': 0, 'sample_weight': None}
2026-02-25 09:50:45.034 - INFO - 43 - azureml.training.tabular.score._validation.log_classification_debug:194 - Classification metrics debug: {'y_test': (248,), 'y_pred_probs': (248, 2), 'unique_y_test': (2,), 'class_labels': (2,), 'train_labels': (2,), 'n_missing_train': 0, 'n_missing_valid': 0, 'sample_weight': None}
2026-02-25 09:50:45.035 - INFO - 43 - azureml.training.tabular.score._scoring_utilities.__init__:522 - No positive_label provided but detected a binary classification task
2026-02-25 09:50:45.035 - INFO - 43 - azureml.training.tabular.score._scoring_utilities.__init__:522 - No positive_label provided but detected a binary classification task
2026-02-25 09:50:45.037 - INFO - 43 - azureml.training.tabular.score._validation.log_classification_debug:194 - Classification metrics debug: {'y_test': (249,), 'y_pred_probs': (249, 2), 'unique_y_test': (2,), 'class_labels': (2,), 'train_labels': (2,), 'n_missing_train': 0, 'n_missing_valid': 0, 'sample_weight': None}
2026-02-25 09:50:45.037 - INFO - 43 - azureml.training.tabular.score._validation.log_classification_debug:194 - Classification metrics debug: {'y_test': (249,), 'y_pred_probs': (249, 2), 'unique_y_test': (2,), 'class_labels': (2,), 'train_labels': (2,), 'n_missing_train': 0, 'n_missing_valid': 0, 'sample_weight': None}
2026-02-25 09:50:45.038 - INFO - 43 - azureml.training.tabular.score._scoring_utilities.__init__:522 - No positive_label provided but detected a binary classification task
2026-02-25 09:50:45.038 - INFO - 43 - azureml.training.tabular.score._scoring_utilities.__init__:522 - No positive_label provided but detected a binary classification task
2026-02-25 09:50:45.040 - INFO - 43 - azureml.training.tabular.score._validation.log_classification_debug:194 - Classification metrics debug: {'y_test': (249,), 'y_pred_probs': (249, 2), 'unique_y_test': (2,), 'class_labels': (2,), 'train_labels': (2,), 'n_missing_train': 0, 'n_missing_valid': 0, 'sample_weight': None}
2026-02-25 09:50:45.040 - INFO - 43 - azureml.training.tabular.score._validation.log_classification_debug:194 - Classification metrics debug: {'y_test': (249,), 'y_pred_probs': (249, 2), 'unique_y_test': (2,), 'class_labels': (2,), 'train_labels': (2,), 'n_missing_train': 0, 'n_missing_valid': 0, 'sample_weight': None}
2026-02-25 09:50:45.041 - INFO - 43 - azureml.training.tabular.score._scoring_utilities.__init__:522 - No positive_label provided but detected a binary classification task
2026-02-25 09:50:45.041 - INFO - 43 - azureml.training.tabular.score._scoring_utilities.__init__:522 - No positive_label provided but detected a binary classification task
2026-02-25 09:50:45.043 - INFO - 43 - azureml.training.tabular.score._validation.log_classification_debug:194 - Classification metrics debug: {'y_test': (248,), 'y_pred_probs': (248, 2), 'unique_y_test': (2,), 'class_labels': (2,), 'train_labels': (2,), 'n_missing_train': 0, 'n_missing_valid': 0, 'sample_weight': None}
2026-02-25 09:50:45.043 - INFO - 43 - azureml.training.tabular.score._validation.log_classification_debug:194 - Classification metrics debug: {'y_test': (248,), 'y_pred_probs': (248, 2), 'unique_y_test': (2,), 'class_labels': (2,), 'train_labels': (2,), 'n_missing_train': 0, 'n_missing_valid': 0, 'sample_weight': None}
2026-02-25 09:50:45.044 - INFO - 43 - azureml.training.tabular.score._scoring_utilities.__init__:522 - No positive_label provided but detected a binary classification task
2026-02-25 09:50:45.044 - INFO - 43 - azureml.training.tabular.score._scoring_utilities.__init__:522 - No positive_label provided but detected a binary classification task
2026-02-25 09:50:45.045 - INFO - 43 - azureml.training.tabular.score._validation.log_classification_debug:194 - Classification metrics debug: {'y_test': (248,), 'y_pred_probs': (248, 2), 'unique_y_test': (2,), 'class_labels': (2,), 'train_labels': (2,), 'n_missing_train': 0, 'n_missing_valid': 0, 'sample_weight': None}
2026-02-25 09:50:45.045 - INFO - 43 - azureml.training.tabular.score._validation.log_classification_debug:194 - Classification metrics debug: {'y_test': (248,), 'y_pred_probs': (248, 2), 'unique_y_test': (2,), 'class_labels': (2,), 'train_labels': (2,), 'n_missing_train': 0, 'n_missing_valid': 0, 'sample_weight': None}
2026-02-25 09:50:45.046 - INFO - 43 - azureml.training.tabular.score._scoring_utilities.__init__:522 - No positive_label provided but detected a binary classification task
2026-02-25 09:50:45.046 - INFO - 43 - azureml.training.tabular.score._scoring_utilities.__init__:522 - No positive_label provided but detected a binary classification task
2026-02-25 09:50:45.048 - INFO - 43 - azureml.training.tabular.score._validation.log_classification_debug:194 - Classification metrics debug: {'y_test': (248,), 'y_pred_probs': (248, 2), 'unique_y_test': (2,), 'class_labels': (2,), 'train_labels': (2,), 'n_missing_train': 0, 'n_missing_valid': 0, 'sample_weight': None}
2026-02-25 09:50:45.048 - INFO - 43 - azureml.training.tabular.score._validation.log_classification_debug:194 - Classification metrics debug: {'y_test': (248,), 'y_pred_probs': (248, 2), 'unique_y_test': (2,), 'class_labels': (2,), 'train_labels': (2,), 'n_missing_train': 0, 'n_missing_valid': 0, 'sample_weight': None}
2026-02-25 09:50:45.049 - INFO - 43 - azureml.training.tabular.score._scoring_utilities.__init__:522 - No positive_label provided but detected a binary classification task
2026-02-25 09:50:45.049 - INFO - 43 - azureml.training.tabular.score._scoring_utilities.__init__:522 - No positive_label provided but detected a binary classification task
2026-02-25 09:50:45.051 - INFO - 43 - azureml.training.tabular.score._validation.log_classification_debug:194 - Classification metrics debug: {'y_test': (249,), 'y_pred_probs': (249, 2), 'unique_y_test': (2,), 'class_labels': (2,), 'train_labels': (2,), 'n_missing_train': 0, 'n_missing_valid': 0, 'sample_weight': None}
2026-02-25 09:50:45.051 - INFO - 43 - azureml.training.tabular.score._validation.log_classification_debug:194 - Classification metrics debug: {'y_test': (249,), 'y_pred_probs': (249, 2), 'unique_y_test': (2,), 'class_labels': (2,), 'train_labels': (2,), 'n_missing_train': 0, 'n_missing_valid': 0, 'sample_weight': None}
2026-02-25 09:50:45.052 - INFO - 43 - azureml.training.tabular.score._scoring_utilities.__init__:522 - No positive_label provided but detected a binary classification task
2026-02-25 09:50:45.052 - INFO - 43 - azureml.training.tabular.score._scoring_utilities.__init__:522 - No positive_label provided but detected a binary classification task
2026-02-25 09:50:45.054 - INFO - 43 - azureml.training.tabular.score._validation.log_classification_debug:194 - Classification metrics debug: {'y_test': (249,), 'y_pred_probs': (249, 2), 'unique_y_test': (2,), 'class_labels': (2,), 'train_labels': (2,), 'n_missing_train': 0, 'n_missing_valid': 0, 'sample_weight': None}
2026-02-25 09:50:45.054 - INFO - 43 - azureml.training.tabular.score._validation.log_classification_debug:194 - Classification metrics debug: {'y_test': (249,), 'y_pred_probs': (249, 2), 'unique_y_test': (2,), 'class_labels': (2,), 'train_labels': (2,), 'n_missing_train': 0, 'n_missing_valid': 0, 'sample_weight': None}
2026-02-25 09:50:45.055 - INFO - 43 - azureml.training.tabular.score._scoring_utilities.__init__:522 - No positive_label provided but detected a binary classification task
2026-02-25 09:50:45.055 - INFO - 43 - azureml.training.tabular.score._scoring_utilities.__init__:522 - No positive_label provided but detected a binary classification task
2026-02-25 09:50:45.057 - INFO - 43 - azureml.training.tabular.score._validation.log_classification_debug:194 - Classification metrics debug: {'y_test': (248,), 'y_pred_probs': (248, 2), 'unique_y_test': (2,), 'class_labels': (2,), 'train_labels': (2,), 'n_missing_train': 0, 'n_missing_valid': 0, 'sample_weight': None}
2026-02-25 09:50:45.057 - INFO - 43 - azureml.training.tabular.score._validation.log_classification_debug:194 - Classification metrics debug: {'y_test': (248,), 'y_pred_probs': (248, 2), 'unique_y_test': (2,), 'class_labels': (2,), 'train_labels': (2,), 'n_missing_train': 0, 'n_missing_valid': 0, 'sample_weight': None}
2026-02-25 09:50:45.058 - INFO - 43 - azureml.training.tabular.score._scoring_utilities.__init__:522 - No positive_label provided but detected a binary classification task
2026-02-25 09:50:45.058 - INFO - 43 - azureml.training.tabular.score._scoring_utilities.__init__:522 - No positive_label provided but detected a binary classification task
2026-02-25 09:50:45.060 - INFO - 43 - azureml.training.tabular.score._validation.log_classification_debug:194 - Classification metrics debug: {'y_test': (248,), 'y_pred_probs': (248, 2), 'unique_y_test': (2,), 'class_labels': (2,), 'train_labels': (2,), 'n_missing_train': 0, 'n_missing_valid': 0, 'sample_weight': None}
2026-02-25 09:50:45.060 - INFO - 43 - azureml.training.tabular.score._validation.log_classification_debug:194 - Classification metrics debug: {'y_test': (248,), 'y_pred_probs': (248, 2), 'unique_y_test': (2,), 'class_labels': (2,), 'train_labels': (2,), 'n_missing_train': 0, 'n_missing_valid': 0, 'sample_weight': None}
2026-02-25 09:50:45.061 - INFO - 43 - azureml.training.tabular.score._scoring_utilities.__init__:522 - No positive_label provided but detected a binary classification task
2026-02-25 09:50:45.061 - INFO - 43 - azureml.training.tabular.score._scoring_utilities.__init__:522 - No positive_label provided but detected a binary classification task
2026-02-25 09:50:45.063 - INFO - 43 - azureml.training.tabular.score._validation.log_classification_debug:194 - Classification metrics debug: {'y_test': (248,), 'y_pred_probs': (248, 2), 'unique_y_test': (2,), 'class_labels': (2,), 'train_labels': (2,), 'n_missing_train': 0, 'n_missing_valid': 0, 'sample_weight': None}
2026-02-25 09:50:45.063 - INFO - 43 - azureml.training.tabular.score._validation.log_classification_debug:194 - Classification metrics debug: {'y_test': (248,), 'y_pred_probs': (248, 2), 'unique_y_test': (2,), 'class_labels': (2,), 'train_labels': (2,), 'n_missing_train': 0, 'n_missing_valid': 0, 'sample_weight': None}
2026-02-25 09:50:45.064 - INFO - 43 - azureml.training.tabular.score._scoring_utilities.__init__:522 - No positive_label provided but detected a binary classification task
2026-02-25 09:50:45.064 - INFO - 43 - azureml.training.tabular.score._scoring_utilities.__init__:522 - No positive_label provided but detected a binary classification task
2026-02-25 09:50:45.066 - INFO - 43 - azureml.training.tabular.score._validation.log_classification_debug:194 - Classification metrics debug: {'y_test': (249,), 'y_pred_probs': (249, 2), 'unique_y_test': (2,), 'class_labels': (2,), 'train_labels': (2,), 'n_missing_train': 0, 'n_missing_valid': 0, 'sample_weight': None}
2026-02-25 09:50:45.066 - INFO - 43 - azureml.training.tabular.score._validation.log_classification_debug:194 - Classification metrics debug: {'y_test': (249,), 'y_pred_probs': (249, 2), 'unique_y_test': (2,), 'class_labels': (2,), 'train_labels': (2,), 'n_missing_train': 0, 'n_missing_valid': 0, 'sample_weight': None}
2026-02-25 09:50:45.067 - INFO - 43 - azureml.training.tabular.score._scoring_utilities.__init__:522 - No positive_label provided but detected a binary classification task
2026-02-25 09:50:45.067 - INFO - 43 - azureml.training.tabular.score._scoring_utilities.__init__:522 - No positive_label provided but detected a binary classification task
2026-02-25 09:50:45.069 - INFO - 43 - azureml.training.tabular.score._validation.log_classification_debug:194 - Classification metrics debug: {'y_test': (249,), 'y_pred_probs': (249, 2), 'unique_y_test': (2,), 'class_labels': (2,), 'train_labels': (2,), 'n_missing_train': 0, 'n_missing_valid': 0, 'sample_weight': None}
2026-02-25 09:50:45.069 - INFO - 43 - azureml.training.tabular.score._validation.log_classification_debug:194 - Classification metrics debug: {'y_test': (249,), 'y_pred_probs': (249, 2), 'unique_y_test': (2,), 'class_labels': (2,), 'train_labels': (2,), 'n_missing_train': 0, 'n_missing_valid': 0, 'sample_weight': None}
2026-02-25 09:50:45.070 - INFO - 43 - azureml.training.tabular.score._scoring_utilities.__init__:522 - No positive_label provided but detected a binary classification task
2026-02-25 09:50:45.070 - INFO - 43 - azureml.training.tabular.score._scoring_utilities.__init__:522 - No positive_label provided but detected a binary classification task
2026-02-25 09:50:45.072 - INFO - 43 - azureml.training.tabular.score._validation.log_classification_debug:194 - Classification metrics debug: {'y_test': (248,), 'y_pred_probs': (248, 2), 'unique_y_test': (2,), 'class_labels': (2,), 'train_labels': (2,), 'n_missing_train': 0, 'n_missing_valid': 0, 'sample_weight': None}
2026-02-25 09:50:45.072 - INFO - 43 - azureml.training.tabular.score._validation.log_classification_debug:194 - Classification metrics debug: {'y_test': (248,), 'y_pred_probs': (248, 2), 'unique_y_test': (2,), 'class_labels': (2,), 'train_labels': (2,), 'n_missing_train': 0, 'n_missing_valid': 0, 'sample_weight': None}
2026-02-25 09:50:45.073 - INFO - 43 - azureml.training.tabular.score._scoring_utilities.__init__:522 - No positive_label provided but detected a binary classification task
2026-02-25 09:50:45.073 - INFO - 43 - azureml.training.tabular.score._scoring_utilities.__init__:522 - No positive_label provided but detected a binary classification task
2026-02-25 09:50:45.075 - INFO - 43 - azureml.training.tabular.score._validation.log_classification_debug:194 - Classification metrics debug: {'y_test': (248,), 'y_pred_probs': (248, 2), 'unique_y_test': (2,), 'class_labels': (2,), 'train_labels': (2,), 'n_missing_train': 0, 'n_missing_valid': 0, 'sample_weight': None}
2026-02-25 09:50:45.075 - INFO - 43 - azureml.training.tabular.score._validation.log_classification_debug:194 - Classification metrics debug: {'y_test': (248,), 'y_pred_probs': (248, 2), 'unique_y_test': (2,), 'class_labels': (2,), 'train_labels': (2,), 'n_missing_train': 0, 'n_missing_valid': 0, 'sample_weight': None}
2026-02-25 09:50:45.075 - INFO - 43 - azureml.training.tabular.score._scoring_utilities.__init__:522 - No positive_label provided but detected a binary classification task
2026-02-25 09:50:45.075 - INFO - 43 - azureml.training.tabular.score._scoring_utilities.__init__:522 - No positive_label provided but detected a binary classification task
2026-02-25 09:50:45.077 - INFO - 43 - azureml.training.tabular.score._validation.log_classification_debug:194 - Classification metrics debug: {'y_test': (248,), 'y_pred_probs': (248, 2), 'unique_y_test': (2,), 'class_labels': (2,), 'train_labels': (2,), 'n_missing_train': 0, 'n_missing_valid': 0, 'sample_weight': None}
2026-02-25 09:50:45.077 - INFO - 43 - azureml.training.tabular.score._validation.log_classification_debug:194 - Classification metrics debug: {'y_test': (248,), 'y_pred_probs': (248, 2), 'unique_y_test': (2,), 'class_labels': (2,), 'train_labels': (2,), 'n_missing_train': 0, 'n_missing_valid': 0, 'sample_weight': None}
2026-02-25 09:50:45.078 - INFO - 43 - azureml.training.tabular.score._scoring_utilities.__init__:522 - No positive_label provided but detected a binary classification task
2026-02-25 09:50:45.078 - INFO - 43 - azureml.training.tabular.score._scoring_utilities.__init__:522 - No positive_label provided but detected a binary classification task
2026-02-25 09:50:45.080 - INFO - 43 - azureml.automl.runtime._ml_engine.ensemble.ensemble_selector.select:204 - Iteration 0, new best ensemble: [0, 1, 0], new best score :0.9202746469749968
2026-02-25 09:50:45.080 - INFO - 43 - azureml.automl.runtime._ml_engine.ensemble.ensemble_selector.select:204 - Iteration 0, new best ensemble: [0, 1, 0], new best score :0.9202746469749968
2026-02-25 09:50:45.081 - INFO - 43 - azureml.training.tabular.score._validation.log_classification_debug:194 - Classification metrics debug: {'y_test': (249,), 'y_pred_probs': (249, 2), 'unique_y_test': (2,), 'class_labels': (2,), 'train_labels': (2,), 'n_missing_train': 0, 'n_missing_valid': 0, 'sample_weight': None}
2026-02-25 09:50:45.081 - INFO - 43 - azureml.training.tabular.score._validation.log_classification_debug:194 - Classification metrics debug: {'y_test': (249,), 'y_pred_probs': (249, 2), 'unique_y_test': (2,), 'class_labels': (2,), 'train_labels': (2,), 'n_missing_train': 0, 'n_missing_valid': 0, 'sample_weight': None}
2026-02-25 09:50:45.081 - INFO - 43 - azureml.training.tabular.score._scoring_utilities.__init__:522 - No positive_label provided but detected a binary classification task
2026-02-25 09:50:45.081 - INFO - 43 - azureml.training.tabular.score._scoring_utilities.__init__:522 - No positive_label provided but detected a binary classification task
2026-02-25 09:50:45.083 - INFO - 43 - azureml.training.tabular.score._validation.log_classification_debug:194 - Classification metrics debug: {'y_test': (249,), 'y_pred_probs': (249, 2), 'unique_y_test': (2,), 'class_labels': (2,), 'train_labels': (2,), 'n_missing_train': 0, 'n_missing_valid': 0, 'sample_weight': None}
2026-02-25 09:50:45.083 - INFO - 43 - azureml.training.tabular.score._validation.log_classification_debug:194 - Classification metrics debug: {'y_test': (249,), 'y_pred_probs': (249, 2), 'unique_y_test': (2,), 'class_labels': (2,), 'train_labels': (2,), 'n_missing_train': 0, 'n_missing_valid': 0, 'sample_weight': None}
2026-02-25 09:50:45.084 - INFO - 43 - azureml.training.tabular.score._scoring_utilities.__init__:522 - No positive_label provided but detected a binary classification task
2026-02-25 09:50:45.084 - INFO - 43 - azureml.training.tabular.score._scoring_utilities.__init__:522 - No positive_label provided but detected a binary classification task
2026-02-25 09:50:45.086 - INFO - 43 - azureml.training.tabular.score._validation.log_classification_debug:194 - Classification metrics debug: {'y_test': (248,), 'y_pred_probs': (248, 2), 'unique_y_test': (2,), 'class_labels': (2,), 'train_labels': (2,), 'n_missing_train': 0, 'n_missing_valid': 0, 'sample_weight': None}
2026-02-25 09:50:45.086 - INFO - 43 - azureml.training.tabular.score._validation.log_classification_debug:194 - Classification metrics debug: {'y_test': (248,), 'y_pred_probs': (248, 2), 'unique_y_test': (2,), 'class_labels': (2,), 'train_labels': (2,), 'n_missing_train': 0, 'n_missing_valid': 0, 'sample_weight': None}
2026-02-25 09:50:45.087 - INFO - 43 - azureml.training.tabular.score._scoring_utilities.__init__:522 - No positive_label provided but detected a binary classification task
2026-02-25 09:50:45.087 - INFO - 43 - azureml.training.tabular.score._scoring_utilities.__init__:522 - No positive_label provided but detected a binary classification task
2026-02-25 09:50:45.089 - INFO - 43 - azureml.training.tabular.score._validation.log_classification_debug:194 - Classification metrics debug: {'y_test': (248,), 'y_pred_probs': (248, 2), 'unique_y_test': (2,), 'class_labels': (2,), 'train_labels': (2,), 'n_missing_train': 0, 'n_missing_valid': 0, 'sample_weight': None}
2026-02-25 09:50:45.089 - INFO - 43 - azureml.training.tabular.score._validation.log_classification_debug:194 - Classification metrics debug: {'y_test': (248,), 'y_pred_probs': (248, 2), 'unique_y_test': (2,), 'class_labels': (2,), 'train_labels': (2,), 'n_missing_train': 0, 'n_missing_valid': 0, 'sample_weight': None}
2026-02-25 09:50:45.089 - INFO - 43 - azureml.training.tabular.score._scoring_utilities.__init__:522 - No positive_label provided but detected a binary classification task
2026-02-25 09:50:45.089 - INFO - 43 - azureml.training.tabular.score._scoring_utilities.__init__:522 - No positive_label provided but detected a binary classification task
2026-02-25 09:50:45.091 - INFO - 43 - azureml.training.tabular.score._validation.log_classification_debug:194 - Classification metrics debug: {'y_test': (248,), 'y_pred_probs': (248, 2), 'unique_y_test': (2,), 'class_labels': (2,), 'train_labels': (2,), 'n_missing_train': 0, 'n_missing_valid': 0, 'sample_weight': None}
2026-02-25 09:50:45.091 - INFO - 43 - azureml.training.tabular.score._validation.log_classification_debug:194 - Classification metrics debug: {'y_test': (248,), 'y_pred_probs': (248, 2), 'unique_y_test': (2,), 'class_labels': (2,), 'train_labels': (2,), 'n_missing_train': 0, 'n_missing_valid': 0, 'sample_weight': None}
2026-02-25 09:50:45.092 - INFO - 43 - azureml.training.tabular.score._scoring_utilities.__init__:522 - No positive_label provided but detected a binary classification task
2026-02-25 09:50:45.092 - INFO - 43 - azureml.training.tabular.score._scoring_utilities.__init__:522 - No positive_label provided but detected a binary classification task
2026-02-25 09:50:45.094 - INFO - 43 - azureml.training.tabular.score._validation.log_classification_debug:194 - Classification metrics debug: {'y_test': (249,), 'y_pred_probs': (249, 2), 'unique_y_test': (2,), 'class_labels': (2,), 'train_labels': (2,), 'n_missing_train': 0, 'n_missing_valid': 0, 'sample_weight': None}
2026-02-25 09:50:45.094 - INFO - 43 - azureml.training.tabular.score._validation.log_classification_debug:194 - Classification metrics debug: {'y_test': (249,), 'y_pred_probs': (249, 2), 'unique_y_test': (2,), 'class_labels': (2,), 'train_labels': (2,), 'n_missing_train': 0, 'n_missing_valid': 0, 'sample_weight': None}
2026-02-25 09:50:45.095 - INFO - 43 - azureml.training.tabular.score._scoring_utilities.__init__:522 - No positive_label provided but detected a binary classification task
2026-02-25 09:50:45.095 - INFO - 43 - azureml.training.tabular.score._scoring_utilities.__init__:522 - No positive_label provided but detected a binary classification task
2026-02-25 09:50:45.097 - INFO - 43 - azureml.training.tabular.score._validation.log_classification_debug:194 - Classification metrics debug: {'y_test': (249,), 'y_pred_probs': (249, 2), 'unique_y_test': (2,), 'class_labels': (2,), 'train_labels': (2,), 'n_missing_train': 0, 'n_missing_valid': 0, 'sample_weight': None}
2026-02-25 09:50:45.097 - INFO - 43 - azureml.training.tabular.score._validation.log_classification_debug:194 - Classification metrics debug: {'y_test': (249,), 'y_pred_probs': (249, 2), 'unique_y_test': (2,), 'class_labels': (2,), 'train_labels': (2,), 'n_missing_train': 0, 'n_missing_valid': 0, 'sample_weight': None}
2026-02-25 09:50:45.098 - INFO - 43 - azureml.training.tabular.score._scoring_utilities.__init__:522 - No positive_label provided but detected a binary classification task
2026-02-25 09:50:45.098 - INFO - 43 - azureml.training.tabular.score._scoring_utilities.__init__:522 - No positive_label provided but detected a binary classification task
2026-02-25 09:50:45.100 - INFO - 43 - azureml.training.tabular.score._validation.log_classification_debug:194 - Classification metrics debug: {'y_test': (248,), 'y_pred_probs': (248, 2), 'unique_y_test': (2,), 'class_labels': (2,), 'train_labels': (2,), 'n_missing_train': 0, 'n_missing_valid': 0, 'sample_weight': None}
2026-02-25 09:50:45.100 - INFO - 43 - azureml.training.tabular.score._validation.log_classification_debug:194 - Classification metrics debug: {'y_test': (248,), 'y_pred_probs': (248, 2), 'unique_y_test': (2,), 'class_labels': (2,), 'train_labels': (2,), 'n_missing_train': 0, 'n_missing_valid': 0, 'sample_weight': None}
2026-02-25 09:50:45.101 - INFO - 43 - azureml.training.tabular.score._scoring_utilities.__init__:522 - No positive_label provided but detected a binary classification task
2026-02-25 09:50:45.101 - INFO - 43 - azureml.training.tabular.score._scoring_utilities.__init__:522 - No positive_label provided but detected a binary classification task
2026-02-25 09:50:45.102 - INFO - 43 - azureml.training.tabular.score._validation.log_classification_debug:194 - Classification metrics debug: {'y_test': (248,), 'y_pred_probs': (248, 2), 'unique_y_test': (2,), 'class_labels': (2,), 'train_labels': (2,), 'n_missing_train': 0, 'n_missing_valid': 0, 'sample_weight': None}
2026-02-25 09:50:45.102 - INFO - 43 - azureml.training.tabular.score._validation.log_classification_debug:194 - Classification metrics debug: {'y_test': (248,), 'y_pred_probs': (248, 2), 'unique_y_test': (2,), 'class_labels': (2,), 'train_labels': (2,), 'n_missing_train': 0, 'n_missing_valid': 0, 'sample_weight': None}
2026-02-25 09:50:45.103 - INFO - 43 - azureml.training.tabular.score._scoring_utilities.__init__:522 - No positive_label provided but detected a binary classification task
2026-02-25 09:50:45.103 - INFO - 43 - azureml.training.tabular.score._scoring_utilities.__init__:522 - No positive_label provided but detected a binary classification task
2026-02-25 09:50:45.105 - INFO - 43 - azureml.training.tabular.score._validation.log_classification_debug:194 - Classification metrics debug: {'y_test': (248,), 'y_pred_probs': (248, 2), 'unique_y_test': (2,), 'class_labels': (2,), 'train_labels': (2,), 'n_missing_train': 0, 'n_missing_valid': 0, 'sample_weight': None}
2026-02-25 09:50:45.105 - INFO - 43 - azureml.training.tabular.score._validation.log_classification_debug:194 - Classification metrics debug: {'y_test': (248,), 'y_pred_probs': (248, 2), 'unique_y_test': (2,), 'class_labels': (2,), 'train_labels': (2,), 'n_missing_train': 0, 'n_missing_valid': 0, 'sample_weight': None}
2026-02-25 09:50:45.106 - INFO - 43 - azureml.training.tabular.score._scoring_utilities.__init__:522 - No positive_label provided but detected a binary classification task
2026-02-25 09:50:45.106 - INFO - 43 - azureml.training.tabular.score._scoring_utilities.__init__:522 - No positive_label provided but detected a binary classification task
2026-02-25 09:50:45.108 - INFO - 43 - azureml.training.tabular.score._validation.log_classification_debug:194 - Classification metrics debug: {'y_test': (249,), 'y_pred_probs': (249, 2), 'unique_y_test': (2,), 'class_labels': (2,), 'train_labels': (2,), 'n_missing_train': 0, 'n_missing_valid': 0, 'sample_weight': None}
2026-02-25 09:50:45.108 - INFO - 43 - azureml.training.tabular.score._validation.log_classification_debug:194 - Classification metrics debug: {'y_test': (249,), 'y_pred_probs': (249, 2), 'unique_y_test': (2,), 'class_labels': (2,), 'train_labels': (2,), 'n_missing_train': 0, 'n_missing_valid': 0, 'sample_weight': None}
2026-02-25 09:50:45.109 - INFO - 43 - azureml.training.tabular.score._scoring_utilities.__init__:522 - No positive_label provided but detected a binary classification task
2026-02-25 09:50:45.109 - INFO - 43 - azureml.training.tabular.score._scoring_utilities.__init__:522 - No positive_label provided but detected a binary classification task
2026-02-25 09:50:45.111 - INFO - 43 - azureml.training.tabular.score._validation.log_classification_debug:194 - Classification metrics debug: {'y_test': (249,), 'y_pred_probs': (249, 2), 'unique_y_test': (2,), 'class_labels': (2,), 'train_labels': (2,), 'n_missing_train': 0, 'n_missing_valid': 0, 'sample_weight': None}
2026-02-25 09:50:45.111 - INFO - 43 - azureml.training.tabular.score._validation.log_classification_debug:194 - Classification metrics debug: {'y_test': (249,), 'y_pred_probs': (249, 2), 'unique_y_test': (2,), 'class_labels': (2,), 'train_labels': (2,), 'n_missing_train': 0, 'n_missing_valid': 0, 'sample_weight': None}
2026-02-25 09:50:45.112 - INFO - 43 - azureml.training.tabular.score._scoring_utilities.__init__:522 - No positive_label provided but detected a binary classification task
2026-02-25 09:50:45.112 - INFO - 43 - azureml.training.tabular.score._scoring_utilities.__init__:522 - No positive_label provided but detected a binary classification task
2026-02-25 09:50:45.114 - INFO - 43 - azureml.training.tabular.score._validation.log_classification_debug:194 - Classification metrics debug: {'y_test': (248,), 'y_pred_probs': (248, 2), 'unique_y_test': (2,), 'class_labels': (2,), 'train_labels': (2,), 'n_missing_train': 0, 'n_missing_valid': 0, 'sample_weight': None}
2026-02-25 09:50:45.114 - INFO - 43 - azureml.training.tabular.score._validation.log_classification_debug:194 - Classification metrics debug: {'y_test': (248,), 'y_pred_probs': (248, 2), 'unique_y_test': (2,), 'class_labels': (2,), 'train_labels': (2,), 'n_missing_train': 0, 'n_missing_valid': 0, 'sample_weight': None}
2026-02-25 09:50:45.114 - INFO - 43 - azureml.training.tabular.score._scoring_utilities.__init__:522 - No positive_label provided but detected a binary classification task
2026-02-25 09:50:45.114 - INFO - 43 - azureml.training.tabular.score._scoring_utilities.__init__:522 - No positive_label provided but detected a binary classification task
2026-02-25 09:50:45.117 - INFO - 43 - azureml.training.tabular.score._validation.log_classification_debug:194 - Classification metrics debug: {'y_test': (248,), 'y_pred_probs': (248, 2), 'unique_y_test': (2,), 'class_labels': (2,), 'train_labels': (2,), 'n_missing_train': 0, 'n_missing_valid': 0, 'sample_weight': None}
2026-02-25 09:50:45.117 - INFO - 43 - azureml.training.tabular.score._validation.log_classification_debug:194 - Classification metrics debug: {'y_test': (248,), 'y_pred_probs': (248, 2), 'unique_y_test': (2,), 'class_labels': (2,), 'train_labels': (2,), 'n_missing_train': 0, 'n_missing_valid': 0, 'sample_weight': None}
2026-02-25 09:50:45.118 - INFO - 43 - azureml.training.tabular.score._scoring_utilities.__init__:522 - No positive_label provided but detected a binary classification task
2026-02-25 09:50:45.118 - INFO - 43 - azureml.training.tabular.score._scoring_utilities.__init__:522 - No positive_label provided but detected a binary classification task
2026-02-25 09:50:45.120 - INFO - 43 - azureml.training.tabular.score._validation.log_classification_debug:194 - Classification metrics debug: {'y_test': (248,), 'y_pred_probs': (248, 2), 'unique_y_test': (2,), 'class_labels': (2,), 'train_labels': (2,), 'n_missing_train': 0, 'n_missing_valid': 0, 'sample_weight': None}
2026-02-25 09:50:45.120 - INFO - 43 - azureml.training.tabular.score._validation.log_classification_debug:194 - Classification metrics debug: {'y_test': (248,), 'y_pred_probs': (248, 2), 'unique_y_test': (2,), 'class_labels': (2,), 'train_labels': (2,), 'n_missing_train': 0, 'n_missing_valid': 0, 'sample_weight': None}
2026-02-25 09:50:45.121 - INFO - 43 - azureml.training.tabular.score._scoring_utilities.__init__:522 - No positive_label provided but detected a binary classification task
2026-02-25 09:50:45.121 - INFO - 43 - azureml.training.tabular.score._scoring_utilities.__init__:522 - No positive_label provided but detected a binary classification task
2026-02-25 09:50:45.123 - INFO - 43 - azureml.training.tabular.score._validation.log_classification_debug:194 - Classification metrics debug: {'y_test': (249,), 'y_pred_probs': (249, 2), 'unique_y_test': (2,), 'class_labels': (2,), 'train_labels': (2,), 'n_missing_train': 0, 'n_missing_valid': 0, 'sample_weight': None}
2026-02-25 09:50:45.123 - INFO - 43 - azureml.training.tabular.score._validation.log_classification_debug:194 - Classification metrics debug: {'y_test': (249,), 'y_pred_probs': (249, 2), 'unique_y_test': (2,), 'class_labels': (2,), 'train_labels': (2,), 'n_missing_train': 0, 'n_missing_valid': 0, 'sample_weight': None}
2026-02-25 09:50:45.124 - INFO - 43 - azureml.training.tabular.score._scoring_utilities.__init__:522 - No positive_label provided but detected a binary classification task
2026-02-25 09:50:45.124 - INFO - 43 - azureml.training.tabular.score._scoring_utilities.__init__:522 - No positive_label provided but detected a binary classification task
2026-02-25 09:50:45.125 - INFO - 43 - azureml.training.tabular.score._validation.log_classification_debug:194 - Classification metrics debug: {'y_test': (249,), 'y_pred_probs': (249, 2), 'unique_y_test': (2,), 'class_labels': (2,), 'train_labels': (2,), 'n_missing_train': 0, 'n_missing_valid': 0, 'sample_weight': None}
2026-02-25 09:50:45.125 - INFO - 43 - azureml.training.tabular.score._validation.log_classification_debug:194 - Classification metrics debug: {'y_test': (249,), 'y_pred_probs': (249, 2), 'unique_y_test': (2,), 'class_labels': (2,), 'train_labels': (2,), 'n_missing_train': 0, 'n_missing_valid': 0, 'sample_weight': None}
2026-02-25 09:50:45.126 - INFO - 43 - azureml.training.tabular.score._scoring_utilities.__init__:522 - No positive_label provided but detected a binary classification task
2026-02-25 09:50:45.126 - INFO - 43 - azureml.training.tabular.score._scoring_utilities.__init__:522 - No positive_label provided but detected a binary classification task
2026-02-25 09:50:45.128 - INFO - 43 - azureml.training.tabular.score._validation.log_classification_debug:194 - Classification metrics debug: {'y_test': (248,), 'y_pred_probs': (248, 2), 'unique_y_test': (2,), 'class_labels': (2,), 'train_labels': (2,), 'n_missing_train': 0, 'n_missing_valid': 0, 'sample_weight': None}
2026-02-25 09:50:45.128 - INFO - 43 - azureml.training.tabular.score._validation.log_classification_debug:194 - Classification metrics debug: {'y_test': (248,), 'y_pred_probs': (248, 2), 'unique_y_test': (2,), 'class_labels': (2,), 'train_labels': (2,), 'n_missing_train': 0, 'n_missing_valid': 0, 'sample_weight': None}
2026-02-25 09:50:45.129 - INFO - 43 - azureml.training.tabular.score._scoring_utilities.__init__:522 - No positive_label provided but detected a binary classification task
2026-02-25 09:50:45.129 - INFO - 43 - azureml.training.tabular.score._scoring_utilities.__init__:522 - No positive_label provided but detected a binary classification task
2026-02-25 09:50:45.131 - INFO - 43 - azureml.training.tabular.score._validation.log_classification_debug:194 - Classification metrics debug: {'y_test': (248,), 'y_pred_probs': (248, 2), 'unique_y_test': (2,), 'class_labels': (2,), 'train_labels': (2,), 'n_missing_train': 0, 'n_missing_valid': 0, 'sample_weight': None}
2026-02-25 09:50:45.131 - INFO - 43 - azureml.training.tabular.score._validation.log_classification_debug:194 - Classification metrics debug: {'y_test': (248,), 'y_pred_probs': (248, 2), 'unique_y_test': (2,), 'class_labels': (2,), 'train_labels': (2,), 'n_missing_train': 0, 'n_missing_valid': 0, 'sample_weight': None}
2026-02-25 09:50:45.132 - INFO - 43 - azureml.training.tabular.score._scoring_utilities.__init__:522 - No positive_label provided but detected a binary classification task
2026-02-25 09:50:45.132 - INFO - 43 - azureml.training.tabular.score._scoring_utilities.__init__:522 - No positive_label provided but detected a binary classification task
2026-02-25 09:50:45.133 - INFO - 43 - azureml.training.tabular.score._validation.log_classification_debug:194 - Classification metrics debug: {'y_test': (248,), 'y_pred_probs': (248, 2), 'unique_y_test': (2,), 'class_labels': (2,), 'train_labels': (2,), 'n_missing_train': 0, 'n_missing_valid': 0, 'sample_weight': None}
2026-02-25 09:50:45.133 - INFO - 43 - azureml.training.tabular.score._validation.log_classification_debug:194 - Classification metrics debug: {'y_test': (248,), 'y_pred_probs': (248, 2), 'unique_y_test': (2,), 'class_labels': (2,), 'train_labels': (2,), 'n_missing_train': 0, 'n_missing_valid': 0, 'sample_weight': None}
2026-02-25 09:50:45.134 - INFO - 43 - azureml.training.tabular.score._scoring_utilities.__init__:522 - No positive_label provided but detected a binary classification task
2026-02-25 09:50:45.134 - INFO - 43 - azureml.training.tabular.score._scoring_utilities.__init__:522 - No positive_label provided but detected a binary classification task
2026-02-25 09:50:45.136 - INFO - 43 - azureml.training.tabular.score._validation.log_classification_debug:194 - Classification metrics debug: {'y_test': (249,), 'y_pred_probs': (249, 2), 'unique_y_test': (2,), 'class_labels': (2,), 'train_labels': (2,), 'n_missing_train': 0, 'n_missing_valid': 0, 'sample_weight': None}
2026-02-25 09:50:45.136 - INFO - 43 - azureml.training.tabular.score._validation.log_classification_debug:194 - Classification metrics debug: {'y_test': (249,), 'y_pred_probs': (249, 2), 'unique_y_test': (2,), 'class_labels': (2,), 'train_labels': (2,), 'n_missing_train': 0, 'n_missing_valid': 0, 'sample_weight': None}
2026-02-25 09:50:45.137 - INFO - 43 - azureml.training.tabular.score._scoring_utilities.__init__:522 - No positive_label provided but detected a binary classification task
2026-02-25 09:50:45.137 - INFO - 43 - azureml.training.tabular.score._scoring_utilities.__init__:522 - No positive_label provided but detected a binary classification task
2026-02-25 09:50:45.139 - INFO - 43 - azureml.training.tabular.score._validation.log_classification_debug:194 - Classification metrics debug: {'y_test': (249,), 'y_pred_probs': (249, 2), 'unique_y_test': (2,), 'class_labels': (2,), 'train_labels': (2,), 'n_missing_train': 0, 'n_missing_valid': 0, 'sample_weight': None}
2026-02-25 09:50:45.139 - INFO - 43 - azureml.training.tabular.score._validation.log_classification_debug:194 - Classification metrics debug: {'y_test': (249,), 'y_pred_probs': (249, 2), 'unique_y_test': (2,), 'class_labels': (2,), 'train_labels': (2,), 'n_missing_train': 0, 'n_missing_valid': 0, 'sample_weight': None}
2026-02-25 09:50:45.140 - INFO - 43 - azureml.training.tabular.score._scoring_utilities.__init__:522 - No positive_label provided but detected a binary classification task
2026-02-25 09:50:45.140 - INFO - 43 - azureml.training.tabular.score._scoring_utilities.__init__:522 - No positive_label provided but detected a binary classification task
2026-02-25 09:50:45.142 - INFO - 43 - azureml.training.tabular.score._validation.log_classification_debug:194 - Classification metrics debug: {'y_test': (248,), 'y_pred_probs': (248, 2), 'unique_y_test': (2,), 'class_labels': (2,), 'train_labels': (2,), 'n_missing_train': 0, 'n_missing_valid': 0, 'sample_weight': None}
2026-02-25 09:50:45.142 - INFO - 43 - azureml.training.tabular.score._validation.log_classification_debug:194 - Classification metrics debug: {'y_test': (248,), 'y_pred_probs': (248, 2), 'unique_y_test': (2,), 'class_labels': (2,), 'train_labels': (2,), 'n_missing_train': 0, 'n_missing_valid': 0, 'sample_weight': None}
2026-02-25 09:50:45.143 - INFO - 43 - azureml.training.tabular.score._scoring_utilities.__init__:522 - No positive_label provided but detected a binary classification task
2026-02-25 09:50:45.143 - INFO - 43 - azureml.training.tabular.score._scoring_utilities.__init__:522 - No positive_label provided but detected a binary classification task
2026-02-25 09:50:45.144 - INFO - 43 - azureml.training.tabular.score._validation.log_classification_debug:194 - Classification metrics debug: {'y_test': (248,), 'y_pred_probs': (248, 2), 'unique_y_test': (2,), 'class_labels': (2,), 'train_labels': (2,), 'n_missing_train': 0, 'n_missing_valid': 0, 'sample_weight': None}
2026-02-25 09:50:45.144 - INFO - 43 - azureml.training.tabular.score._validation.log_classification_debug:194 - Classification metrics debug: {'y_test': (248,), 'y_pred_probs': (248, 2), 'unique_y_test': (2,), 'class_labels': (2,), 'train_labels': (2,), 'n_missing_train': 0, 'n_missing_valid': 0, 'sample_weight': None}
2026-02-25 09:50:45.145 - INFO - 43 - azureml.training.tabular.score._scoring_utilities.__init__:522 - No positive_label provided but detected a binary classification task
2026-02-25 09:50:45.145 - INFO - 43 - azureml.training.tabular.score._scoring_utilities.__init__:522 - No positive_label provided but detected a binary classification task
2026-02-25 09:50:45.147 - INFO - 43 - azureml.training.tabular.score._validation.log_classification_debug:194 - Classification metrics debug: {'y_test': (248,), 'y_pred_probs': (248, 2), 'unique_y_test': (2,), 'class_labels': (2,), 'train_labels': (2,), 'n_missing_train': 0, 'n_missing_valid': 0, 'sample_weight': None}
2026-02-25 09:50:45.147 - INFO - 43 - azureml.training.tabular.score._validation.log_classification_debug:194 - Classification metrics debug: {'y_test': (248,), 'y_pred_probs': (248, 2), 'unique_y_test': (2,), 'class_labels': (2,), 'train_labels': (2,), 'n_missing_train': 0, 'n_missing_valid': 0, 'sample_weight': None}
2026-02-25 09:50:45.148 - INFO - 43 - azureml.training.tabular.score._scoring_utilities.__init__:522 - No positive_label provided but detected a binary classification task
2026-02-25 09:50:45.148 - INFO - 43 - azureml.training.tabular.score._scoring_utilities.__init__:522 - No positive_label provided but detected a binary classification task
2026-02-25 09:50:45.150 - INFO - 43 - azureml.training.tabular.score._validation.log_classification_debug:194 - Classification metrics debug: {'y_test': (249,), 'y_pred_probs': (249, 2), 'unique_y_test': (2,), 'class_labels': (2,), 'train_labels': (2,), 'n_missing_train': 0, 'n_missing_valid': 0, 'sample_weight': None}
2026-02-25 09:50:45.150 - INFO - 43 - azureml.training.tabular.score._validation.log_classification_debug:194 - Classification metrics debug: {'y_test': (249,), 'y_pred_probs': (249, 2), 'unique_y_test': (2,), 'class_labels': (2,), 'train_labels': (2,), 'n_missing_train': 0, 'n_missing_valid': 0, 'sample_weight': None}
2026-02-25 09:50:45.151 - INFO - 43 - azureml.training.tabular.score._scoring_utilities.__init__:522 - No positive_label provided but detected a binary classification task
2026-02-25 09:50:45.151 - INFO - 43 - azureml.training.tabular.score._scoring_utilities.__init__:522 - No positive_label provided but detected a binary classification task
2026-02-25 09:50:45.153 - INFO - 43 - azureml.training.tabular.score._validation.log_classification_debug:194 - Classification metrics debug: {'y_test': (249,), 'y_pred_probs': (249, 2), 'unique_y_test': (2,), 'class_labels': (2,), 'train_labels': (2,), 'n_missing_train': 0, 'n_missing_valid': 0, 'sample_weight': None}
2026-02-25 09:50:45.153 - INFO - 43 - azureml.training.tabular.score._validation.log_classification_debug:194 - Classification metrics debug: {'y_test': (249,), 'y_pred_probs': (249, 2), 'unique_y_test': (2,), 'class_labels': (2,), 'train_labels': (2,), 'n_missing_train': 0, 'n_missing_valid': 0, 'sample_weight': None}
2026-02-25 09:50:45.154 - INFO - 43 - azureml.training.tabular.score._scoring_utilities.__init__:522 - No positive_label provided but detected a binary classification task
2026-02-25 09:50:45.154 - INFO - 43 - azureml.training.tabular.score._scoring_utilities.__init__:522 - No positive_label provided but detected a binary classification task
2026-02-25 09:50:45.156 - INFO - 43 - azureml.training.tabular.score._validation.log_classification_debug:194 - Classification metrics debug: {'y_test': (248,), 'y_pred_probs': (248, 2), 'unique_y_test': (2,), 'class_labels': (2,), 'train_labels': (2,), 'n_missing_train': 0, 'n_missing_valid': 0, 'sample_weight': None}
2026-02-25 09:50:45.156 - INFO - 43 - azureml.training.tabular.score._validation.log_classification_debug:194 - Classification metrics debug: {'y_test': (248,), 'y_pred_probs': (248, 2), 'unique_y_test': (2,), 'class_labels': (2,), 'train_labels': (2,), 'n_missing_train': 0, 'n_missing_valid': 0, 'sample_weight': None}
2026-02-25 09:50:45.156 - INFO - 43 - azureml.training.tabular.score._scoring_utilities.__init__:522 - No positive_label provided but detected a binary classification task
2026-02-25 09:50:45.156 - INFO - 43 - azureml.training.tabular.score._scoring_utilities.__init__:522 - No positive_label provided but detected a binary classification task
2026-02-25 09:50:45.158 - INFO - 43 - azureml.training.tabular.score._validation.log_classification_debug:194 - Classification metrics debug: {'y_test': (248,), 'y_pred_probs': (248, 2), 'unique_y_test': (2,), 'class_labels': (2,), 'train_labels': (2,), 'n_missing_train': 0, 'n_missing_valid': 0, 'sample_weight': None}
2026-02-25 09:50:45.158 - INFO - 43 - azureml.training.tabular.score._validation.log_classification_debug:194 - Classification metrics debug: {'y_test': (248,), 'y_pred_probs': (248, 2), 'unique_y_test': (2,), 'class_labels': (2,), 'train_labels': (2,), 'n_missing_train': 0, 'n_missing_valid': 0, 'sample_weight': None}
2026-02-25 09:50:45.159 - INFO - 43 - azureml.training.tabular.score._scoring_utilities.__init__:522 - No positive_label provided but detected a binary classification task
2026-02-25 09:50:45.159 - INFO - 43 - azureml.training.tabular.score._scoring_utilities.__init__:522 - No positive_label provided but detected a binary classification task
2026-02-25 09:50:45.352 - INFO - 43 - azureml.training.tabular.score._validation.log_classification_debug:194 - Classification metrics debug: {'y_test': (248,), 'y_pred_probs': (248, 2), 'unique_y_test': (2,), 'class_labels': (2,), 'train_labels': (2,), 'n_missing_train': 0, 'n_missing_valid': 0, 'sample_weight': None}
2026-02-25 09:50:45.352 - INFO - 43 - azureml.training.tabular.score._validation.log_classification_debug:194 - Classification metrics debug: {'y_test': (248,), 'y_pred_probs': (248, 2), 'unique_y_test': (2,), 'class_labels': (2,), 'train_labels': (2,), 'n_missing_train': 0, 'n_missing_valid': 0, 'sample_weight': None}
2026-02-25 09:50:45.353 - INFO - 43 - azureml.training.tabular.score._scoring_utilities.__init__:522 - No positive_label provided but detected a binary classification task
2026-02-25 09:50:45.353 - INFO - 43 - azureml.training.tabular.score._scoring_utilities.__init__:522 - No positive_label provided but detected a binary classification task
2026-02-25 09:50:45.356 - INFO - 43 - azureml.training.tabular.score._validation.log_classification_debug:194 - Classification metrics debug: {'y_test': (249,), 'y_pred_probs': (249, 2), 'unique_y_test': (2,), 'class_labels': (2,), 'train_labels': (2,), 'n_missing_train': 0, 'n_missing_valid': 0, 'sample_weight': None}
2026-02-25 09:50:45.356 - INFO - 43 - azureml.training.tabular.score._validation.log_classification_debug:194 - Classification metrics debug: {'y_test': (249,), 'y_pred_probs': (249, 2), 'unique_y_test': (2,), 'class_labels': (2,), 'train_labels': (2,), 'n_missing_train': 0, 'n_missing_valid': 0, 'sample_weight': None}
2026-02-25 09:50:45.357 - INFO - 43 - azureml.training.tabular.score._scoring_utilities.__init__:522 - No positive_label provided but detected a binary classification task
2026-02-25 09:50:45.357 - INFO - 43 - azureml.training.tabular.score._scoring_utilities.__init__:522 - No positive_label provided but detected a binary classification task
2026-02-25 09:50:45.358 - INFO - 43 - azureml.training.tabular.score._validation.log_classification_debug:194 - Classification metrics debug: {'y_test': (249,), 'y_pred_probs': (249, 2), 'unique_y_test': (2,), 'class_labels': (2,), 'train_labels': (2,), 'n_missing_train': 0, 'n_missing_valid': 0, 'sample_weight': None}
2026-02-25 09:50:45.358 - INFO - 43 - azureml.training.tabular.score._validation.log_classification_debug:194 - Classification metrics debug: {'y_test': (249,), 'y_pred_probs': (249, 2), 'unique_y_test': (2,), 'class_labels': (2,), 'train_labels': (2,), 'n_missing_train': 0, 'n_missing_valid': 0, 'sample_weight': None}
2026-02-25 09:50:45.359 - INFO - 43 - azureml.training.tabular.score._scoring_utilities.__init__:522 - No positive_label provided but detected a binary classification task
2026-02-25 09:50:45.359 - INFO - 43 - azureml.training.tabular.score._scoring_utilities.__init__:522 - No positive_label provided but detected a binary classification task
2026-02-25 09:50:45.362 - INFO - 43 - azureml.training.tabular.score._validation.log_classification_debug:194 - Classification metrics debug: {'y_test': (248,), 'y_pred_probs': (248, 2), 'unique_y_test': (2,), 'class_labels': (2,), 'train_labels': (2,), 'n_missing_train': 0, 'n_missing_valid': 0, 'sample_weight': None}
2026-02-25 09:50:45.362 - INFO - 43 - azureml.training.tabular.score._validation.log_classification_debug:194 - Classification metrics debug: {'y_test': (248,), 'y_pred_probs': (248, 2), 'unique_y_test': (2,), 'class_labels': (2,), 'train_labels': (2,), 'n_missing_train': 0, 'n_missing_valid': 0, 'sample_weight': None}
2026-02-25 09:50:45.362 - INFO - 43 - azureml.training.tabular.score._scoring_utilities.__init__:522 - No positive_label provided but detected a binary classification task
2026-02-25 09:50:45.362 - INFO - 43 - azureml.training.tabular.score._scoring_utilities.__init__:522 - No positive_label provided but detected a binary classification task
2026-02-25 09:50:45.364 - INFO - 43 - azureml.training.tabular.score._validation.log_classification_debug:194 - Classification metrics debug: {'y_test': (248,), 'y_pred_probs': (248, 2), 'unique_y_test': (2,), 'class_labels': (2,), 'train_labels': (2,), 'n_missing_train': 0, 'n_missing_valid': 0, 'sample_weight': None}
2026-02-25 09:50:45.364 - INFO - 43 - azureml.training.tabular.score._validation.log_classification_debug:194 - Classification metrics debug: {'y_test': (248,), 'y_pred_probs': (248, 2), 'unique_y_test': (2,), 'class_labels': (2,), 'train_labels': (2,), 'n_missing_train': 0, 'n_missing_valid': 0, 'sample_weight': None}
2026-02-25 09:50:45.365 - INFO - 43 - azureml.training.tabular.score._scoring_utilities.__init__:522 - No positive_label provided but detected a binary classification task
2026-02-25 09:50:45.365 - INFO - 43 - azureml.training.tabular.score._scoring_utilities.__init__:522 - No positive_label provided but detected a binary classification task
2026-02-25 09:50:45.367 - INFO - 43 - azureml.training.tabular.score._validation.log_classification_debug:194 - Classification metrics debug: {'y_test': (248,), 'y_pred_probs': (248, 2), 'unique_y_test': (2,), 'class_labels': (2,), 'train_labels': (2,), 'n_missing_train': 0, 'n_missing_valid': 0, 'sample_weight': None}
2026-02-25 09:50:45.367 - INFO - 43 - azureml.training.tabular.score._validation.log_classification_debug:194 - Classification metrics debug: {'y_test': (248,), 'y_pred_probs': (248, 2), 'unique_y_test': (2,), 'class_labels': (2,), 'train_labels': (2,), 'n_missing_train': 0, 'n_missing_valid': 0, 'sample_weight': None}
2026-02-25 09:50:45.368 - INFO - 43 - azureml.training.tabular.score._scoring_utilities.__init__:522 - No positive_label provided but detected a binary classification task
2026-02-25 09:50:45.368 - INFO - 43 - azureml.training.tabular.score._scoring_utilities.__init__:522 - No positive_label provided but detected a binary classification task
2026-02-25 09:50:45.370 - INFO - 43 - azureml.training.tabular.score._validation.log_classification_debug:194 - Classification metrics debug: {'y_test': (249,), 'y_pred_probs': (249, 2), 'unique_y_test': (2,), 'class_labels': (2,), 'train_labels': (2,), 'n_missing_train': 0, 'n_missing_valid': 0, 'sample_weight': None}
2026-02-25 09:50:45.370 - INFO - 43 - azureml.training.tabular.score._validation.log_classification_debug:194 - Classification metrics debug: {'y_test': (249,), 'y_pred_probs': (249, 2), 'unique_y_test': (2,), 'class_labels': (2,), 'train_labels': (2,), 'n_missing_train': 0, 'n_missing_valid': 0, 'sample_weight': None}
2026-02-25 09:50:45.371 - INFO - 43 - azureml.training.tabular.score._scoring_utilities.__init__:522 - No positive_label provided but detected a binary classification task
2026-02-25 09:50:45.371 - INFO - 43 - azureml.training.tabular.score._scoring_utilities.__init__:522 - No positive_label provided but detected a binary classification task
2026-02-25 09:50:45.373 - INFO - 43 - azureml.training.tabular.score._validation.log_classification_debug:194 - Classification metrics debug: {'y_test': (249,), 'y_pred_probs': (249, 2), 'unique_y_test': (2,), 'class_labels': (2,), 'train_labels': (2,), 'n_missing_train': 0, 'n_missing_valid': 0, 'sample_weight': None}
2026-02-25 09:50:45.373 - INFO - 43 - azureml.training.tabular.score._validation.log_classification_debug:194 - Classification metrics debug: {'y_test': (249,), 'y_pred_probs': (249, 2), 'unique_y_test': (2,), 'class_labels': (2,), 'train_labels': (2,), 'n_missing_train': 0, 'n_missing_valid': 0, 'sample_weight': None}
2026-02-25 09:50:45.374 - INFO - 43 - azureml.training.tabular.score._scoring_utilities.__init__:522 - No positive_label provided but detected a binary classification task
2026-02-25 09:50:45.374 - INFO - 43 - azureml.training.tabular.score._scoring_utilities.__init__:522 - No positive_label provided but detected a binary classification task
2026-02-25 09:50:45.376 - INFO - 43 - azureml.training.tabular.score._validation.log_classification_debug:194 - Classification metrics debug: {'y_test': (248,), 'y_pred_probs': (248, 2), 'unique_y_test': (2,), 'class_labels': (2,), 'train_labels': (2,), 'n_missing_train': 0, 'n_missing_valid': 0, 'sample_weight': None}
2026-02-25 09:50:45.376 - INFO - 43 - azureml.training.tabular.score._validation.log_classification_debug:194 - Classification metrics debug: {'y_test': (248,), 'y_pred_probs': (248, 2), 'unique_y_test': (2,), 'class_labels': (2,), 'train_labels': (2,), 'n_missing_train': 0, 'n_missing_valid': 0, 'sample_weight': None}
2026-02-25 09:50:45.377 - INFO - 43 - azureml.training.tabular.score._scoring_utilities.__init__:522 - No positive_label provided but detected a binary classification task
2026-02-25 09:50:45.377 - INFO - 43 - azureml.training.tabular.score._scoring_utilities.__init__:522 - No positive_label provided but detected a binary classification task
2026-02-25 09:50:45.379 - INFO - 43 - azureml.training.tabular.score._validation.log_classification_debug:194 - Classification metrics debug: {'y_test': (248,), 'y_pred_probs': (248, 2), 'unique_y_test': (2,), 'class_labels': (2,), 'train_labels': (2,), 'n_missing_train': 0, 'n_missing_valid': 0, 'sample_weight': None}
2026-02-25 09:50:45.379 - INFO - 43 - azureml.training.tabular.score._validation.log_classification_debug:194 - Classification metrics debug: {'y_test': (248,), 'y_pred_probs': (248, 2), 'unique_y_test': (2,), 'class_labels': (2,), 'train_labels': (2,), 'n_missing_train': 0, 'n_missing_valid': 0, 'sample_weight': None}
2026-02-25 09:50:45.380 - INFO - 43 - azureml.training.tabular.score._scoring_utilities.__init__:522 - No positive_label provided but detected a binary classification task
2026-02-25 09:50:45.380 - INFO - 43 - azureml.training.tabular.score._scoring_utilities.__init__:522 - No positive_label provided but detected a binary classification task
2026-02-25 09:50:45.382 - INFO - 43 - azureml.training.tabular.score._validation.log_classification_debug:194 - Classification metrics debug: {'y_test': (248,), 'y_pred_probs': (248, 2), 'unique_y_test': (2,), 'class_labels': (2,), 'train_labels': (2,), 'n_missing_train': 0, 'n_missing_valid': 0, 'sample_weight': None}
2026-02-25 09:50:45.382 - INFO - 43 - azureml.training.tabular.score._validation.log_classification_debug:194 - Classification metrics debug: {'y_test': (248,), 'y_pred_probs': (248, 2), 'unique_y_test': (2,), 'class_labels': (2,), 'train_labels': (2,), 'n_missing_train': 0, 'n_missing_valid': 0, 'sample_weight': None}
2026-02-25 09:50:45.382 - INFO - 43 - azureml.training.tabular.score._scoring_utilities.__init__:522 - No positive_label provided but detected a binary classification task
2026-02-25 09:50:45.382 - INFO - 43 - azureml.training.tabular.score._scoring_utilities.__init__:522 - No positive_label provided but detected a binary classification task
2026-02-25 09:50:45.385 - INFO - 43 - azureml.training.tabular.score._validation.log_classification_debug:194 - Classification metrics debug: {'y_test': (249,), 'y_pred_probs': (249, 2), 'unique_y_test': (2,), 'class_labels': (2,), 'train_labels': (2,), 'n_missing_train': 0, 'n_missing_valid': 0, 'sample_weight': None}
2026-02-25 09:50:45.385 - INFO - 43 - azureml.training.tabular.score._validation.log_classification_debug:194 - Classification metrics debug: {'y_test': (249,), 'y_pred_probs': (249, 2), 'unique_y_test': (2,), 'class_labels': (2,), 'train_labels': (2,), 'n_missing_train': 0, 'n_missing_valid': 0, 'sample_weight': None}
2026-02-25 09:50:45.386 - INFO - 43 - azureml.training.tabular.score._scoring_utilities.__init__:522 - No positive_label provided but detected a binary classification task
2026-02-25 09:50:45.386 - INFO - 43 - azureml.training.tabular.score._scoring_utilities.__init__:522 - No positive_label provided but detected a binary classification task
2026-02-25 09:50:45.388 - INFO - 43 - azureml.training.tabular.score._validation.log_classification_debug:194 - Classification metrics debug: {'y_test': (249,), 'y_pred_probs': (249, 2), 'unique_y_test': (2,), 'class_labels': (2,), 'train_labels': (2,), 'n_missing_train': 0, 'n_missing_valid': 0, 'sample_weight': None}
2026-02-25 09:50:45.388 - INFO - 43 - azureml.training.tabular.score._validation.log_classification_debug:194 - Classification metrics debug: {'y_test': (249,), 'y_pred_probs': (249, 2), 'unique_y_test': (2,), 'class_labels': (2,), 'train_labels': (2,), 'n_missing_train': 0, 'n_missing_valid': 0, 'sample_weight': None}
2026-02-25 09:50:45.388 - INFO - 43 - azureml.training.tabular.score._scoring_utilities.__init__:522 - No positive_label provided but detected a binary classification task
2026-02-25 09:50:45.388 - INFO - 43 - azureml.training.tabular.score._scoring_utilities.__init__:522 - No positive_label provided but detected a binary classification task
2026-02-25 09:50:45.390 - INFO - 43 - azureml.training.tabular.score._validation.log_classification_debug:194 - Classification metrics debug: {'y_test': (248,), 'y_pred_probs': (248, 2), 'unique_y_test': (2,), 'class_labels': (2,), 'train_labels': (2,), 'n_missing_train': 0, 'n_missing_valid': 0, 'sample_weight': None}
2026-02-25 09:50:45.390 - INFO - 43 - azureml.training.tabular.score._validation.log_classification_debug:194 - Classification metrics debug: {'y_test': (248,), 'y_pred_probs': (248, 2), 'unique_y_test': (2,), 'class_labels': (2,), 'train_labels': (2,), 'n_missing_train': 0, 'n_missing_valid': 0, 'sample_weight': None}
2026-02-25 09:50:45.391 - INFO - 43 - azureml.training.tabular.score._scoring_utilities.__init__:522 - No positive_label provided but detected a binary classification task
2026-02-25 09:50:45.391 - INFO - 43 - azureml.training.tabular.score._scoring_utilities.__init__:522 - No positive_label provided but detected a binary classification task
2026-02-25 09:50:45.393 - INFO - 43 - azureml.training.tabular.score._validation.log_classification_debug:194 - Classification metrics debug: {'y_test': (248,), 'y_pred_probs': (248, 2), 'unique_y_test': (2,), 'class_labels': (2,), 'train_labels': (2,), 'n_missing_train': 0, 'n_missing_valid': 0, 'sample_weight': None}
2026-02-25 09:50:45.393 - INFO - 43 - azureml.training.tabular.score._validation.log_classification_debug:194 - Classification metrics debug: {'y_test': (248,), 'y_pred_probs': (248, 2), 'unique_y_test': (2,), 'class_labels': (2,), 'train_labels': (2,), 'n_missing_train': 0, 'n_missing_valid': 0, 'sample_weight': None}
2026-02-25 09:50:45.394 - INFO - 43 - azureml.training.tabular.score._scoring_utilities.__init__:522 - No positive_label provided but detected a binary classification task
2026-02-25 09:50:45.394 - INFO - 43 - azureml.training.tabular.score._scoring_utilities.__init__:522 - No positive_label provided but detected a binary classification task
2026-02-25 09:50:45.396 - INFO - 43 - azureml.training.tabular.score._validation.log_classification_debug:194 - Classification metrics debug: {'y_test': (248,), 'y_pred_probs': (248, 2), 'unique_y_test': (2,), 'class_labels': (2,), 'train_labels': (2,), 'n_missing_train': 0, 'n_missing_valid': 0, 'sample_weight': None}
2026-02-25 09:50:45.396 - INFO - 43 - azureml.training.tabular.score._validation.log_classification_debug:194 - Classification metrics debug: {'y_test': (248,), 'y_pred_probs': (248, 2), 'unique_y_test': (2,), 'class_labels': (2,), 'train_labels': (2,), 'n_missing_train': 0, 'n_missing_valid': 0, 'sample_weight': None}
2026-02-25 09:50:45.397 - INFO - 43 - azureml.training.tabular.score._scoring_utilities.__init__:522 - No positive_label provided but detected a binary classification task
2026-02-25 09:50:45.397 - INFO - 43 - azureml.training.tabular.score._scoring_utilities.__init__:522 - No positive_label provided but detected a binary classification task
2026-02-25 09:50:45.399 - INFO - 43 - azureml.training.tabular.score._validation.log_classification_debug:194 - Classification metrics debug: {'y_test': (249,), 'y_pred_probs': (249, 2), 'unique_y_test': (2,), 'class_labels': (2,), 'train_labels': (2,), 'n_missing_train': 0, 'n_missing_valid': 0, 'sample_weight': None}
2026-02-25 09:50:45.399 - INFO - 43 - azureml.training.tabular.score._validation.log_classification_debug:194 - Classification metrics debug: {'y_test': (249,), 'y_pred_probs': (249, 2), 'unique_y_test': (2,), 'class_labels': (2,), 'train_labels': (2,), 'n_missing_train': 0, 'n_missing_valid': 0, 'sample_weight': None}
2026-02-25 09:50:45.400 - INFO - 43 - azureml.training.tabular.score._scoring_utilities.__init__:522 - No positive_label provided but detected a binary classification task
2026-02-25 09:50:45.400 - INFO - 43 - azureml.training.tabular.score._scoring_utilities.__init__:522 - No positive_label provided but detected a binary classification task
2026-02-25 09:50:45.402 - INFO - 43 - azureml.training.tabular.score._validation.log_classification_debug:194 - Classification metrics debug: {'y_test': (249,), 'y_pred_probs': (249, 2), 'unique_y_test': (2,), 'class_labels': (2,), 'train_labels': (2,), 'n_missing_train': 0, 'n_missing_valid': 0, 'sample_weight': None}
2026-02-25 09:50:45.402 - INFO - 43 - azureml.training.tabular.score._validation.log_classification_debug:194 - Classification metrics debug: {'y_test': (249,), 'y_pred_probs': (249, 2), 'unique_y_test': (2,), 'class_labels': (2,), 'train_labels': (2,), 'n_missing_train': 0, 'n_missing_valid': 0, 'sample_weight': None}
2026-02-25 09:50:45.403 - INFO - 43 - azureml.training.tabular.score._scoring_utilities.__init__:522 - No positive_label provided but detected a binary classification task
2026-02-25 09:50:45.403 - INFO - 43 - azureml.training.tabular.score._scoring_utilities.__init__:522 - No positive_label provided but detected a binary classification task
2026-02-25 09:50:45.405 - INFO - 43 - azureml.training.tabular.score._validation.log_classification_debug:194 - Classification metrics debug: {'y_test': (248,), 'y_pred_probs': (248, 2), 'unique_y_test': (2,), 'class_labels': (2,), 'train_labels': (2,), 'n_missing_train': 0, 'n_missing_valid': 0, 'sample_weight': None}
2026-02-25 09:50:45.405 - INFO - 43 - azureml.training.tabular.score._validation.log_classification_debug:194 - Classification metrics debug: {'y_test': (248,), 'y_pred_probs': (248, 2), 'unique_y_test': (2,), 'class_labels': (2,), 'train_labels': (2,), 'n_missing_train': 0, 'n_missing_valid': 0, 'sample_weight': None}
2026-02-25 09:50:45.406 - INFO - 43 - azureml.training.tabular.score._scoring_utilities.__init__:522 - No positive_label provided but detected a binary classification task
2026-02-25 09:50:45.406 - INFO - 43 - azureml.training.tabular.score._scoring_utilities.__init__:522 - No positive_label provided but detected a binary classification task
2026-02-25 09:50:45.408 - INFO - 43 - azureml.training.tabular.score._validation.log_classification_debug:194 - Classification metrics debug: {'y_test': (248,), 'y_pred_probs': (248, 2), 'unique_y_test': (2,), 'class_labels': (2,), 'train_labels': (2,), 'n_missing_train': 0, 'n_missing_valid': 0, 'sample_weight': None}
2026-02-25 09:50:45.408 - INFO - 43 - azureml.training.tabular.score._validation.log_classification_debug:194 - Classification metrics debug: {'y_test': (248,), 'y_pred_probs': (248, 2), 'unique_y_test': (2,), 'class_labels': (2,), 'train_labels': (2,), 'n_missing_train': 0, 'n_missing_valid': 0, 'sample_weight': None}
2026-02-25 09:50:45.408 - INFO - 43 - azureml.training.tabular.score._scoring_utilities.__init__:522 - No positive_label provided but detected a binary classification task
2026-02-25 09:50:45.408 - INFO - 43 - azureml.training.tabular.score._scoring_utilities.__init__:522 - No positive_label provided but detected a binary classification task
2026-02-25 09:50:45.410 - INFO - 43 - azureml.training.tabular.score._validation.log_classification_debug:194 - Classification metrics debug: {'y_test': (248,), 'y_pred_probs': (248, 2), 'unique_y_test': (2,), 'class_labels': (2,), 'train_labels': (2,), 'n_missing_train': 0, 'n_missing_valid': 0, 'sample_weight': None}
2026-02-25 09:50:45.410 - INFO - 43 - azureml.training.tabular.score._validation.log_classification_debug:194 - Classification metrics debug: {'y_test': (248,), 'y_pred_probs': (248, 2), 'unique_y_test': (2,), 'class_labels': (2,), 'train_labels': (2,), 'n_missing_train': 0, 'n_missing_valid': 0, 'sample_weight': None}
2026-02-25 09:50:45.411 - INFO - 43 - azureml.training.tabular.score._scoring_utilities.__init__:522 - No positive_label provided but detected a binary classification task
2026-02-25 09:50:45.411 - INFO - 43 - azureml.training.tabular.score._scoring_utilities.__init__:522 - No positive_label provided but detected a binary classification task
2026-02-25 09:50:45.413 - INFO - 43 - azureml.training.tabular.score._validation.log_classification_debug:194 - Classification metrics debug: {'y_test': (249,), 'y_pred_probs': (249, 2), 'unique_y_test': (2,), 'class_labels': (2,), 'train_labels': (2,), 'n_missing_train': 0, 'n_missing_valid': 0, 'sample_weight': None}
2026-02-25 09:50:45.413 - INFO - 43 - azureml.training.tabular.score._validation.log_classification_debug:194 - Classification metrics debug: {'y_test': (249,), 'y_pred_probs': (249, 2), 'unique_y_test': (2,), 'class_labels': (2,), 'train_labels': (2,), 'n_missing_train': 0, 'n_missing_valid': 0, 'sample_weight': None}
2026-02-25 09:50:45.414 - INFO - 43 - azureml.training.tabular.score._scoring_utilities.__init__:522 - No positive_label provided but detected a binary classification task
2026-02-25 09:50:45.414 - INFO - 43 - azureml.training.tabular.score._scoring_utilities.__init__:522 - No positive_label provided but detected a binary classification task
2026-02-25 09:50:45.416 - INFO - 43 - azureml.training.tabular.score._validation.log_classification_debug:194 - Classification metrics debug: {'y_test': (249,), 'y_pred_probs': (249, 2), 'unique_y_test': (2,), 'class_labels': (2,), 'train_labels': (2,), 'n_missing_train': 0, 'n_missing_valid': 0, 'sample_weight': None}
2026-02-25 09:50:45.416 - INFO - 43 - azureml.training.tabular.score._validation.log_classification_debug:194 - Classification metrics debug: {'y_test': (249,), 'y_pred_probs': (249, 2), 'unique_y_test': (2,), 'class_labels': (2,), 'train_labels': (2,), 'n_missing_train': 0, 'n_missing_valid': 0, 'sample_weight': None}
2026-02-25 09:50:45.417 - INFO - 43 - azureml.training.tabular.score._scoring_utilities.__init__:522 - No positive_label provided but detected a binary classification task
2026-02-25 09:50:45.417 - INFO - 43 - azureml.training.tabular.score._scoring_utilities.__init__:522 - No positive_label provided but detected a binary classification task
2026-02-25 09:50:45.419 - INFO - 43 - azureml.training.tabular.score._validation.log_classification_debug:194 - Classification metrics debug: {'y_test': (248,), 'y_pred_probs': (248, 2), 'unique_y_test': (2,), 'class_labels': (2,), 'train_labels': (2,), 'n_missing_train': 0, 'n_missing_valid': 0, 'sample_weight': None}
2026-02-25 09:50:45.419 - INFO - 43 - azureml.training.tabular.score._validation.log_classification_debug:194 - Classification metrics debug: {'y_test': (248,), 'y_pred_probs': (248, 2), 'unique_y_test': (2,), 'class_labels': (2,), 'train_labels': (2,), 'n_missing_train': 0, 'n_missing_valid': 0, 'sample_weight': None}
2026-02-25 09:50:45.420 - INFO - 43 - azureml.training.tabular.score._scoring_utilities.__init__:522 - No positive_label provided but detected a binary classification task
2026-02-25 09:50:45.420 - INFO - 43 - azureml.training.tabular.score._scoring_utilities.__init__:522 - No positive_label provided but detected a binary classification task
2026-02-25 09:50:45.421 - INFO - 43 - azureml.training.tabular.score._validation.log_classification_debug:194 - Classification metrics debug: {'y_test': (248,), 'y_pred_probs': (248, 2), 'unique_y_test': (2,), 'class_labels': (2,), 'train_labels': (2,), 'n_missing_train': 0, 'n_missing_valid': 0, 'sample_weight': None}
2026-02-25 09:50:45.421 - INFO - 43 - azureml.training.tabular.score._validation.log_classification_debug:194 - Classification metrics debug: {'y_test': (248,), 'y_pred_probs': (248, 2), 'unique_y_test': (2,), 'class_labels': (2,), 'train_labels': (2,), 'n_missing_train': 0, 'n_missing_valid': 0, 'sample_weight': None}
2026-02-25 09:50:45.422 - INFO - 43 - azureml.training.tabular.score._scoring_utilities.__init__:522 - No positive_label provided but detected a binary classification task
2026-02-25 09:50:45.422 - INFO - 43 - azureml.training.tabular.score._scoring_utilities.__init__:522 - No positive_label provided but detected a binary classification task
2026-02-25 09:50:45.424 - INFO - 43 - azureml.training.tabular.score._validation.log_classification_debug:194 - Classification metrics debug: {'y_test': (248,), 'y_pred_probs': (248, 2), 'unique_y_test': (2,), 'class_labels': (2,), 'train_labels': (2,), 'n_missing_train': 0, 'n_missing_valid': 0, 'sample_weight': None}
2026-02-25 09:50:45.424 - INFO - 43 - azureml.training.tabular.score._validation.log_classification_debug:194 - Classification metrics debug: {'y_test': (248,), 'y_pred_probs': (248, 2), 'unique_y_test': (2,), 'class_labels': (2,), 'train_labels': (2,), 'n_missing_train': 0, 'n_missing_valid': 0, 'sample_weight': None}
2026-02-25 09:50:45.425 - INFO - 43 - azureml.training.tabular.score._scoring_utilities.__init__:522 - No positive_label provided but detected a binary classification task
2026-02-25 09:50:45.425 - INFO - 43 - azureml.training.tabular.score._scoring_utilities.__init__:522 - No positive_label provided but detected a binary classification task
2026-02-25 09:50:45.427 - INFO - 43 - azureml.training.tabular.score._validation.log_classification_debug:194 - Classification metrics debug: {'y_test': (249,), 'y_pred_probs': (249, 2), 'unique_y_test': (2,), 'class_labels': (2,), 'train_labels': (2,), 'n_missing_train': 0, 'n_missing_valid': 0, 'sample_weight': None}
2026-02-25 09:50:45.427 - INFO - 43 - azureml.training.tabular.score._validation.log_classification_debug:194 - Classification metrics debug: {'y_test': (249,), 'y_pred_probs': (249, 2), 'unique_y_test': (2,), 'class_labels': (2,), 'train_labels': (2,), 'n_missing_train': 0, 'n_missing_valid': 0, 'sample_weight': None}
2026-02-25 09:50:45.428 - INFO - 43 - azureml.training.tabular.score._scoring_utilities.__init__:522 - No positive_label provided but detected a binary classification task
2026-02-25 09:50:45.428 - INFO - 43 - azureml.training.tabular.score._scoring_utilities.__init__:522 - No positive_label provided but detected a binary classification task
2026-02-25 09:50:45.430 - INFO - 43 - azureml.training.tabular.score._validation.log_classification_debug:194 - Classification metrics debug: {'y_test': (249,), 'y_pred_probs': (249, 2), 'unique_y_test': (2,), 'class_labels': (2,), 'train_labels': (2,), 'n_missing_train': 0, 'n_missing_valid': 0, 'sample_weight': None}
2026-02-25 09:50:45.430 - INFO - 43 - azureml.training.tabular.score._validation.log_classification_debug:194 - Classification metrics debug: {'y_test': (249,), 'y_pred_probs': (249, 2), 'unique_y_test': (2,), 'class_labels': (2,), 'train_labels': (2,), 'n_missing_train': 0, 'n_missing_valid': 0, 'sample_weight': None}
2026-02-25 09:50:45.431 - INFO - 43 - azureml.training.tabular.score._scoring_utilities.__init__:522 - No positive_label provided but detected a binary classification task
2026-02-25 09:50:45.431 - INFO - 43 - azureml.training.tabular.score._scoring_utilities.__init__:522 - No positive_label provided but detected a binary classification task
2026-02-25 09:50:45.433 - INFO - 43 - azureml.training.tabular.score._validation.log_classification_debug:194 - Classification metrics debug: {'y_test': (248,), 'y_pred_probs': (248, 2), 'unique_y_test': (2,), 'class_labels': (2,), 'train_labels': (2,), 'n_missing_train': 0, 'n_missing_valid': 0, 'sample_weight': None}
2026-02-25 09:50:45.433 - INFO - 43 - azureml.training.tabular.score._validation.log_classification_debug:194 - Classification metrics debug: {'y_test': (248,), 'y_pred_probs': (248, 2), 'unique_y_test': (2,), 'class_labels': (2,), 'train_labels': (2,), 'n_missing_train': 0, 'n_missing_valid': 0, 'sample_weight': None}
2026-02-25 09:50:45.433 - INFO - 43 - azureml.training.tabular.score._scoring_utilities.__init__:522 - No positive_label provided but detected a binary classification task
2026-02-25 09:50:45.433 - INFO - 43 - azureml.training.tabular.score._scoring_utilities.__init__:522 - No positive_label provided but detected a binary classification task
2026-02-25 09:50:45.435 - INFO - 43 - azureml.training.tabular.score._validation.log_classification_debug:194 - Classification metrics debug: {'y_test': (248,), 'y_pred_probs': (248, 2), 'unique_y_test': (2,), 'class_labels': (2,), 'train_labels': (2,), 'n_missing_train': 0, 'n_missing_valid': 0, 'sample_weight': None}
2026-02-25 09:50:45.435 - INFO - 43 - azureml.training.tabular.score._validation.log_classification_debug:194 - Classification metrics debug: {'y_test': (248,), 'y_pred_probs': (248, 2), 'unique_y_test': (2,), 'class_labels': (2,), 'train_labels': (2,), 'n_missing_train': 0, 'n_missing_valid': 0, 'sample_weight': None}
2026-02-25 09:50:45.436 - INFO - 43 - azureml.training.tabular.score._scoring_utilities.__init__:522 - No positive_label provided but detected a binary classification task
2026-02-25 09:50:45.436 - INFO - 43 - azureml.training.tabular.score._scoring_utilities.__init__:522 - No positive_label provided but detected a binary classification task
2026-02-25 09:50:45.438 - INFO - 43 - azureml.training.tabular.score._validation.log_classification_debug:194 - Classification metrics debug: {'y_test': (248,), 'y_pred_probs': (248, 2), 'unique_y_test': (2,), 'class_labels': (2,), 'train_labels': (2,), 'n_missing_train': 0, 'n_missing_valid': 0, 'sample_weight': None}
2026-02-25 09:50:45.438 - INFO - 43 - azureml.training.tabular.score._validation.log_classification_debug:194 - Classification metrics debug: {'y_test': (248,), 'y_pred_probs': (248, 2), 'unique_y_test': (2,), 'class_labels': (2,), 'train_labels': (2,), 'n_missing_train': 0, 'n_missing_valid': 0, 'sample_weight': None}
2026-02-25 09:50:45.439 - INFO - 43 - azureml.training.tabular.score._scoring_utilities.__init__:522 - No positive_label provided but detected a binary classification task
2026-02-25 09:50:45.439 - INFO - 43 - azureml.training.tabular.score._scoring_utilities.__init__:522 - No positive_label provided but detected a binary classification task
2026-02-25 09:50:45.441 - INFO - 43 - azureml.training.tabular.score._validation.log_classification_debug:194 - Classification metrics debug: {'y_test': (249,), 'y_pred_probs': (249, 2), 'unique_y_test': (2,), 'class_labels': (2,), 'train_labels': (2,), 'n_missing_train': 0, 'n_missing_valid': 0, 'sample_weight': None}
2026-02-25 09:50:45.441 - INFO - 43 - azureml.training.tabular.score._validation.log_classification_debug:194 - Classification metrics debug: {'y_test': (249,), 'y_pred_probs': (249, 2), 'unique_y_test': (2,), 'class_labels': (2,), 'train_labels': (2,), 'n_missing_train': 0, 'n_missing_valid': 0, 'sample_weight': None}
2026-02-25 09:50:45.442 - INFO - 43 - azureml.training.tabular.score._scoring_utilities.__init__:522 - No positive_label provided but detected a binary classification task
2026-02-25 09:50:45.442 - INFO - 43 - azureml.training.tabular.score._scoring_utilities.__init__:522 - No positive_label provided but detected a binary classification task
2026-02-25 09:50:45.444 - INFO - 43 - azureml.training.tabular.score._validation.log_classification_debug:194 - Classification metrics debug: {'y_test': (249,), 'y_pred_probs': (249, 2), 'unique_y_test': (2,), 'class_labels': (2,), 'train_labels': (2,), 'n_missing_train': 0, 'n_missing_valid': 0, 'sample_weight': None}
2026-02-25 09:50:45.444 - INFO - 43 - azureml.training.tabular.score._validation.log_classification_debug:194 - Classification metrics debug: {'y_test': (249,), 'y_pred_probs': (249, 2), 'unique_y_test': (2,), 'class_labels': (2,), 'train_labels': (2,), 'n_missing_train': 0, 'n_missing_valid': 0, 'sample_weight': None}
2026-02-25 09:50:45.445 - INFO - 43 - azureml.training.tabular.score._scoring_utilities.__init__:522 - No positive_label provided but detected a binary classification task
2026-02-25 09:50:45.445 - INFO - 43 - azureml.training.tabular.score._scoring_utilities.__init__:522 - No positive_label provided but detected a binary classification task
2026-02-25 09:50:45.446 - INFO - 43 - azureml.training.tabular.score._validation.log_classification_debug:194 - Classification metrics debug: {'y_test': (248,), 'y_pred_probs': (248, 2), 'unique_y_test': (2,), 'class_labels': (2,), 'train_labels': (2,), 'n_missing_train': 0, 'n_missing_valid': 0, 'sample_weight': None}
2026-02-25 09:50:45.446 - INFO - 43 - azureml.training.tabular.score._validation.log_classification_debug:194 - Classification metrics debug: {'y_test': (248,), 'y_pred_probs': (248, 2), 'unique_y_test': (2,), 'class_labels': (2,), 'train_labels': (2,), 'n_missing_train': 0, 'n_missing_valid': 0, 'sample_weight': None}
2026-02-25 09:50:45.447 - INFO - 43 - azureml.training.tabular.score._scoring_utilities.__init__:522 - No positive_label provided but detected a binary classification task
2026-02-25 09:50:45.447 - INFO - 43 - azureml.training.tabular.score._scoring_utilities.__init__:522 - No positive_label provided but detected a binary classification task
2026-02-25 09:50:45.449 - INFO - 43 - azureml.training.tabular.score._validation.log_classification_debug:194 - Classification metrics debug: {'y_test': (248,), 'y_pred_probs': (248, 2), 'unique_y_test': (2,), 'class_labels': (2,), 'train_labels': (2,), 'n_missing_train': 0, 'n_missing_valid': 0, 'sample_weight': None}
2026-02-25 09:50:45.449 - INFO - 43 - azureml.training.tabular.score._validation.log_classification_debug:194 - Classification metrics debug: {'y_test': (248,), 'y_pred_probs': (248, 2), 'unique_y_test': (2,), 'class_labels': (2,), 'train_labels': (2,), 'n_missing_train': 0, 'n_missing_valid': 0, 'sample_weight': None}
2026-02-25 09:50:45.450 - INFO - 43 - azureml.training.tabular.score._scoring_utilities.__init__:522 - No positive_label provided but detected a binary classification task
2026-02-25 09:50:45.450 - INFO - 43 - azureml.training.tabular.score._scoring_utilities.__init__:522 - No positive_label provided but detected a binary classification task
2026-02-25 09:50:45.452 - INFO - 43 - azureml.training.tabular.score._validation.log_classification_debug:194 - Classification metrics debug: {'y_test': (248,), 'y_pred_probs': (248, 2), 'unique_y_test': (2,), 'class_labels': (2,), 'train_labels': (2,), 'n_missing_train': 0, 'n_missing_valid': 0, 'sample_weight': None}
2026-02-25 09:50:45.452 - INFO - 43 - azureml.training.tabular.score._validation.log_classification_debug:194 - Classification metrics debug: {'y_test': (248,), 'y_pred_probs': (248, 2), 'unique_y_test': (2,), 'class_labels': (2,), 'train_labels': (2,), 'n_missing_train': 0, 'n_missing_valid': 0, 'sample_weight': None}
2026-02-25 09:50:45.453 - INFO - 43 - azureml.training.tabular.score._scoring_utilities.__init__:522 - No positive_label provided but detected a binary classification task
2026-02-25 09:50:45.453 - INFO - 43 - azureml.training.tabular.score._scoring_utilities.__init__:522 - No positive_label provided but detected a binary classification task
2026-02-25 09:50:45.455 - INFO - 43 - azureml.training.tabular.score._validation.log_classification_debug:194 - Classification metrics debug: {'y_test': (249,), 'y_pred_probs': (249, 2), 'unique_y_test': (2,), 'class_labels': (2,), 'train_labels': (2,), 'n_missing_train': 0, 'n_missing_valid': 0, 'sample_weight': None}
2026-02-25 09:50:45.455 - INFO - 43 - azureml.training.tabular.score._validation.log_classification_debug:194 - Classification metrics debug: {'y_test': (249,), 'y_pred_probs': (249, 2), 'unique_y_test': (2,), 'class_labels': (2,), 'train_labels': (2,), 'n_missing_train': 0, 'n_missing_valid': 0, 'sample_weight': None}
2026-02-25 09:50:45.456 - INFO - 43 - azureml.training.tabular.score._scoring_utilities.__init__:522 - No positive_label provided but detected a binary classification task
2026-02-25 09:50:45.456 - INFO - 43 - azureml.training.tabular.score._scoring_utilities.__init__:522 - No positive_label provided but detected a binary classification task
2026-02-25 09:50:45.458 - INFO - 43 - azureml.training.tabular.score._validation.log_classification_debug:194 - Classification metrics debug: {'y_test': (249,), 'y_pred_probs': (249, 2), 'unique_y_test': (2,), 'class_labels': (2,), 'train_labels': (2,), 'n_missing_train': 0, 'n_missing_valid': 0, 'sample_weight': None}
2026-02-25 09:50:45.458 - INFO - 43 - azureml.training.tabular.score._validation.log_classification_debug:194 - Classification metrics debug: {'y_test': (249,), 'y_pred_probs': (249, 2), 'unique_y_test': (2,), 'class_labels': (2,), 'train_labels': (2,), 'n_missing_train': 0, 'n_missing_valid': 0, 'sample_weight': None}
2026-02-25 09:50:45.459 - INFO - 43 - azureml.training.tabular.score._scoring_utilities.__init__:522 - No positive_label provided but detected a binary classification task
2026-02-25 09:50:45.459 - INFO - 43 - azureml.training.tabular.score._scoring_utilities.__init__:522 - No positive_label provided but detected a binary classification task
2026-02-25 09:50:45.461 - INFO - 43 - azureml.training.tabular.score._validation.log_classification_debug:194 - Classification metrics debug: {'y_test': (248,), 'y_pred_probs': (248, 2), 'unique_y_test': (2,), 'class_labels': (2,), 'train_labels': (2,), 'n_missing_train': 0, 'n_missing_valid': 0, 'sample_weight': None}
2026-02-25 09:50:45.461 - INFO - 43 - azureml.training.tabular.score._validation.log_classification_debug:194 - Classification metrics debug: {'y_test': (248,), 'y_pred_probs': (248, 2), 'unique_y_test': (2,), 'class_labels': (2,), 'train_labels': (2,), 'n_missing_train': 0, 'n_missing_valid': 0, 'sample_weight': None}
2026-02-25 09:50:45.462 - INFO - 43 - azureml.training.tabular.score._scoring_utilities.__init__:522 - No positive_label provided but detected a binary classification task
2026-02-25 09:50:45.462 - INFO - 43 - azureml.training.tabular.score._scoring_utilities.__init__:522 - No positive_label provided but detected a binary classification task
2026-02-25 09:50:45.464 - INFO - 43 - azureml.training.tabular.score._validation.log_classification_debug:194 - Classification metrics debug: {'y_test': (248,), 'y_pred_probs': (248, 2), 'unique_y_test': (2,), 'class_labels': (2,), 'train_labels': (2,), 'n_missing_train': 0, 'n_missing_valid': 0, 'sample_weight': None}
2026-02-25 09:50:45.464 - INFO - 43 - azureml.training.tabular.score._validation.log_classification_debug:194 - Classification metrics debug: {'y_test': (248,), 'y_pred_probs': (248, 2), 'unique_y_test': (2,), 'class_labels': (2,), 'train_labels': (2,), 'n_missing_train': 0, 'n_missing_valid': 0, 'sample_weight': None}
2026-02-25 09:50:45.465 - INFO - 43 - azureml.training.tabular.score._scoring_utilities.__init__:522 - No positive_label provided but detected a binary classification task
2026-02-25 09:50:45.465 - INFO - 43 - azureml.training.tabular.score._scoring_utilities.__init__:522 - No positive_label provided but detected a binary classification task
2026-02-25 09:50:45.467 - INFO - 43 - azureml.training.tabular.score._validation.log_classification_debug:194 - Classification metrics debug: {'y_test': (248,), 'y_pred_probs': (248, 2), 'unique_y_test': (2,), 'class_labels': (2,), 'train_labels': (2,), 'n_missing_train': 0, 'n_missing_valid': 0, 'sample_weight': None}
2026-02-25 09:50:45.467 - INFO - 43 - azureml.training.tabular.score._validation.log_classification_debug:194 - Classification metrics debug: {'y_test': (248,), 'y_pred_probs': (248, 2), 'unique_y_test': (2,), 'class_labels': (2,), 'train_labels': (2,), 'n_missing_train': 0, 'n_missing_valid': 0, 'sample_weight': None}
2026-02-25 09:50:45.467 - INFO - 43 - azureml.training.tabular.score._scoring_utilities.__init__:522 - No positive_label provided but detected a binary classification task
2026-02-25 09:50:45.467 - INFO - 43 - azureml.training.tabular.score._scoring_utilities.__init__:522 - No positive_label provided but detected a binary classification task
2026-02-25 09:50:45.470 - INFO - 43 - azureml.training.tabular.score._validation.log_classification_debug:194 - Classification metrics debug: {'y_test': (249,), 'y_pred_probs': (249, 2), 'unique_y_test': (2,), 'class_labels': (2,), 'train_labels': (2,), 'n_missing_train': 0, 'n_missing_valid': 0, 'sample_weight': None}
2026-02-25 09:50:45.470 - INFO - 43 - azureml.training.tabular.score._validation.log_classification_debug:194 - Classification metrics debug: {'y_test': (249,), 'y_pred_probs': (249, 2), 'unique_y_test': (2,), 'class_labels': (2,), 'train_labels': (2,), 'n_missing_train': 0, 'n_missing_valid': 0, 'sample_weight': None}
2026-02-25 09:50:45.470 - INFO - 43 - azureml.training.tabular.score._scoring_utilities.__init__:522 - No positive_label provided but detected a binary classification task
2026-02-25 09:50:45.470 - INFO - 43 - azureml.training.tabular.score._scoring_utilities.__init__:522 - No positive_label provided but detected a binary classification task
2026-02-25 09:50:45.472 - INFO - 43 - azureml.training.tabular.score._validation.log_classification_debug:194 - Classification metrics debug: {'y_test': (249,), 'y_pred_probs': (249, 2), 'unique_y_test': (2,), 'class_labels': (2,), 'train_labels': (2,), 'n_missing_train': 0, 'n_missing_valid': 0, 'sample_weight': None}
2026-02-25 09:50:45.472 - INFO - 43 - azureml.training.tabular.score._validation.log_classification_debug:194 - Classification metrics debug: {'y_test': (249,), 'y_pred_probs': (249, 2), 'unique_y_test': (2,), 'class_labels': (2,), 'train_labels': (2,), 'n_missing_train': 0, 'n_missing_valid': 0, 'sample_weight': None}
2026-02-25 09:50:45.473 - INFO - 43 - azureml.training.tabular.score._scoring_utilities.__init__:522 - No positive_label provided but detected a binary classification task
2026-02-25 09:50:45.473 - INFO - 43 - azureml.training.tabular.score._scoring_utilities.__init__:522 - No positive_label provided but detected a binary classification task
2026-02-25 09:50:45.475 - INFO - 43 - azureml.training.tabular.score._validation.log_classification_debug:194 - Classification metrics debug: {'y_test': (248,), 'y_pred_probs': (248, 2), 'unique_y_test': (2,), 'class_labels': (2,), 'train_labels': (2,), 'n_missing_train': 0, 'n_missing_valid': 0, 'sample_weight': None}
2026-02-25 09:50:45.475 - INFO - 43 - azureml.training.tabular.score._validation.log_classification_debug:194 - Classification metrics debug: {'y_test': (248,), 'y_pred_probs': (248, 2), 'unique_y_test': (2,), 'class_labels': (2,), 'train_labels': (2,), 'n_missing_train': 0, 'n_missing_valid': 0, 'sample_weight': None}
2026-02-25 09:50:45.476 - INFO - 43 - azureml.training.tabular.score._scoring_utilities.__init__:522 - No positive_label provided but detected a binary classification task
2026-02-25 09:50:45.476 - INFO - 43 - azureml.training.tabular.score._scoring_utilities.__init__:522 - No positive_label provided but detected a binary classification task
2026-02-25 09:50:45.478 - INFO - 43 - azureml.training.tabular.score._validation.log_classification_debug:194 - Classification metrics debug: {'y_test': (248,), 'y_pred_probs': (248, 2), 'unique_y_test': (2,), 'class_labels': (2,), 'train_labels': (2,), 'n_missing_train': 0, 'n_missing_valid': 0, 'sample_weight': None}
2026-02-25 09:50:45.478 - INFO - 43 - azureml.training.tabular.score._validation.log_classification_debug:194 - Classification metrics debug: {'y_test': (248,), 'y_pred_probs': (248, 2), 'unique_y_test': (2,), 'class_labels': (2,), 'train_labels': (2,), 'n_missing_train': 0, 'n_missing_valid': 0, 'sample_weight': None}
2026-02-25 09:50:45.479 - INFO - 43 - azureml.training.tabular.score._scoring_utilities.__init__:522 - No positive_label provided but detected a binary classification task
2026-02-25 09:50:45.479 - INFO - 43 - azureml.training.tabular.score._scoring_utilities.__init__:522 - No positive_label provided but detected a binary classification task
2026-02-25 09:50:45.481 - INFO - 43 - azureml.training.tabular.score._validation.log_classification_debug:194 - Classification metrics debug: {'y_test': (248,), 'y_pred_probs': (248, 2), 'unique_y_test': (2,), 'class_labels': (2,), 'train_labels': (2,), 'n_missing_train': 0, 'n_missing_valid': 0, 'sample_weight': None}
2026-02-25 09:50:45.481 - INFO - 43 - azureml.training.tabular.score._validation.log_classification_debug:194 - Classification metrics debug: {'y_test': (248,), 'y_pred_probs': (248, 2), 'unique_y_test': (2,), 'class_labels': (2,), 'train_labels': (2,), 'n_missing_train': 0, 'n_missing_valid': 0, 'sample_weight': None}
2026-02-25 09:50:45.481 - INFO - 43 - azureml.training.tabular.score._scoring_utilities.__init__:522 - No positive_label provided but detected a binary classification task
2026-02-25 09:50:45.481 - INFO - 43 - azureml.training.tabular.score._scoring_utilities.__init__:522 - No positive_label provided but detected a binary classification task
2026-02-25 09:50:45.484 - INFO - 43 - azureml.training.tabular.score._validation.log_classification_debug:194 - Classification metrics debug: {'y_test': (249,), 'y_pred_probs': (249, 2), 'unique_y_test': (2,), 'class_labels': (2,), 'train_labels': (2,), 'n_missing_train': 0, 'n_missing_valid': 0, 'sample_weight': None}
2026-02-25 09:50:45.484 - INFO - 43 - azureml.training.tabular.score._validation.log_classification_debug:194 - Classification metrics debug: {'y_test': (249,), 'y_pred_probs': (249, 2), 'unique_y_test': (2,), 'class_labels': (2,), 'train_labels': (2,), 'n_missing_train': 0, 'n_missing_valid': 0, 'sample_weight': None}
2026-02-25 09:50:45.484 - INFO - 43 - azureml.training.tabular.score._scoring_utilities.__init__:522 - No positive_label provided but detected a binary classification task
2026-02-25 09:50:45.484 - INFO - 43 - azureml.training.tabular.score._scoring_utilities.__init__:522 - No positive_label provided but detected a binary classification task
2026-02-25 09:50:45.486 - INFO - 43 - azureml.training.tabular.score._validation.log_classification_debug:194 - Classification metrics debug: {'y_test': (249,), 'y_pred_probs': (249, 2), 'unique_y_test': (2,), 'class_labels': (2,), 'train_labels': (2,), 'n_missing_train': 0, 'n_missing_valid': 0, 'sample_weight': None}
2026-02-25 09:50:45.486 - INFO - 43 - azureml.training.tabular.score._validation.log_classification_debug:194 - Classification metrics debug: {'y_test': (249,), 'y_pred_probs': (249, 2), 'unique_y_test': (2,), 'class_labels': (2,), 'train_labels': (2,), 'n_missing_train': 0, 'n_missing_valid': 0, 'sample_weight': None}
2026-02-25 09:50:45.487 - INFO - 43 - azureml.training.tabular.score._scoring_utilities.__init__:522 - No positive_label provided but detected a binary classification task
2026-02-25 09:50:45.487 - INFO - 43 - azureml.training.tabular.score._scoring_utilities.__init__:522 - No positive_label provided but detected a binary classification task
2026-02-25 09:50:45.489 - INFO - 43 - azureml.training.tabular.score._validation.log_classification_debug:194 - Classification metrics debug: {'y_test': (248,), 'y_pred_probs': (248, 2), 'unique_y_test': (2,), 'class_labels': (2,), 'train_labels': (2,), 'n_missing_train': 0, 'n_missing_valid': 0, 'sample_weight': None}
2026-02-25 09:50:45.489 - INFO - 43 - azureml.training.tabular.score._validation.log_classification_debug:194 - Classification metrics debug: {'y_test': (248,), 'y_pred_probs': (248, 2), 'unique_y_test': (2,), 'class_labels': (2,), 'train_labels': (2,), 'n_missing_train': 0, 'n_missing_valid': 0, 'sample_weight': None}
2026-02-25 09:50:45.490 - INFO - 43 - azureml.training.tabular.score._scoring_utilities.__init__:522 - No positive_label provided but detected a binary classification task
2026-02-25 09:50:45.490 - INFO - 43 - azureml.training.tabular.score._scoring_utilities.__init__:522 - No positive_label provided but detected a binary classification task
2026-02-25 09:50:45.492 - INFO - 43 - azureml.training.tabular.score._validation.log_classification_debug:194 - Classification metrics debug: {'y_test': (248,), 'y_pred_probs': (248, 2), 'unique_y_test': (2,), 'class_labels': (2,), 'train_labels': (2,), 'n_missing_train': 0, 'n_missing_valid': 0, 'sample_weight': None}
2026-02-25 09:50:45.492 - INFO - 43 - azureml.training.tabular.score._validation.log_classification_debug:194 - Classification metrics debug: {'y_test': (248,), 'y_pred_probs': (248, 2), 'unique_y_test': (2,), 'class_labels': (2,), 'train_labels': (2,), 'n_missing_train': 0, 'n_missing_valid': 0, 'sample_weight': None}
2026-02-25 09:50:45.493 - INFO - 43 - azureml.training.tabular.score._scoring_utilities.__init__:522 - No positive_label provided but detected a binary classification task
2026-02-25 09:50:45.493 - INFO - 43 - azureml.training.tabular.score._scoring_utilities.__init__:522 - No positive_label provided but detected a binary classification task
2026-02-25 09:50:45.494 - INFO - 43 - azureml.training.tabular.score._validation.log_classification_debug:194 - Classification metrics debug: {'y_test': (248,), 'y_pred_probs': (248, 2), 'unique_y_test': (2,), 'class_labels': (2,), 'train_labels': (2,), 'n_missing_train': 0, 'n_missing_valid': 0, 'sample_weight': None}
2026-02-25 09:50:45.494 - INFO - 43 - azureml.training.tabular.score._validation.log_classification_debug:194 - Classification metrics debug: {'y_test': (248,), 'y_pred_probs': (248, 2), 'unique_y_test': (2,), 'class_labels': (2,), 'train_labels': (2,), 'n_missing_train': 0, 'n_missing_valid': 0, 'sample_weight': None}
2026-02-25 09:50:45.495 - INFO - 43 - azureml.training.tabular.score._scoring_utilities.__init__:522 - No positive_label provided but detected a binary classification task
2026-02-25 09:50:45.495 - INFO - 43 - azureml.training.tabular.score._scoring_utilities.__init__:522 - No positive_label provided but detected a binary classification task
2026-02-25 09:50:45.498 - INFO - 43 - azureml.training.tabular.score._validation.log_classification_debug:194 - Classification metrics debug: {'y_test': (249,), 'y_pred_probs': (249, 2), 'unique_y_test': (2,), 'class_labels': (2,), 'train_labels': (2,), 'n_missing_train': 0, 'n_missing_valid': 0, 'sample_weight': None}
2026-02-25 09:50:45.498 - INFO - 43 - azureml.training.tabular.score._validation.log_classification_debug:194 - Classification metrics debug: {'y_test': (249,), 'y_pred_probs': (249, 2), 'unique_y_test': (2,), 'class_labels': (2,), 'train_labels': (2,), 'n_missing_train': 0, 'n_missing_valid': 0, 'sample_weight': None}
2026-02-25 09:50:45.498 - INFO - 43 - azureml.training.tabular.score._scoring_utilities.__init__:522 - No positive_label provided but detected a binary classification task
2026-02-25 09:50:45.498 - INFO - 43 - azureml.training.tabular.score._scoring_utilities.__init__:522 - No positive_label provided but detected a binary classification task
2026-02-25 09:50:45.500 - INFO - 43 - azureml.training.tabular.score._validation.log_classification_debug:194 - Classification metrics debug: {'y_test': (249,), 'y_pred_probs': (249, 2), 'unique_y_test': (2,), 'class_labels': (2,), 'train_labels': (2,), 'n_missing_train': 0, 'n_missing_valid': 0, 'sample_weight': None}
2026-02-25 09:50:45.500 - INFO - 43 - azureml.training.tabular.score._validation.log_classification_debug:194 - Classification metrics debug: {'y_test': (249,), 'y_pred_probs': (249, 2), 'unique_y_test': (2,), 'class_labels': (2,), 'train_labels': (2,), 'n_missing_train': 0, 'n_missing_valid': 0, 'sample_weight': None}
2026-02-25 09:50:45.501 - INFO - 43 - azureml.training.tabular.score._scoring_utilities.__init__:522 - No positive_label provided but detected a binary classification task
2026-02-25 09:50:45.501 - INFO - 43 - azureml.training.tabular.score._scoring_utilities.__init__:522 - No positive_label provided but detected a binary classification task
2026-02-25 09:50:45.503 - INFO - 43 - azureml.training.tabular.score._validation.log_classification_debug:194 - Classification metrics debug: {'y_test': (248,), 'y_pred_probs': (248, 2), 'unique_y_test': (2,), 'class_labels': (2,), 'train_labels': (2,), 'n_missing_train': 0, 'n_missing_valid': 0, 'sample_weight': None}
2026-02-25 09:50:45.503 - INFO - 43 - azureml.training.tabular.score._validation.log_classification_debug:194 - Classification metrics debug: {'y_test': (248,), 'y_pred_probs': (248, 2), 'unique_y_test': (2,), 'class_labels': (2,), 'train_labels': (2,), 'n_missing_train': 0, 'n_missing_valid': 0, 'sample_weight': None}
2026-02-25 09:50:45.504 - INFO - 43 - azureml.training.tabular.score._scoring_utilities.__init__:522 - No positive_label provided but detected a binary classification task
2026-02-25 09:50:45.504 - INFO - 43 - azureml.training.tabular.score._scoring_utilities.__init__:522 - No positive_label provided but detected a binary classification task
2026-02-25 09:50:45.506 - INFO - 43 - azureml.training.tabular.score._validation.log_classification_debug:194 - Classification metrics debug: {'y_test': (248,), 'y_pred_probs': (248, 2), 'unique_y_test': (2,), 'class_labels': (2,), 'train_labels': (2,), 'n_missing_train': 0, 'n_missing_valid': 0, 'sample_weight': None}
2026-02-25 09:50:45.506 - INFO - 43 - azureml.training.tabular.score._validation.log_classification_debug:194 - Classification metrics debug: {'y_test': (248,), 'y_pred_probs': (248, 2), 'unique_y_test': (2,), 'class_labels': (2,), 'train_labels': (2,), 'n_missing_train': 0, 'n_missing_valid': 0, 'sample_weight': None}
2026-02-25 09:50:45.507 - INFO - 43 - azureml.training.tabular.score._scoring_utilities.__init__:522 - No positive_label provided but detected a binary classification task
2026-02-25 09:50:45.507 - INFO - 43 - azureml.training.tabular.score._scoring_utilities.__init__:522 - No positive_label provided but detected a binary classification task
2026-02-25 09:50:45.508 - INFO - 43 - azureml.training.tabular.score._validation.log_classification_debug:194 - Classification metrics debug: {'y_test': (248,), 'y_pred_probs': (248, 2), 'unique_y_test': (2,), 'class_labels': (2,), 'train_labels': (2,), 'n_missing_train': 0, 'n_missing_valid': 0, 'sample_weight': None}
2026-02-25 09:50:45.508 - INFO - 43 - azureml.training.tabular.score._validation.log_classification_debug:194 - Classification metrics debug: {'y_test': (248,), 'y_pred_probs': (248, 2), 'unique_y_test': (2,), 'class_labels': (2,), 'train_labels': (2,), 'n_missing_train': 0, 'n_missing_valid': 0, 'sample_weight': None}
2026-02-25 09:50:45.509 - INFO - 43 - azureml.training.tabular.score._scoring_utilities.__init__:522 - No positive_label provided but detected a binary classification task
2026-02-25 09:50:45.509 - INFO - 43 - azureml.training.tabular.score._scoring_utilities.__init__:522 - No positive_label provided but detected a binary classification task
2026-02-25 09:50:45.511 - INFO - 43 - azureml.training.tabular.score._validation.log_classification_debug:194 - Classification metrics debug: {'y_test': (249,), 'y_pred_probs': (249, 2), 'unique_y_test': (2,), 'class_labels': (2,), 'train_labels': (2,), 'n_missing_train': 0, 'n_missing_valid': 0, 'sample_weight': None}
2026-02-25 09:50:45.511 - INFO - 43 - azureml.training.tabular.score._validation.log_classification_debug:194 - Classification metrics debug: {'y_test': (249,), 'y_pred_probs': (249, 2), 'unique_y_test': (2,), 'class_labels': (2,), 'train_labels': (2,), 'n_missing_train': 0, 'n_missing_valid': 0, 'sample_weight': None}
2026-02-25 09:50:45.512 - INFO - 43 - azureml.training.tabular.score._scoring_utilities.__init__:522 - No positive_label provided but detected a binary classification task
2026-02-25 09:50:45.512 - INFO - 43 - azureml.training.tabular.score._scoring_utilities.__init__:522 - No positive_label provided but detected a binary classification task
2026-02-25 09:50:45.514 - INFO - 43 - azureml.training.tabular.score._validation.log_classification_debug:194 - Classification metrics debug: {'y_test': (249,), 'y_pred_probs': (249, 2), 'unique_y_test': (2,), 'class_labels': (2,), 'train_labels': (2,), 'n_missing_train': 0, 'n_missing_valid': 0, 'sample_weight': None}
2026-02-25 09:50:45.514 - INFO - 43 - azureml.training.tabular.score._validation.log_classification_debug:194 - Classification metrics debug: {'y_test': (249,), 'y_pred_probs': (249, 2), 'unique_y_test': (2,), 'class_labels': (2,), 'train_labels': (2,), 'n_missing_train': 0, 'n_missing_valid': 0, 'sample_weight': None}
2026-02-25 09:50:45.515 - INFO - 43 - azureml.training.tabular.score._scoring_utilities.__init__:522 - No positive_label provided but detected a binary classification task
2026-02-25 09:50:45.515 - INFO - 43 - azureml.training.tabular.score._scoring_utilities.__init__:522 - No positive_label provided but detected a binary classification task
2026-02-25 09:50:45.517 - INFO - 43 - azureml.training.tabular.score._validation.log_classification_debug:194 - Classification metrics debug: {'y_test': (248,), 'y_pred_probs': (248, 2), 'unique_y_test': (2,), 'class_labels': (2,), 'train_labels': (2,), 'n_missing_train': 0, 'n_missing_valid': 0, 'sample_weight': None}
2026-02-25 09:50:45.517 - INFO - 43 - azureml.training.tabular.score._validation.log_classification_debug:194 - Classification metrics debug: {'y_test': (248,), 'y_pred_probs': (248, 2), 'unique_y_test': (2,), 'class_labels': (2,), 'train_labels': (2,), 'n_missing_train': 0, 'n_missing_valid': 0, 'sample_weight': None}
2026-02-25 09:50:45.518 - INFO - 43 - azureml.training.tabular.score._scoring_utilities.__init__:522 - No positive_label provided but detected a binary classification task
2026-02-25 09:50:45.518 - INFO - 43 - azureml.training.tabular.score._scoring_utilities.__init__:522 - No positive_label provided but detected a binary classification task
2026-02-25 09:50:45.520 - INFO - 43 - azureml.training.tabular.score._validation.log_classification_debug:194 - Classification metrics debug: {'y_test': (248,), 'y_pred_probs': (248, 2), 'unique_y_test': (2,), 'class_labels': (2,), 'train_labels': (2,), 'n_missing_train': 0, 'n_missing_valid': 0, 'sample_weight': None}
2026-02-25 09:50:45.520 - INFO - 43 - azureml.training.tabular.score._validation.log_classification_debug:194 - Classification metrics debug: {'y_test': (248,), 'y_pred_probs': (248, 2), 'unique_y_test': (2,), 'class_labels': (2,), 'train_labels': (2,), 'n_missing_train': 0, 'n_missing_valid': 0, 'sample_weight': None}
2026-02-25 09:50:45.520 - INFO - 43 - azureml.training.tabular.score._scoring_utilities.__init__:522 - No positive_label provided but detected a binary classification task
2026-02-25 09:50:45.520 - INFO - 43 - azureml.training.tabular.score._scoring_utilities.__init__:522 - No positive_label provided but detected a binary classification task
2026-02-25 09:50:45.522 - INFO - 43 - azureml.training.tabular.score._validation.log_classification_debug:194 - Classification metrics debug: {'y_test': (248,), 'y_pred_probs': (248, 2), 'unique_y_test': (2,), 'class_labels': (2,), 'train_labels': (2,), 'n_missing_train': 0, 'n_missing_valid': 0, 'sample_weight': None}
2026-02-25 09:50:45.522 - INFO - 43 - azureml.training.tabular.score._validation.log_classification_debug:194 - Classification metrics debug: {'y_test': (248,), 'y_pred_probs': (248, 2), 'unique_y_test': (2,), 'class_labels': (2,), 'train_labels': (2,), 'n_missing_train': 0, 'n_missing_valid': 0, 'sample_weight': None}
2026-02-25 09:50:45.523 - INFO - 43 - azureml.training.tabular.score._scoring_utilities.__init__:522 - No positive_label provided but detected a binary classification task
2026-02-25 09:50:45.523 - INFO - 43 - azureml.training.tabular.score._scoring_utilities.__init__:522 - No positive_label provided but detected a binary classification task
2026-02-25 09:50:45.525 - INFO - 43 - azureml.training.tabular.score._validation.log_classification_debug:194 - Classification metrics debug: {'y_test': (249,), 'y_pred_probs': (249, 2), 'unique_y_test': (2,), 'class_labels': (2,), 'train_labels': (2,), 'n_missing_train': 0, 'n_missing_valid': 0, 'sample_weight': None}
2026-02-25 09:50:45.525 - INFO - 43 - azureml.training.tabular.score._validation.log_classification_debug:194 - Classification metrics debug: {'y_test': (249,), 'y_pred_probs': (249, 2), 'unique_y_test': (2,), 'class_labels': (2,), 'train_labels': (2,), 'n_missing_train': 0, 'n_missing_valid': 0, 'sample_weight': None}
2026-02-25 09:50:45.526 - INFO - 43 - azureml.training.tabular.score._scoring_utilities.__init__:522 - No positive_label provided but detected a binary classification task
2026-02-25 09:50:45.526 - INFO - 43 - azureml.training.tabular.score._scoring_utilities.__init__:522 - No positive_label provided but detected a binary classification task
2026-02-25 09:50:45.528 - INFO - 43 - azureml.training.tabular.score._validation.log_classification_debug:194 - Classification metrics debug: {'y_test': (249,), 'y_pred_probs': (249, 2), 'unique_y_test': (2,), 'class_labels': (2,), 'train_labels': (2,), 'n_missing_train': 0, 'n_missing_valid': 0, 'sample_weight': None}
2026-02-25 09:50:45.528 - INFO - 43 - azureml.training.tabular.score._validation.log_classification_debug:194 - Classification metrics debug: {'y_test': (249,), 'y_pred_probs': (249, 2), 'unique_y_test': (2,), 'class_labels': (2,), 'train_labels': (2,), 'n_missing_train': 0, 'n_missing_valid': 0, 'sample_weight': None}
2026-02-25 09:50:45.529 - INFO - 43 - azureml.training.tabular.score._scoring_utilities.__init__:522 - No positive_label provided but detected a binary classification task
2026-02-25 09:50:45.529 - INFO - 43 - azureml.training.tabular.score._scoring_utilities.__init__:522 - No positive_label provided but detected a binary classification task
2026-02-25 09:50:45.531 - INFO - 43 - azureml.training.tabular.score._validation.log_classification_debug:194 - Classification metrics debug: {'y_test': (248,), 'y_pred_probs': (248, 2), 'unique_y_test': (2,), 'class_labels': (2,), 'train_labels': (2,), 'n_missing_train': 0, 'n_missing_valid': 0, 'sample_weight': None}
2026-02-25 09:50:45.531 - INFO - 43 - azureml.training.tabular.score._validation.log_classification_debug:194 - Classification metrics debug: {'y_test': (248,), 'y_pred_probs': (248, 2), 'unique_y_test': (2,), 'class_labels': (2,), 'train_labels': (2,), 'n_missing_train': 0, 'n_missing_valid': 0, 'sample_weight': None}
2026-02-25 09:50:45.532 - INFO - 43 - azureml.training.tabular.score._scoring_utilities.__init__:522 - No positive_label provided but detected a binary classification task
2026-02-25 09:50:45.532 - INFO - 43 - azureml.training.tabular.score._scoring_utilities.__init__:522 - No positive_label provided but detected a binary classification task
2026-02-25 09:50:45.534 - INFO - 43 - azureml.training.tabular.score._validation.log_classification_debug:194 - Classification metrics debug: {'y_test': (248,), 'y_pred_probs': (248, 2), 'unique_y_test': (2,), 'class_labels': (2,), 'train_labels': (2,), 'n_missing_train': 0, 'n_missing_valid': 0, 'sample_weight': None}
2026-02-25 09:50:45.534 - INFO - 43 - azureml.training.tabular.score._validation.log_classification_debug:194 - Classification metrics debug: {'y_test': (248,), 'y_pred_probs': (248, 2), 'unique_y_test': (2,), 'class_labels': (2,), 'train_labels': (2,), 'n_missing_train': 0, 'n_missing_valid': 0, 'sample_weight': None}
2026-02-25 09:50:45.534 - INFO - 43 - azureml.training.tabular.score._scoring_utilities.__init__:522 - No positive_label provided but detected a binary classification task
2026-02-25 09:50:45.534 - INFO - 43 - azureml.training.tabular.score._scoring_utilities.__init__:522 - No positive_label provided but detected a binary classification task
2026-02-25 09:50:45.536 - INFO - 43 - azureml.training.tabular.score._validation.log_classification_debug:194 - Classification metrics debug: {'y_test': (248,), 'y_pred_probs': (248, 2), 'unique_y_test': (2,), 'class_labels': (2,), 'train_labels': (2,), 'n_missing_train': 0, 'n_missing_valid': 0, 'sample_weight': None}
2026-02-25 09:50:45.536 - INFO - 43 - azureml.training.tabular.score._validation.log_classification_debug:194 - Classification metrics debug: {'y_test': (248,), 'y_pred_probs': (248, 2), 'unique_y_test': (2,), 'class_labels': (2,), 'train_labels': (2,), 'n_missing_train': 0, 'n_missing_valid': 0, 'sample_weight': None}
2026-02-25 09:50:45.537 - INFO - 43 - azureml.training.tabular.score._scoring_utilities.__init__:522 - No positive_label provided but detected a binary classification task
2026-02-25 09:50:45.537 - INFO - 43 - azureml.training.tabular.score._scoring_utilities.__init__:522 - No positive_label provided but detected a binary classification task
2026-02-25 09:50:45.540 - INFO - 43 - azureml.training.tabular.score._validation.log_classification_debug:194 - Classification metrics debug: {'y_test': (249,), 'y_pred_probs': (249, 2), 'unique_y_test': (2,), 'class_labels': (2,), 'train_labels': (2,), 'n_missing_train': 0, 'n_missing_valid': 0, 'sample_weight': None}
2026-02-25 09:50:45.540 - INFO - 43 - azureml.training.tabular.score._validation.log_classification_debug:194 - Classification metrics debug: {'y_test': (249,), 'y_pred_probs': (249, 2), 'unique_y_test': (2,), 'class_labels': (2,), 'train_labels': (2,), 'n_missing_train': 0, 'n_missing_valid': 0, 'sample_weight': None}
2026-02-25 09:50:45.540 - INFO - 43 - azureml.training.tabular.score._scoring_utilities.__init__:522 - No positive_label provided but detected a binary classification task
2026-02-25 09:50:45.540 - INFO - 43 - azureml.training.tabular.score._scoring_utilities.__init__:522 - No positive_label provided but detected a binary classification task
2026-02-25 09:50:45.542 - INFO - 43 - azureml.training.tabular.score._validation.log_classification_debug:194 - Classification metrics debug: {'y_test': (249,), 'y_pred_probs': (249, 2), 'unique_y_test': (2,), 'class_labels': (2,), 'train_labels': (2,), 'n_missing_train': 0, 'n_missing_valid': 0, 'sample_weight': None}
2026-02-25 09:50:45.542 - INFO - 43 - azureml.training.tabular.score._validation.log_classification_debug:194 - Classification metrics debug: {'y_test': (249,), 'y_pred_probs': (249, 2), 'unique_y_test': (2,), 'class_labels': (2,), 'train_labels': (2,), 'n_missing_train': 0, 'n_missing_valid': 0, 'sample_weight': None}
2026-02-25 09:50:45.543 - INFO - 43 - azureml.training.tabular.score._scoring_utilities.__init__:522 - No positive_label provided but detected a binary classification task
2026-02-25 09:50:45.543 - INFO - 43 - azureml.training.tabular.score._scoring_utilities.__init__:522 - No positive_label provided but detected a binary classification task
2026-02-25 09:50:45.545 - INFO - 43 - azureml.training.tabular.score._validation.log_classification_debug:194 - Classification metrics debug: {'y_test': (248,), 'y_pred_probs': (248, 2), 'unique_y_test': (2,), 'class_labels': (2,), 'train_labels': (2,), 'n_missing_train': 0, 'n_missing_valid': 0, 'sample_weight': None}
2026-02-25 09:50:45.545 - INFO - 43 - azureml.training.tabular.score._validation.log_classification_debug:194 - Classification metrics debug: {'y_test': (248,), 'y_pred_probs': (248, 2), 'unique_y_test': (2,), 'class_labels': (2,), 'train_labels': (2,), 'n_missing_train': 0, 'n_missing_valid': 0, 'sample_weight': None}
2026-02-25 09:50:45.546 - INFO - 43 - azureml.training.tabular.score._scoring_utilities.__init__:522 - No positive_label provided but detected a binary classification task
2026-02-25 09:50:45.546 - INFO - 43 - azureml.training.tabular.score._scoring_utilities.__init__:522 - No positive_label provided but detected a binary classification task
2026-02-25 09:50:45.548 - INFO - 43 - azureml.training.tabular.score._validation.log_classification_debug:194 - Classification metrics debug: {'y_test': (248,), 'y_pred_probs': (248, 2), 'unique_y_test': (2,), 'class_labels': (2,), 'train_labels': (2,), 'n_missing_train': 0, 'n_missing_valid': 0, 'sample_weight': None}
2026-02-25 09:50:45.548 - INFO - 43 - azureml.training.tabular.score._validation.log_classification_debug:194 - Classification metrics debug: {'y_test': (248,), 'y_pred_probs': (248, 2), 'unique_y_test': (2,), 'class_labels': (2,), 'train_labels': (2,), 'n_missing_train': 0, 'n_missing_valid': 0, 'sample_weight': None}
2026-02-25 09:50:45.549 - INFO - 43 - azureml.training.tabular.score._scoring_utilities.__init__:522 - No positive_label provided but detected a binary classification task
2026-02-25 09:50:45.549 - INFO - 43 - azureml.training.tabular.score._scoring_utilities.__init__:522 - No positive_label provided but detected a binary classification task
2026-02-25 09:50:45.550 - INFO - 43 - azureml.training.tabular.score._validation.log_classification_debug:194 - Classification metrics debug: {'y_test': (248,), 'y_pred_probs': (248, 2), 'unique_y_test': (2,), 'class_labels': (2,), 'train_labels': (2,), 'n_missing_train': 0, 'n_missing_valid': 0, 'sample_weight': None}
2026-02-25 09:50:45.550 - INFO - 43 - azureml.training.tabular.score._validation.log_classification_debug:194 - Classification metrics debug: {'y_test': (248,), 'y_pred_probs': (248, 2), 'unique_y_test': (2,), 'class_labels': (2,), 'train_labels': (2,), 'n_missing_train': 0, 'n_missing_valid': 0, 'sample_weight': None}
2026-02-25 09:50:45.551 - INFO - 43 - azureml.training.tabular.score._scoring_utilities.__init__:522 - No positive_label provided but detected a binary classification task
2026-02-25 09:50:45.551 - INFO - 43 - azureml.training.tabular.score._scoring_utilities.__init__:522 - No positive_label provided but detected a binary classification task
2026-02-25 09:50:45.553 - INFO - 43 - azureml.training.tabular.score._validation.log_classification_debug:194 - Classification metrics debug: {'y_test': (249,), 'y_pred_probs': (249, 2), 'unique_y_test': (2,), 'class_labels': (2,), 'train_labels': (2,), 'n_missing_train': 0, 'n_missing_valid': 0, 'sample_weight': None}
2026-02-25 09:50:45.553 - INFO - 43 - azureml.training.tabular.score._validation.log_classification_debug:194 - Classification metrics debug: {'y_test': (249,), 'y_pred_probs': (249, 2), 'unique_y_test': (2,), 'class_labels': (2,), 'train_labels': (2,), 'n_missing_train': 0, 'n_missing_valid': 0, 'sample_weight': None}
2026-02-25 09:50:45.554 - INFO - 43 - azureml.training.tabular.score._scoring_utilities.__init__:522 - No positive_label provided but detected a binary classification task
2026-02-25 09:50:45.554 - INFO - 43 - azureml.training.tabular.score._scoring_utilities.__init__:522 - No positive_label provided but detected a binary classification task
2026-02-25 09:50:45.556 - INFO - 43 - azureml.training.tabular.score._validation.log_classification_debug:194 - Classification metrics debug: {'y_test': (249,), 'y_pred_probs': (249, 2), 'unique_y_test': (2,), 'class_labels': (2,), 'train_labels': (2,), 'n_missing_train': 0, 'n_missing_valid': 0, 'sample_weight': None}
2026-02-25 09:50:45.556 - INFO - 43 - azureml.training.tabular.score._validation.log_classification_debug:194 - Classification metrics debug: {'y_test': (249,), 'y_pred_probs': (249, 2), 'unique_y_test': (2,), 'class_labels': (2,), 'train_labels': (2,), 'n_missing_train': 0, 'n_missing_valid': 0, 'sample_weight': None}
2026-02-25 09:50:45.557 - INFO - 43 - azureml.training.tabular.score._scoring_utilities.__init__:522 - No positive_label provided but detected a binary classification task
2026-02-25 09:50:45.557 - INFO - 43 - azureml.training.tabular.score._scoring_utilities.__init__:522 - No positive_label provided but detected a binary classification task
2026-02-25 09:50:45.561 - INFO - 43 - azureml.training.tabular.score._validation.log_classification_debug:194 - Classification metrics debug: {'y_test': (248,), 'y_pred_probs': (248, 2), 'unique_y_test': (2,), 'class_labels': (2,), 'train_labels': (2,), 'n_missing_train': 0, 'n_missing_valid': 0, 'sample_weight': None}
2026-02-25 09:50:45.561 - INFO - 43 - azureml.training.tabular.score._validation.log_classification_debug:194 - Classification metrics debug: {'y_test': (248,), 'y_pred_probs': (248, 2), 'unique_y_test': (2,), 'class_labels': (2,), 'train_labels': (2,), 'n_missing_train': 0, 'n_missing_valid': 0, 'sample_weight': None}
2026-02-25 09:50:45.562 - INFO - 43 - azureml.training.tabular.score._scoring_utilities.__init__:522 - No positive_label provided but detected a binary classification task
2026-02-25 09:50:45.562 - INFO - 43 - azureml.training.tabular.score._scoring_utilities.__init__:522 - No positive_label provided but detected a binary classification task
2026-02-25 09:50:45.564 - INFO - 43 - azureml.training.tabular.score._validation.log_classification_debug:194 - Classification metrics debug: {'y_test': (248,), 'y_pred_probs': (248, 2), 'unique_y_test': (2,), 'class_labels': (2,), 'train_labels': (2,), 'n_missing_train': 0, 'n_missing_valid': 0, 'sample_weight': None}
2026-02-25 09:50:45.564 - INFO - 43 - azureml.training.tabular.score._validation.log_classification_debug:194 - Classification metrics debug: {'y_test': (248,), 'y_pred_probs': (248, 2), 'unique_y_test': (2,), 'class_labels': (2,), 'train_labels': (2,), 'n_missing_train': 0, 'n_missing_valid': 0, 'sample_weight': None}
2026-02-25 09:50:45.565 - INFO - 43 - azureml.training.tabular.score._scoring_utilities.__init__:522 - No positive_label provided but detected a binary classification task
2026-02-25 09:50:45.565 - INFO - 43 - azureml.training.tabular.score._scoring_utilities.__init__:522 - No positive_label provided but detected a binary classification task
2026-02-25 09:50:45.567 - INFO - 43 - azureml.training.tabular.score._validation.log_classification_debug:194 - Classification metrics debug: {'y_test': (248,), 'y_pred_probs': (248, 2), 'unique_y_test': (2,), 'class_labels': (2,), 'train_labels': (2,), 'n_missing_train': 0, 'n_missing_valid': 0, 'sample_weight': None}
2026-02-25 09:50:45.567 - INFO - 43 - azureml.training.tabular.score._validation.log_classification_debug:194 - Classification metrics debug: {'y_test': (248,), 'y_pred_probs': (248, 2), 'unique_y_test': (2,), 'class_labels': (2,), 'train_labels': (2,), 'n_missing_train': 0, 'n_missing_valid': 0, 'sample_weight': None}
2026-02-25 09:50:45.567 - INFO - 43 - azureml.training.tabular.score._scoring_utilities.__init__:522 - No positive_label provided but detected a binary classification task
2026-02-25 09:50:45.567 - INFO - 43 - azureml.training.tabular.score._scoring_utilities.__init__:522 - No positive_label provided but detected a binary classification task
2026-02-25 09:50:45.570 - INFO - 43 - azureml.training.tabular.score._validation.log_classification_debug:194 - Classification metrics debug: {'y_test': (249,), 'y_pred_probs': (249, 2), 'unique_y_test': (2,), 'class_labels': (2,), 'train_labels': (2,), 'n_missing_train': 0, 'n_missing_valid': 0, 'sample_weight': None}
2026-02-25 09:50:45.570 - INFO - 43 - azureml.training.tabular.score._validation.log_classification_debug:194 - Classification metrics debug: {'y_test': (249,), 'y_pred_probs': (249, 2), 'unique_y_test': (2,), 'class_labels': (2,), 'train_labels': (2,), 'n_missing_train': 0, 'n_missing_valid': 0, 'sample_weight': None}
2026-02-25 09:50:45.571 - INFO - 43 - azureml.training.tabular.score._scoring_utilities.__init__:522 - No positive_label provided but detected a binary classification task
2026-02-25 09:50:45.571 - INFO - 43 - azureml.training.tabular.score._scoring_utilities.__init__:522 - No positive_label provided but detected a binary classification task
2026-02-25 09:50:45.573 - INFO - 43 - azureml.training.tabular.score._validation.log_classification_debug:194 - Classification metrics debug: {'y_test': (249,), 'y_pred_probs': (249, 2), 'unique_y_test': (2,), 'class_labels': (2,), 'train_labels': (2,), 'n_missing_train': 0, 'n_missing_valid': 0, 'sample_weight': None}
2026-02-25 09:50:45.573 - INFO - 43 - azureml.training.tabular.score._validation.log_classification_debug:194 - Classification metrics debug: {'y_test': (249,), 'y_pred_probs': (249, 2), 'unique_y_test': (2,), 'class_labels': (2,), 'train_labels': (2,), 'n_missing_train': 0, 'n_missing_valid': 0, 'sample_weight': None}
2026-02-25 09:50:45.574 - INFO - 43 - azureml.training.tabular.score._scoring_utilities.__init__:522 - No positive_label provided but detected a binary classification task
2026-02-25 09:50:45.574 - INFO - 43 - azureml.training.tabular.score._scoring_utilities.__init__:522 - No positive_label provided but detected a binary classification task
2026-02-25 09:50:45.576 - INFO - 43 - azureml.training.tabular.score._validation.log_classification_debug:194 - Classification metrics debug: {'y_test': (248,), 'y_pred_probs': (248, 2), 'unique_y_test': (2,), 'class_labels': (2,), 'train_labels': (2,), 'n_missing_train': 0, 'n_missing_valid': 0, 'sample_weight': None}
2026-02-25 09:50:45.576 - INFO - 43 - azureml.training.tabular.score._validation.log_classification_debug:194 - Classification metrics debug: {'y_test': (248,), 'y_pred_probs': (248, 2), 'unique_y_test': (2,), 'class_labels': (2,), 'train_labels': (2,), 'n_missing_train': 0, 'n_missing_valid': 0, 'sample_weight': None}
2026-02-25 09:50:45.577 - INFO - 43 - azureml.training.tabular.score._scoring_utilities.__init__:522 - No positive_label provided but detected a binary classification task
2026-02-25 09:50:45.577 - INFO - 43 - azureml.training.tabular.score._scoring_utilities.__init__:522 - No positive_label provided but detected a binary classification task
2026-02-25 09:50:45.579 - INFO - 43 - azureml.training.tabular.score._validation.log_classification_debug:194 - Classification metrics debug: {'y_test': (248,), 'y_pred_probs': (248, 2), 'unique_y_test': (2,), 'class_labels': (2,), 'train_labels': (2,), 'n_missing_train': 0, 'n_missing_valid': 0, 'sample_weight': None}
2026-02-25 09:50:45.579 - INFO - 43 - azureml.training.tabular.score._validation.log_classification_debug:194 - Classification metrics debug: {'y_test': (248,), 'y_pred_probs': (248, 2), 'unique_y_test': (2,), 'class_labels': (2,), 'train_labels': (2,), 'n_missing_train': 0, 'n_missing_valid': 0, 'sample_weight': None}
2026-02-25 09:50:45.579 - INFO - 43 - azureml.training.tabular.score._scoring_utilities.__init__:522 - No positive_label provided but detected a binary classification task
2026-02-25 09:50:45.579 - INFO - 43 - azureml.training.tabular.score._scoring_utilities.__init__:522 - No positive_label provided but detected a binary classification task
2026-02-25 09:50:45.582 - INFO - 43 - azureml.training.tabular.score._validation.log_classification_debug:194 - Classification metrics debug: {'y_test': (248,), 'y_pred_probs': (248, 2), 'unique_y_test': (2,), 'class_labels': (2,), 'train_labels': (2,), 'n_missing_train': 0, 'n_missing_valid': 0, 'sample_weight': None}
2026-02-25 09:50:45.582 - INFO - 43 - azureml.training.tabular.score._validation.log_classification_debug:194 - Classification metrics debug: {'y_test': (248,), 'y_pred_probs': (248, 2), 'unique_y_test': (2,), 'class_labels': (2,), 'train_labels': (2,), 'n_missing_train': 0, 'n_missing_valid': 0, 'sample_weight': None}
2026-02-25 09:50:45.583 - INFO - 43 - azureml.training.tabular.score._scoring_utilities.__init__:522 - No positive_label provided but detected a binary classification task
2026-02-25 09:50:45.583 - INFO - 43 - azureml.training.tabular.score._scoring_utilities.__init__:522 - No positive_label provided but detected a binary classification task
2026-02-25 09:50:45.585 - INFO - 43 - azureml.training.tabular.score._validation.log_classification_debug:194 - Classification metrics debug: {'y_test': (249,), 'y_pred_probs': (249, 2), 'unique_y_test': (2,), 'class_labels': (2,), 'train_labels': (2,), 'n_missing_train': 0, 'n_missing_valid': 0, 'sample_weight': None}
2026-02-25 09:50:45.585 - INFO - 43 - azureml.training.tabular.score._validation.log_classification_debug:194 - Classification metrics debug: {'y_test': (249,), 'y_pred_probs': (249, 2), 'unique_y_test': (2,), 'class_labels': (2,), 'train_labels': (2,), 'n_missing_train': 0, 'n_missing_valid': 0, 'sample_weight': None}
2026-02-25 09:50:45.586 - INFO - 43 - azureml.training.tabular.score._scoring_utilities.__init__:522 - No positive_label provided but detected a binary classification task
2026-02-25 09:50:45.586 - INFO - 43 - azureml.training.tabular.score._scoring_utilities.__init__:522 - No positive_label provided but detected a binary classification task
2026-02-25 09:50:45.588 - INFO - 43 - azureml.training.tabular.score._validation.log_classification_debug:194 - Classification metrics debug: {'y_test': (249,), 'y_pred_probs': (249, 2), 'unique_y_test': (2,), 'class_labels': (2,), 'train_labels': (2,), 'n_missing_train': 0, 'n_missing_valid': 0, 'sample_weight': None}
2026-02-25 09:50:45.588 - INFO - 43 - azureml.training.tabular.score._validation.log_classification_debug:194 - Classification metrics debug: {'y_test': (249,), 'y_pred_probs': (249, 2), 'unique_y_test': (2,), 'class_labels': (2,), 'train_labels': (2,), 'n_missing_train': 0, 'n_missing_valid': 0, 'sample_weight': None}
2026-02-25 09:50:45.589 - INFO - 43 - azureml.training.tabular.score._scoring_utilities.__init__:522 - No positive_label provided but detected a binary classification task
2026-02-25 09:50:45.589 - INFO - 43 - azureml.training.tabular.score._scoring_utilities.__init__:522 - No positive_label provided but detected a binary classification task
2026-02-25 09:50:45.591 - INFO - 43 - azureml.training.tabular.score._validation.log_classification_debug:194 - Classification metrics debug: {'y_test': (248,), 'y_pred_probs': (248, 2), 'unique_y_test': (2,), 'class_labels': (2,), 'train_labels': (2,), 'n_missing_train': 0, 'n_missing_valid': 0, 'sample_weight': None}
2026-02-25 09:50:45.591 - INFO - 43 - azureml.training.tabular.score._validation.log_classification_debug:194 - Classification metrics debug: {'y_test': (248,), 'y_pred_probs': (248, 2), 'unique_y_test': (2,), 'class_labels': (2,), 'train_labels': (2,), 'n_missing_train': 0, 'n_missing_valid': 0, 'sample_weight': None}
2026-02-25 09:50:45.592 - INFO - 43 - azureml.training.tabular.score._scoring_utilities.__init__:522 - No positive_label provided but detected a binary classification task
2026-02-25 09:50:45.592 - INFO - 43 - azureml.training.tabular.score._scoring_utilities.__init__:522 - No positive_label provided but detected a binary classification task
2026-02-25 09:50:45.594 - INFO - 43 - azureml.training.tabular.score._validation.log_classification_debug:194 - Classification metrics debug: {'y_test': (248,), 'y_pred_probs': (248, 2), 'unique_y_test': (2,), 'class_labels': (2,), 'train_labels': (2,), 'n_missing_train': 0, 'n_missing_valid': 0, 'sample_weight': None}
2026-02-25 09:50:45.594 - INFO - 43 - azureml.training.tabular.score._validation.log_classification_debug:194 - Classification metrics debug: {'y_test': (248,), 'y_pred_probs': (248, 2), 'unique_y_test': (2,), 'class_labels': (2,), 'train_labels': (2,), 'n_missing_train': 0, 'n_missing_valid': 0, 'sample_weight': None}
2026-02-25 09:50:45.595 - INFO - 43 - azureml.training.tabular.score._scoring_utilities.__init__:522 - No positive_label provided but detected a binary classification task
2026-02-25 09:50:45.595 - INFO - 43 - azureml.training.tabular.score._scoring_utilities.__init__:522 - No positive_label provided but detected a binary classification task
2026-02-25 09:50:45.596 - INFO - 43 - azureml.training.tabular.score._validation.log_classification_debug:194 - Classification metrics debug: {'y_test': (248,), 'y_pred_probs': (248, 2), 'unique_y_test': (2,), 'class_labels': (2,), 'train_labels': (2,), 'n_missing_train': 0, 'n_missing_valid': 0, 'sample_weight': None}
2026-02-25 09:50:45.596 - INFO - 43 - azureml.training.tabular.score._validation.log_classification_debug:194 - Classification metrics debug: {'y_test': (248,), 'y_pred_probs': (248, 2), 'unique_y_test': (2,), 'class_labels': (2,), 'train_labels': (2,), 'n_missing_train': 0, 'n_missing_valid': 0, 'sample_weight': None}
2026-02-25 09:50:45.597 - INFO - 43 - azureml.training.tabular.score._scoring_utilities.__init__:522 - No positive_label provided but detected a binary classification task
2026-02-25 09:50:45.597 - INFO - 43 - azureml.training.tabular.score._scoring_utilities.__init__:522 - No positive_label provided but detected a binary classification task
2026-02-25 09:50:45.599 - INFO - 43 - azureml.training.tabular.score._validation.log_classification_debug:194 - Classification metrics debug: {'y_test': (249,), 'y_pred_probs': (249, 2), 'unique_y_test': (2,), 'class_labels': (2,), 'train_labels': (2,), 'n_missing_train': 0, 'n_missing_valid': 0, 'sample_weight': None}
2026-02-25 09:50:45.599 - INFO - 43 - azureml.training.tabular.score._validation.log_classification_debug:194 - Classification metrics debug: {'y_test': (249,), 'y_pred_probs': (249, 2), 'unique_y_test': (2,), 'class_labels': (2,), 'train_labels': (2,), 'n_missing_train': 0, 'n_missing_valid': 0, 'sample_weight': None}
2026-02-25 09:50:45.600 - INFO - 43 - azureml.training.tabular.score._scoring_utilities.__init__:522 - No positive_label provided but detected a binary classification task
2026-02-25 09:50:45.600 - INFO - 43 - azureml.training.tabular.score._scoring_utilities.__init__:522 - No positive_label provided but detected a binary classification task
2026-02-25 09:50:45.602 - INFO - 43 - azureml.training.tabular.score._validation.log_classification_debug:194 - Classification metrics debug: {'y_test': (249,), 'y_pred_probs': (249, 2), 'unique_y_test': (2,), 'class_labels': (2,), 'train_labels': (2,), 'n_missing_train': 0, 'n_missing_valid': 0, 'sample_weight': None}
2026-02-25 09:50:45.602 - INFO - 43 - azureml.training.tabular.score._validation.log_classification_debug:194 - Classification metrics debug: {'y_test': (249,), 'y_pred_probs': (249, 2), 'unique_y_test': (2,), 'class_labels': (2,), 'train_labels': (2,), 'n_missing_train': 0, 'n_missing_valid': 0, 'sample_weight': None}
2026-02-25 09:50:45.603 - INFO - 43 - azureml.training.tabular.score._scoring_utilities.__init__:522 - No positive_label provided but detected a binary classification task
2026-02-25 09:50:45.603 - INFO - 43 - azureml.training.tabular.score._scoring_utilities.__init__:522 - No positive_label provided but detected a binary classification task
2026-02-25 09:50:45.605 - INFO - 43 - azureml.training.tabular.score._validation.log_classification_debug:194 - Classification metrics debug: {'y_test': (248,), 'y_pred_probs': (248, 2), 'unique_y_test': (2,), 'class_labels': (2,), 'train_labels': (2,), 'n_missing_train': 0, 'n_missing_valid': 0, 'sample_weight': None}
2026-02-25 09:50:45.605 - INFO - 43 - azureml.training.tabular.score._validation.log_classification_debug:194 - Classification metrics debug: {'y_test': (248,), 'y_pred_probs': (248, 2), 'unique_y_test': (2,), 'class_labels': (2,), 'train_labels': (2,), 'n_missing_train': 0, 'n_missing_valid': 0, 'sample_weight': None}
2026-02-25 09:50:45.606 - INFO - 43 - azureml.training.tabular.score._scoring_utilities.__init__:522 - No positive_label provided but detected a binary classification task
2026-02-25 09:50:45.606 - INFO - 43 - azureml.training.tabular.score._scoring_utilities.__init__:522 - No positive_label provided but detected a binary classification task
2026-02-25 09:50:45.608 - INFO - 43 - azureml.training.tabular.score._validation.log_classification_debug:194 - Classification metrics debug: {'y_test': (248,), 'y_pred_probs': (248, 2), 'unique_y_test': (2,), 'class_labels': (2,), 'train_labels': (2,), 'n_missing_train': 0, 'n_missing_valid': 0, 'sample_weight': None}
2026-02-25 09:50:45.608 - INFO - 43 - azureml.training.tabular.score._validation.log_classification_debug:194 - Classification metrics debug: {'y_test': (248,), 'y_pred_probs': (248, 2), 'unique_y_test': (2,), 'class_labels': (2,), 'train_labels': (2,), 'n_missing_train': 0, 'n_missing_valid': 0, 'sample_weight': None}
2026-02-25 09:50:45.609 - INFO - 43 - azureml.training.tabular.score._scoring_utilities.__init__:522 - No positive_label provided but detected a binary classification task
2026-02-25 09:50:45.609 - INFO - 43 - azureml.training.tabular.score._scoring_utilities.__init__:522 - No positive_label provided but detected a binary classification task
2026-02-25 09:50:45.611 - INFO - 43 - azureml.training.tabular.score._validation.log_classification_debug:194 - Classification metrics debug: {'y_test': (248,), 'y_pred_probs': (248, 2), 'unique_y_test': (2,), 'class_labels': (2,), 'train_labels': (2,), 'n_missing_train': 0, 'n_missing_valid': 0, 'sample_weight': None}
2026-02-25 09:50:45.611 - INFO - 43 - azureml.training.tabular.score._validation.log_classification_debug:194 - Classification metrics debug: {'y_test': (248,), 'y_pred_probs': (248, 2), 'unique_y_test': (2,), 'class_labels': (2,), 'train_labels': (2,), 'n_missing_train': 0, 'n_missing_valid': 0, 'sample_weight': None}
2026-02-25 09:50:45.612 - INFO - 43 - azureml.training.tabular.score._scoring_utilities.__init__:522 - No positive_label provided but detected a binary classification task
2026-02-25 09:50:45.612 - INFO - 43 - azureml.training.tabular.score._scoring_utilities.__init__:522 - No positive_label provided but detected a binary classification task
2026-02-25 09:50:45.614 - INFO - 43 - azureml.training.tabular.score._validation.log_classification_debug:194 - Classification metrics debug: {'y_test': (249,), 'y_pred_probs': (249, 2), 'unique_y_test': (2,), 'class_labels': (2,), 'train_labels': (2,), 'n_missing_train': 0, 'n_missing_valid': 0, 'sample_weight': None}
2026-02-25 09:50:45.614 - INFO - 43 - azureml.training.tabular.score._validation.log_classification_debug:194 - Classification metrics debug: {'y_test': (249,), 'y_pred_probs': (249, 2), 'unique_y_test': (2,), 'class_labels': (2,), 'train_labels': (2,), 'n_missing_train': 0, 'n_missing_valid': 0, 'sample_weight': None}
2026-02-25 09:50:45.615 - INFO - 43 - azureml.training.tabular.score._scoring_utilities.__init__:522 - No positive_label provided but detected a binary classification task
2026-02-25 09:50:45.615 - INFO - 43 - azureml.training.tabular.score._scoring_utilities.__init__:522 - No positive_label provided but detected a binary classification task
2026-02-25 09:50:45.617 - INFO - 43 - azureml.training.tabular.score._validation.log_classification_debug:194 - Classification metrics debug: {'y_test': (249,), 'y_pred_probs': (249, 2), 'unique_y_test': (2,), 'class_labels': (2,), 'train_labels': (2,), 'n_missing_train': 0, 'n_missing_valid': 0, 'sample_weight': None}
2026-02-25 09:50:45.617 - INFO - 43 - azureml.training.tabular.score._validation.log_classification_debug:194 - Classification metrics debug: {'y_test': (249,), 'y_pred_probs': (249, 2), 'unique_y_test': (2,), 'class_labels': (2,), 'train_labels': (2,), 'n_missing_train': 0, 'n_missing_valid': 0, 'sample_weight': None}
2026-02-25 09:50:45.618 - INFO - 43 - azureml.training.tabular.score._scoring_utilities.__init__:522 - No positive_label provided but detected a binary classification task
2026-02-25 09:50:45.618 - INFO - 43 - azureml.training.tabular.score._scoring_utilities.__init__:522 - No positive_label provided but detected a binary classification task
2026-02-25 09:50:45.620 - INFO - 43 - azureml.training.tabular.score._validation.log_classification_debug:194 - Classification metrics debug: {'y_test': (248,), 'y_pred_probs': (248, 2), 'unique_y_test': (2,), 'class_labels': (2,), 'train_labels': (2,), 'n_missing_train': 0, 'n_missing_valid': 0, 'sample_weight': None}
2026-02-25 09:50:45.620 - INFO - 43 - azureml.training.tabular.score._validation.log_classification_debug:194 - Classification metrics debug: {'y_test': (248,), 'y_pred_probs': (248, 2), 'unique_y_test': (2,), 'class_labels': (2,), 'train_labels': (2,), 'n_missing_train': 0, 'n_missing_valid': 0, 'sample_weight': None}
2026-02-25 09:50:45.620 - INFO - 43 - azureml.training.tabular.score._scoring_utilities.__init__:522 - No positive_label provided but detected a binary classification task
2026-02-25 09:50:45.620 - INFO - 43 - azureml.training.tabular.score._scoring_utilities.__init__:522 - No positive_label provided but detected a binary classification task
2026-02-25 09:50:45.622 - INFO - 43 - azureml.training.tabular.score._validation.log_classification_debug:194 - Classification metrics debug: {'y_test': (248,), 'y_pred_probs': (248, 2), 'unique_y_test': (2,), 'class_labels': (2,), 'train_labels': (2,), 'n_missing_train': 0, 'n_missing_valid': 0, 'sample_weight': None}
2026-02-25 09:50:45.622 - INFO - 43 - azureml.training.tabular.score._validation.log_classification_debug:194 - Classification metrics debug: {'y_test': (248,), 'y_pred_probs': (248, 2), 'unique_y_test': (2,), 'class_labels': (2,), 'train_labels': (2,), 'n_missing_train': 0, 'n_missing_valid': 0, 'sample_weight': None}
2026-02-25 09:50:45.623 - INFO - 43 - azureml.training.tabular.score._scoring_utilities.__init__:522 - No positive_label provided but detected a binary classification task
2026-02-25 09:50:45.623 - INFO - 43 - azureml.training.tabular.score._scoring_utilities.__init__:522 - No positive_label provided but detected a binary classification task
2026-02-25 09:50:45.625 - INFO - 43 - azureml.training.tabular.score._validation.log_classification_debug:194 - Classification metrics debug: {'y_test': (248,), 'y_pred_probs': (248, 2), 'unique_y_test': (2,), 'class_labels': (2,), 'train_labels': (2,), 'n_missing_train': 0, 'n_missing_valid': 0, 'sample_weight': None}
2026-02-25 09:50:45.625 - INFO - 43 - azureml.training.tabular.score._validation.log_classification_debug:194 - Classification metrics debug: {'y_test': (248,), 'y_pred_probs': (248, 2), 'unique_y_test': (2,), 'class_labels': (2,), 'train_labels': (2,), 'n_missing_train': 0, 'n_missing_valid': 0, 'sample_weight': None}
2026-02-25 09:50:45.626 - INFO - 43 - azureml.training.tabular.score._scoring_utilities.__init__:522 - No positive_label provided but detected a binary classification task
2026-02-25 09:50:45.626 - INFO - 43 - azureml.training.tabular.score._scoring_utilities.__init__:522 - No positive_label provided but detected a binary classification task
2026-02-25 09:50:45.628 - INFO - 43 - azureml.training.tabular.score._validation.log_classification_debug:194 - Classification metrics debug: {'y_test': (249,), 'y_pred_probs': (249, 2), 'unique_y_test': (2,), 'class_labels': (2,), 'train_labels': (2,), 'n_missing_train': 0, 'n_missing_valid': 0, 'sample_weight': None}
2026-02-25 09:50:45.628 - INFO - 43 - azureml.training.tabular.score._validation.log_classification_debug:194 - Classification metrics debug: {'y_test': (249,), 'y_pred_probs': (249, 2), 'unique_y_test': (2,), 'class_labels': (2,), 'train_labels': (2,), 'n_missing_train': 0, 'n_missing_valid': 0, 'sample_weight': None}
2026-02-25 09:50:45.629 - INFO - 43 - azureml.training.tabular.score._scoring_utilities.__init__:522 - No positive_label provided but detected a binary classification task
2026-02-25 09:50:45.629 - INFO - 43 - azureml.training.tabular.score._scoring_utilities.__init__:522 - No positive_label provided but detected a binary classification task
2026-02-25 09:50:45.631 - INFO - 43 - azureml.training.tabular.score._validation.log_classification_debug:194 - Classification metrics debug: {'y_test': (249,), 'y_pred_probs': (249, 2), 'unique_y_test': (2,), 'class_labels': (2,), 'train_labels': (2,), 'n_missing_train': 0, 'n_missing_valid': 0, 'sample_weight': None}
2026-02-25 09:50:45.631 - INFO - 43 - azureml.training.tabular.score._validation.log_classification_debug:194 - Classification metrics debug: {'y_test': (249,), 'y_pred_probs': (249, 2), 'unique_y_test': (2,), 'class_labels': (2,), 'train_labels': (2,), 'n_missing_train': 0, 'n_missing_valid': 0, 'sample_weight': None}
2026-02-25 09:50:45.631 - INFO - 43 - azureml.training.tabular.score._scoring_utilities.__init__:522 - No positive_label provided but detected a binary classification task
2026-02-25 09:50:45.631 - INFO - 43 - azureml.training.tabular.score._scoring_utilities.__init__:522 - No positive_label provided but detected a binary classification task
2026-02-25 09:50:45.633 - INFO - 43 - azureml.training.tabular.score._validation.log_classification_debug:194 - Classification metrics debug: {'y_test': (248,), 'y_pred_probs': (248, 2), 'unique_y_test': (2,), 'class_labels': (2,), 'train_labels': (2,), 'n_missing_train': 0, 'n_missing_valid': 0, 'sample_weight': None}
2026-02-25 09:50:45.633 - INFO - 43 - azureml.training.tabular.score._validation.log_classification_debug:194 - Classification metrics debug: {'y_test': (248,), 'y_pred_probs': (248, 2), 'unique_y_test': (2,), 'class_labels': (2,), 'train_labels': (2,), 'n_missing_train': 0, 'n_missing_valid': 0, 'sample_weight': None}
2026-02-25 09:50:45.634 - INFO - 43 - azureml.training.tabular.score._scoring_utilities.__init__:522 - No positive_label provided but detected a binary classification task
2026-02-25 09:50:45.634 - INFO - 43 - azureml.training.tabular.score._scoring_utilities.__init__:522 - No positive_label provided but detected a binary classification task
2026-02-25 09:50:45.636 - INFO - 43 - azureml.training.tabular.score._validation.log_classification_debug:194 - Classification metrics debug: {'y_test': (248,), 'y_pred_probs': (248, 2), 'unique_y_test': (2,), 'class_labels': (2,), 'train_labels': (2,), 'n_missing_train': 0, 'n_missing_valid': 0, 'sample_weight': None}
2026-02-25 09:50:45.636 - INFO - 43 - azureml.training.tabular.score._validation.log_classification_debug:194 - Classification metrics debug: {'y_test': (248,), 'y_pred_probs': (248, 2), 'unique_y_test': (2,), 'class_labels': (2,), 'train_labels': (2,), 'n_missing_train': 0, 'n_missing_valid': 0, 'sample_weight': None}
2026-02-25 09:50:45.637 - INFO - 43 - azureml.training.tabular.score._scoring_utilities.__init__:522 - No positive_label provided but detected a binary classification task
2026-02-25 09:50:45.637 - INFO - 43 - azureml.training.tabular.score._scoring_utilities.__init__:522 - No positive_label provided but detected a binary classification task
2026-02-25 09:50:45.639 - INFO - 43 - azureml.training.tabular.score._validation.log_classification_debug:194 - Classification metrics debug: {'y_test': (248,), 'y_pred_probs': (248, 2), 'unique_y_test': (2,), 'class_labels': (2,), 'train_labels': (2,), 'n_missing_train': 0, 'n_missing_valid': 0, 'sample_weight': None}
2026-02-25 09:50:45.639 - INFO - 43 - azureml.training.tabular.score._validation.log_classification_debug:194 - Classification metrics debug: {'y_test': (248,), 'y_pred_probs': (248, 2), 'unique_y_test': (2,), 'class_labels': (2,), 'train_labels': (2,), 'n_missing_train': 0, 'n_missing_valid': 0, 'sample_weight': None}
2026-02-25 09:50:45.639 - INFO - 43 - azureml.training.tabular.score._scoring_utilities.__init__:522 - No positive_label provided but detected a binary classification task
2026-02-25 09:50:45.639 - INFO - 43 - azureml.training.tabular.score._scoring_utilities.__init__:522 - No positive_label provided but detected a binary classification task
2026-02-25 09:50:45.642 - INFO - 43 - azureml.training.tabular.score._validation.log_classification_debug:194 - Classification metrics debug: {'y_test': (249,), 'y_pred_probs': (249, 2), 'unique_y_test': (2,), 'class_labels': (2,), 'train_labels': (2,), 'n_missing_train': 0, 'n_missing_valid': 0, 'sample_weight': None}
2026-02-25 09:50:45.642 - INFO - 43 - azureml.training.tabular.score._validation.log_classification_debug:194 - Classification metrics debug: {'y_test': (249,), 'y_pred_probs': (249, 2), 'unique_y_test': (2,), 'class_labels': (2,), 'train_labels': (2,), 'n_missing_train': 0, 'n_missing_valid': 0, 'sample_weight': None}
2026-02-25 09:50:45.642 - INFO - 43 - azureml.training.tabular.score._scoring_utilities.__init__:522 - No positive_label provided but detected a binary classification task
2026-02-25 09:50:45.642 - INFO - 43 - azureml.training.tabular.score._scoring_utilities.__init__:522 - No positive_label provided but detected a binary classification task
2026-02-25 09:50:45.644 - INFO - 43 - azureml.training.tabular.score._validation.log_classification_debug:194 - Classification metrics debug: {'y_test': (249,), 'y_pred_probs': (249, 2), 'unique_y_test': (2,), 'class_labels': (2,), 'train_labels': (2,), 'n_missing_train': 0, 'n_missing_valid': 0, 'sample_weight': None}
2026-02-25 09:50:45.644 - INFO - 43 - azureml.training.tabular.score._validation.log_classification_debug:194 - Classification metrics debug: {'y_test': (249,), 'y_pred_probs': (249, 2), 'unique_y_test': (2,), 'class_labels': (2,), 'train_labels': (2,), 'n_missing_train': 0, 'n_missing_valid': 0, 'sample_weight': None}
2026-02-25 09:50:45.645 - INFO - 43 - azureml.training.tabular.score._scoring_utilities.__init__:522 - No positive_label provided but detected a binary classification task
2026-02-25 09:50:45.645 - INFO - 43 - azureml.training.tabular.score._scoring_utilities.__init__:522 - No positive_label provided but detected a binary classification task
2026-02-25 09:50:45.647 - INFO - 43 - azureml.training.tabular.score._validation.log_classification_debug:194 - Classification metrics debug: {'y_test': (248,), 'y_pred_probs': (248, 2), 'unique_y_test': (2,), 'class_labels': (2,), 'train_labels': (2,), 'n_missing_train': 0, 'n_missing_valid': 0, 'sample_weight': None}
2026-02-25 09:50:45.647 - INFO - 43 - azureml.training.tabular.score._validation.log_classification_debug:194 - Classification metrics debug: {'y_test': (248,), 'y_pred_probs': (248, 2), 'unique_y_test': (2,), 'class_labels': (2,), 'train_labels': (2,), 'n_missing_train': 0, 'n_missing_valid': 0, 'sample_weight': None}
2026-02-25 09:50:45.648 - INFO - 43 - azureml.training.tabular.score._scoring_utilities.__init__:522 - No positive_label provided but detected a binary classification task
2026-02-25 09:50:45.648 - INFO - 43 - azureml.training.tabular.score._scoring_utilities.__init__:522 - No positive_label provided but detected a binary classification task
2026-02-25 09:50:45.650 - INFO - 43 - azureml.training.tabular.score._validation.log_classification_debug:194 - Classification metrics debug: {'y_test': (248,), 'y_pred_probs': (248, 2), 'unique_y_test': (2,), 'class_labels': (2,), 'train_labels': (2,), 'n_missing_train': 0, 'n_missing_valid': 0, 'sample_weight': None}
2026-02-25 09:50:45.650 - INFO - 43 - azureml.training.tabular.score._validation.log_classification_debug:194 - Classification metrics debug: {'y_test': (248,), 'y_pred_probs': (248, 2), 'unique_y_test': (2,), 'class_labels': (2,), 'train_labels': (2,), 'n_missing_train': 0, 'n_missing_valid': 0, 'sample_weight': None}
2026-02-25 09:50:45.651 - INFO - 43 - azureml.training.tabular.score._scoring_utilities.__init__:522 - No positive_label provided but detected a binary classification task
2026-02-25 09:50:45.651 - INFO - 43 - azureml.training.tabular.score._scoring_utilities.__init__:522 - No positive_label provided but detected a binary classification task
2026-02-25 09:50:45.652 - INFO - 43 - azureml.training.tabular.score._validation.log_classification_debug:194 - Classification metrics debug: {'y_test': (248,), 'y_pred_probs': (248, 2), 'unique_y_test': (2,), 'class_labels': (2,), 'train_labels': (2,), 'n_missing_train': 0, 'n_missing_valid': 0, 'sample_weight': None}
2026-02-25 09:50:45.652 - INFO - 43 - azureml.training.tabular.score._validation.log_classification_debug:194 - Classification metrics debug: {'y_test': (248,), 'y_pred_probs': (248, 2), 'unique_y_test': (2,), 'class_labels': (2,), 'train_labels': (2,), 'n_missing_train': 0, 'n_missing_valid': 0, 'sample_weight': None}
2026-02-25 09:50:45.653 - INFO - 43 - azureml.training.tabular.score._scoring_utilities.__init__:522 - No positive_label provided but detected a binary classification task
2026-02-25 09:50:45.653 - INFO - 43 - azureml.training.tabular.score._scoring_utilities.__init__:522 - No positive_label provided but detected a binary classification task
2026-02-25 09:50:45.655 - INFO - 43 - azureml.training.tabular.score._validation.log_classification_debug:194 - Classification metrics debug: {'y_test': (249,), 'y_pred_probs': (249, 2), 'unique_y_test': (2,), 'class_labels': (2,), 'train_labels': (2,), 'n_missing_train': 0, 'n_missing_valid': 0, 'sample_weight': None}
2026-02-25 09:50:45.655 - INFO - 43 - azureml.training.tabular.score._validation.log_classification_debug:194 - Classification metrics debug: {'y_test': (249,), 'y_pred_probs': (249, 2), 'unique_y_test': (2,), 'class_labels': (2,), 'train_labels': (2,), 'n_missing_train': 0, 'n_missing_valid': 0, 'sample_weight': None}
2026-02-25 09:50:45.656 - INFO - 43 - azureml.training.tabular.score._scoring_utilities.__init__:522 - No positive_label provided but detected a binary classification task
2026-02-25 09:50:45.656 - INFO - 43 - azureml.training.tabular.score._scoring_utilities.__init__:522 - No positive_label provided but detected a binary classification task
2026-02-25 09:50:45.658 - INFO - 43 - azureml.training.tabular.score._validation.log_classification_debug:194 - Classification metrics debug: {'y_test': (249,), 'y_pred_probs': (249, 2), 'unique_y_test': (2,), 'class_labels': (2,), 'train_labels': (2,), 'n_missing_train': 0, 'n_missing_valid': 0, 'sample_weight': None}
2026-02-25 09:50:45.658 - INFO - 43 - azureml.training.tabular.score._validation.log_classification_debug:194 - Classification metrics debug: {'y_test': (249,), 'y_pred_probs': (249, 2), 'unique_y_test': (2,), 'class_labels': (2,), 'train_labels': (2,), 'n_missing_train': 0, 'n_missing_valid': 0, 'sample_weight': None}
2026-02-25 09:50:45.659 - INFO - 43 - azureml.training.tabular.score._scoring_utilities.__init__:522 - No positive_label provided but detected a binary classification task
2026-02-25 09:50:45.659 - INFO - 43 - azureml.training.tabular.score._scoring_utilities.__init__:522 - No positive_label provided but detected a binary classification task
2026-02-25 09:50:45.661 - INFO - 43 - azureml.training.tabular.score._validation.log_classification_debug:194 - Classification metrics debug: {'y_test': (248,), 'y_pred_probs': (248, 2), 'unique_y_test': (2,), 'class_labels': (2,), 'train_labels': (2,), 'n_missing_train': 0, 'n_missing_valid': 0, 'sample_weight': None}
2026-02-25 09:50:45.661 - INFO - 43 - azureml.training.tabular.score._validation.log_classification_debug:194 - Classification metrics debug: {'y_test': (248,), 'y_pred_probs': (248, 2), 'unique_y_test': (2,), 'class_labels': (2,), 'train_labels': (2,), 'n_missing_train': 0, 'n_missing_valid': 0, 'sample_weight': None}
2026-02-25 09:50:45.662 - INFO - 43 - azureml.training.tabular.score._scoring_utilities.__init__:522 - No positive_label provided but detected a binary classification task
2026-02-25 09:50:45.662 - INFO - 43 - azureml.training.tabular.score._scoring_utilities.__init__:522 - No positive_label provided but detected a binary classification task
2026-02-25 09:50:45.664 - INFO - 43 - azureml.training.tabular.score._validation.log_classification_debug:194 - Classification metrics debug: {'y_test': (248,), 'y_pred_probs': (248, 2), 'unique_y_test': (2,), 'class_labels': (2,), 'train_labels': (2,), 'n_missing_train': 0, 'n_missing_valid': 0, 'sample_weight': None}
2026-02-25 09:50:45.664 - INFO - 43 - azureml.training.tabular.score._validation.log_classification_debug:194 - Classification metrics debug: {'y_test': (248,), 'y_pred_probs': (248, 2), 'unique_y_test': (2,), 'class_labels': (2,), 'train_labels': (2,), 'n_missing_train': 0, 'n_missing_valid': 0, 'sample_weight': None}
2026-02-25 09:50:45.664 - INFO - 43 - azureml.training.tabular.score._scoring_utilities.__init__:522 - No positive_label provided but detected a binary classification task
2026-02-25 09:50:45.664 - INFO - 43 - azureml.training.tabular.score._scoring_utilities.__init__:522 - No positive_label provided but detected a binary classification task
2026-02-25 09:50:45.666 - INFO - 43 - azureml.training.tabular.score._validation.log_classification_debug:194 - Classification metrics debug: {'y_test': (248,), 'y_pred_probs': (248, 2), 'unique_y_test': (2,), 'class_labels': (2,), 'train_labels': (2,), 'n_missing_train': 0, 'n_missing_valid': 0, 'sample_weight': None}
2026-02-25 09:50:45.666 - INFO - 43 - azureml.training.tabular.score._validation.log_classification_debug:194 - Classification metrics debug: {'y_test': (248,), 'y_pred_probs': (248, 2), 'unique_y_test': (2,), 'class_labels': (2,), 'train_labels': (2,), 'n_missing_train': 0, 'n_missing_valid': 0, 'sample_weight': None}
2026-02-25 09:50:45.667 - INFO - 43 - azureml.training.tabular.score._scoring_utilities.__init__:522 - No positive_label provided but detected a binary classification task
2026-02-25 09:50:45.667 - INFO - 43 - azureml.training.tabular.score._scoring_utilities.__init__:522 - No positive_label provided but detected a binary classification task
2026-02-25 09:50:45.669 - INFO - 43 - azureml.training.tabular.score._validation.log_classification_debug:194 - Classification metrics debug: {'y_test': (249,), 'y_pred_probs': (249, 2), 'unique_y_test': (2,), 'class_labels': (2,), 'train_labels': (2,), 'n_missing_train': 0, 'n_missing_valid': 0, 'sample_weight': None}
2026-02-25 09:50:45.669 - INFO - 43 - azureml.training.tabular.score._validation.log_classification_debug:194 - Classification metrics debug: {'y_test': (249,), 'y_pred_probs': (249, 2), 'unique_y_test': (2,), 'class_labels': (2,), 'train_labels': (2,), 'n_missing_train': 0, 'n_missing_valid': 0, 'sample_weight': None}
2026-02-25 09:50:45.670 - INFO - 43 - azureml.training.tabular.score._scoring_utilities.__init__:522 - No positive_label provided but detected a binary classification task
2026-02-25 09:50:45.670 - INFO - 43 - azureml.training.tabular.score._scoring_utilities.__init__:522 - No positive_label provided but detected a binary classification task
2026-02-25 09:50:45.672 - INFO - 43 - azureml.training.tabular.score._validation.log_classification_debug:194 - Classification metrics debug: {'y_test': (249,), 'y_pred_probs': (249, 2), 'unique_y_test': (2,), 'class_labels': (2,), 'train_labels': (2,), 'n_missing_train': 0, 'n_missing_valid': 0, 'sample_weight': None}
2026-02-25 09:50:45.672 - INFO - 43 - azureml.training.tabular.score._validation.log_classification_debug:194 - Classification metrics debug: {'y_test': (249,), 'y_pred_probs': (249, 2), 'unique_y_test': (2,), 'class_labels': (2,), 'train_labels': (2,), 'n_missing_train': 0, 'n_missing_valid': 0, 'sample_weight': None}
2026-02-25 09:50:45.673 - INFO - 43 - azureml.training.tabular.score._scoring_utilities.__init__:522 - No positive_label provided but detected a binary classification task
2026-02-25 09:50:45.673 - INFO - 43 - azureml.training.tabular.score._scoring_utilities.__init__:522 - No positive_label provided but detected a binary classification task
2026-02-25 09:50:45.675 - INFO - 43 - azureml.training.tabular.score._validation.log_classification_debug:194 - Classification metrics debug: {'y_test': (248,), 'y_pred_probs': (248, 2), 'unique_y_test': (2,), 'class_labels': (2,), 'train_labels': (2,), 'n_missing_train': 0, 'n_missing_valid': 0, 'sample_weight': None}
2026-02-25 09:50:45.675 - INFO - 43 - azureml.training.tabular.score._validation.log_classification_debug:194 - Classification metrics debug: {'y_test': (248,), 'y_pred_probs': (248, 2), 'unique_y_test': (2,), 'class_labels': (2,), 'train_labels': (2,), 'n_missing_train': 0, 'n_missing_valid': 0, 'sample_weight': None}
2026-02-25 09:50:45.675 - INFO - 43 - azureml.training.tabular.score._scoring_utilities.__init__:522 - No positive_label provided but detected a binary classification task
2026-02-25 09:50:45.675 - INFO - 43 - azureml.training.tabular.score._scoring_utilities.__init__:522 - No positive_label provided but detected a binary classification task
2026-02-25 09:50:45.677 - INFO - 43 - azureml.training.tabular.score._validation.log_classification_debug:194 - Classification metrics debug: {'y_test': (248,), 'y_pred_probs': (248, 2), 'unique_y_test': (2,), 'class_labels': (2,), 'train_labels': (2,), 'n_missing_train': 0, 'n_missing_valid': 0, 'sample_weight': None}
2026-02-25 09:50:45.677 - INFO - 43 - azureml.training.tabular.score._validation.log_classification_debug:194 - Classification metrics debug: {'y_test': (248,), 'y_pred_probs': (248, 2), 'unique_y_test': (2,), 'class_labels': (2,), 'train_labels': (2,), 'n_missing_train': 0, 'n_missing_valid': 0, 'sample_weight': None}
2026-02-25 09:50:45.678 - INFO - 43 - azureml.training.tabular.score._scoring_utilities.__init__:522 - No positive_label provided but detected a binary classification task
2026-02-25 09:50:45.678 - INFO - 43 - azureml.training.tabular.score._scoring_utilities.__init__:522 - No positive_label provided but detected a binary classification task
2026-02-25 09:50:45.680 - INFO - 43 - azureml.training.tabular.score._validation.log_classification_debug:194 - Classification metrics debug: {'y_test': (248,), 'y_pred_probs': (248, 2), 'unique_y_test': (2,), 'class_labels': (2,), 'train_labels': (2,), 'n_missing_train': 0, 'n_missing_valid': 0, 'sample_weight': None}
2026-02-25 09:50:45.680 - INFO - 43 - azureml.training.tabular.score._validation.log_classification_debug:194 - Classification metrics debug: {'y_test': (248,), 'y_pred_probs': (248, 2), 'unique_y_test': (2,), 'class_labels': (2,), 'train_labels': (2,), 'n_missing_train': 0, 'n_missing_valid': 0, 'sample_weight': None}
2026-02-25 09:50:45.681 - INFO - 43 - azureml.training.tabular.score._scoring_utilities.__init__:522 - No positive_label provided but detected a binary classification task
2026-02-25 09:50:45.681 - INFO - 43 - azureml.training.tabular.score._scoring_utilities.__init__:522 - No positive_label provided but detected a binary classification task
2026-02-25 09:50:45.683 - INFO - 43 - azureml.training.tabular.score._validation.log_classification_debug:194 - Classification metrics debug: {'y_test': (249,), 'y_pred_probs': (249, 2), 'unique_y_test': (2,), 'class_labels': (2,), 'train_labels': (2,), 'n_missing_train': 0, 'n_missing_valid': 0, 'sample_weight': None}
2026-02-25 09:50:45.683 - INFO - 43 - azureml.training.tabular.score._validation.log_classification_debug:194 - Classification metrics debug: {'y_test': (249,), 'y_pred_probs': (249, 2), 'unique_y_test': (2,), 'class_labels': (2,), 'train_labels': (2,), 'n_missing_train': 0, 'n_missing_valid': 0, 'sample_weight': None}
2026-02-25 09:50:45.684 - INFO - 43 - azureml.training.tabular.score._scoring_utilities.__init__:522 - No positive_label provided but detected a binary classification task
2026-02-25 09:50:45.684 - INFO - 43 - azureml.training.tabular.score._scoring_utilities.__init__:522 - No positive_label provided but detected a binary classification task
2026-02-25 09:50:45.686 - INFO - 43 - azureml.training.tabular.score._validation.log_classification_debug:194 - Classification metrics debug: {'y_test': (249,), 'y_pred_probs': (249, 2), 'unique_y_test': (2,), 'class_labels': (2,), 'train_labels': (2,), 'n_missing_train': 0, 'n_missing_valid': 0, 'sample_weight': None}
2026-02-25 09:50:45.686 - INFO - 43 - azureml.training.tabular.score._validation.log_classification_debug:194 - Classification metrics debug: {'y_test': (249,), 'y_pred_probs': (249, 2), 'unique_y_test': (2,), 'class_labels': (2,), 'train_labels': (2,), 'n_missing_train': 0, 'n_missing_valid': 0, 'sample_weight': None}
2026-02-25 09:50:45.686 - INFO - 43 - azureml.training.tabular.score._scoring_utilities.__init__:522 - No positive_label provided but detected a binary classification task
2026-02-25 09:50:45.686 - INFO - 43 - azureml.training.tabular.score._scoring_utilities.__init__:522 - No positive_label provided but detected a binary classification task
2026-02-25 09:50:45.688 - INFO - 43 - azureml.training.tabular.score._validation.log_classification_debug:194 - Classification metrics debug: {'y_test': (248,), 'y_pred_probs': (248, 2), 'unique_y_test': (2,), 'class_labels': (2,), 'train_labels': (2,), 'n_missing_train': 0, 'n_missing_valid': 0, 'sample_weight': None}
2026-02-25 09:50:45.688 - INFO - 43 - azureml.training.tabular.score._validation.log_classification_debug:194 - Classification metrics debug: {'y_test': (248,), 'y_pred_probs': (248, 2), 'unique_y_test': (2,), 'class_labels': (2,), 'train_labels': (2,), 'n_missing_train': 0, 'n_missing_valid': 0, 'sample_weight': None}
2026-02-25 09:50:45.689 - INFO - 43 - azureml.training.tabular.score._scoring_utilities.__init__:522 - No positive_label provided but detected a binary classification task
2026-02-25 09:50:45.689 - INFO - 43 - azureml.training.tabular.score._scoring_utilities.__init__:522 - No positive_label provided but detected a binary classification task
2026-02-25 09:50:45.691 - INFO - 43 - azureml.training.tabular.score._validation.log_classification_debug:194 - Classification metrics debug: {'y_test': (248,), 'y_pred_probs': (248, 2), 'unique_y_test': (2,), 'class_labels': (2,), 'train_labels': (2,), 'n_missing_train': 0, 'n_missing_valid': 0, 'sample_weight': None}
2026-02-25 09:50:45.691 - INFO - 43 - azureml.training.tabular.score._validation.log_classification_debug:194 - Classification metrics debug: {'y_test': (248,), 'y_pred_probs': (248, 2), 'unique_y_test': (2,), 'class_labels': (2,), 'train_labels': (2,), 'n_missing_train': 0, 'n_missing_valid': 0, 'sample_weight': None}
2026-02-25 09:50:45.692 - INFO - 43 - azureml.training.tabular.score._scoring_utilities.__init__:522 - No positive_label provided but detected a binary classification task
2026-02-25 09:50:45.692 - INFO - 43 - azureml.training.tabular.score._scoring_utilities.__init__:522 - No positive_label provided but detected a binary classification task
2026-02-25 09:50:45.694 - INFO - 43 - azureml.training.tabular.score._validation.log_classification_debug:194 - Classification metrics debug: {'y_test': (248,), 'y_pred_probs': (248, 2), 'unique_y_test': (2,), 'class_labels': (2,), 'train_labels': (2,), 'n_missing_train': 0, 'n_missing_valid': 0, 'sample_weight': None}
2026-02-25 09:50:45.694 - INFO - 43 - azureml.training.tabular.score._validation.log_classification_debug:194 - Classification metrics debug: {'y_test': (248,), 'y_pred_probs': (248, 2), 'unique_y_test': (2,), 'class_labels': (2,), 'train_labels': (2,), 'n_missing_train': 0, 'n_missing_valid': 0, 'sample_weight': None}
2026-02-25 09:50:45.694 - INFO - 43 - azureml.training.tabular.score._scoring_utilities.__init__:522 - No positive_label provided but detected a binary classification task
2026-02-25 09:50:45.694 - INFO - 43 - azureml.training.tabular.score._scoring_utilities.__init__:522 - No positive_label provided but detected a binary classification task
2026-02-25 09:50:45.696 - INFO - 43 - azureml.training.tabular.score._validation.log_classification_debug:194 - Classification metrics debug: {'y_test': (249,), 'y_pred_probs': (249, 2), 'unique_y_test': (2,), 'class_labels': (2,), 'train_labels': (2,), 'n_missing_train': 0, 'n_missing_valid': 0, 'sample_weight': None}
2026-02-25 09:50:45.696 - INFO - 43 - azureml.training.tabular.score._validation.log_classification_debug:194 - Classification metrics debug: {'y_test': (249,), 'y_pred_probs': (249, 2), 'unique_y_test': (2,), 'class_labels': (2,), 'train_labels': (2,), 'n_missing_train': 0, 'n_missing_valid': 0, 'sample_weight': None}
2026-02-25 09:50:45.697 - INFO - 43 - azureml.training.tabular.score._scoring_utilities.__init__:522 - No positive_label provided but detected a binary classification task
2026-02-25 09:50:45.697 - INFO - 43 - azureml.training.tabular.score._scoring_utilities.__init__:522 - No positive_label provided but detected a binary classification task
2026-02-25 09:50:45.699 - INFO - 43 - azureml.training.tabular.score._validation.log_classification_debug:194 - Classification metrics debug: {'y_test': (249,), 'y_pred_probs': (249, 2), 'unique_y_test': (2,), 'class_labels': (2,), 'train_labels': (2,), 'n_missing_train': 0, 'n_missing_valid': 0, 'sample_weight': None}
2026-02-25 09:50:45.699 - INFO - 43 - azureml.training.tabular.score._validation.log_classification_debug:194 - Classification metrics debug: {'y_test': (249,), 'y_pred_probs': (249, 2), 'unique_y_test': (2,), 'class_labels': (2,), 'train_labels': (2,), 'n_missing_train': 0, 'n_missing_valid': 0, 'sample_weight': None}
2026-02-25 09:50:45.700 - INFO - 43 - azureml.training.tabular.score._scoring_utilities.__init__:522 - No positive_label provided but detected a binary classification task
2026-02-25 09:50:45.700 - INFO - 43 - azureml.training.tabular.score._scoring_utilities.__init__:522 - No positive_label provided but detected a binary classification task
2026-02-25 09:50:45.702 - INFO - 43 - azureml.training.tabular.score._validation.log_classification_debug:194 - Classification metrics debug: {'y_test': (248,), 'y_pred_probs': (248, 2), 'unique_y_test': (2,), 'class_labels': (2,), 'train_labels': (2,), 'n_missing_train': 0, 'n_missing_valid': 0, 'sample_weight': None}
2026-02-25 09:50:45.702 - INFO - 43 - azureml.training.tabular.score._validation.log_classification_debug:194 - Classification metrics debug: {'y_test': (248,), 'y_pred_probs': (248, 2), 'unique_y_test': (2,), 'class_labels': (2,), 'train_labels': (2,), 'n_missing_train': 0, 'n_missing_valid': 0, 'sample_weight': None}
2026-02-25 09:50:45.703 - INFO - 43 - azureml.training.tabular.score._scoring_utilities.__init__:522 - No positive_label provided but detected a binary classification task
2026-02-25 09:50:45.703 - INFO - 43 - azureml.training.tabular.score._scoring_utilities.__init__:522 - No positive_label provided but detected a binary classification task
2026-02-25 09:50:45.705 - INFO - 43 - azureml.training.tabular.score._validation.log_classification_debug:194 - Classification metrics debug: {'y_test': (248,), 'y_pred_probs': (248, 2), 'unique_y_test': (2,), 'class_labels': (2,), 'train_labels': (2,), 'n_missing_train': 0, 'n_missing_valid': 0, 'sample_weight': None}
2026-02-25 09:50:45.705 - INFO - 43 - azureml.training.tabular.score._validation.log_classification_debug:194 - Classification metrics debug: {'y_test': (248,), 'y_pred_probs': (248, 2), 'unique_y_test': (2,), 'class_labels': (2,), 'train_labels': (2,), 'n_missing_train': 0, 'n_missing_valid': 0, 'sample_weight': None}
2026-02-25 09:50:45.706 - INFO - 43 - azureml.training.tabular.score._scoring_utilities.__init__:522 - No positive_label provided but detected a binary classification task
2026-02-25 09:50:45.706 - INFO - 43 - azureml.training.tabular.score._scoring_utilities.__init__:522 - No positive_label provided but detected a binary classification task
2026-02-25 09:50:45.708 - INFO - 43 - azureml.training.tabular.score._validation.log_classification_debug:194 - Classification metrics debug: {'y_test': (248,), 'y_pred_probs': (248, 2), 'unique_y_test': (2,), 'class_labels': (2,), 'train_labels': (2,), 'n_missing_train': 0, 'n_missing_valid': 0, 'sample_weight': None}
2026-02-25 09:50:45.708 - INFO - 43 - azureml.training.tabular.score._validation.log_classification_debug:194 - Classification metrics debug: {'y_test': (248,), 'y_pred_probs': (248, 2), 'unique_y_test': (2,), 'class_labels': (2,), 'train_labels': (2,), 'n_missing_train': 0, 'n_missing_valid': 0, 'sample_weight': None}
2026-02-25 09:50:45.709 - INFO - 43 - azureml.training.tabular.score._scoring_utilities.__init__:522 - No positive_label provided but detected a binary classification task
2026-02-25 09:50:45.709 - INFO - 43 - azureml.training.tabular.score._scoring_utilities.__init__:522 - No positive_label provided but detected a binary classification task
2026-02-25 09:50:45.711 - INFO - 43 - azureml.training.tabular.score._validation.log_classification_debug:194 - Classification metrics debug: {'y_test': (249,), 'y_pred_probs': (249, 2), 'unique_y_test': (2,), 'class_labels': (2,), 'train_labels': (2,), 'n_missing_train': 0, 'n_missing_valid': 0, 'sample_weight': None}
2026-02-25 09:50:45.711 - INFO - 43 - azureml.training.tabular.score._validation.log_classification_debug:194 - Classification metrics debug: {'y_test': (249,), 'y_pred_probs': (249, 2), 'unique_y_test': (2,), 'class_labels': (2,), 'train_labels': (2,), 'n_missing_train': 0, 'n_missing_valid': 0, 'sample_weight': None}
2026-02-25 09:50:45.712 - INFO - 43 - azureml.training.tabular.score._scoring_utilities.__init__:522 - No positive_label provided but detected a binary classification task
2026-02-25 09:50:45.712 - INFO - 43 - azureml.training.tabular.score._scoring_utilities.__init__:522 - No positive_label provided but detected a binary classification task
2026-02-25 09:50:45.714 - INFO - 43 - azureml.training.tabular.score._validation.log_classification_debug:194 - Classification metrics debug: {'y_test': (249,), 'y_pred_probs': (249, 2), 'unique_y_test': (2,), 'class_labels': (2,), 'train_labels': (2,), 'n_missing_train': 0, 'n_missing_valid': 0, 'sample_weight': None}
2026-02-25 09:50:45.714 - INFO - 43 - azureml.training.tabular.score._validation.log_classification_debug:194 - Classification metrics debug: {'y_test': (249,), 'y_pred_probs': (249, 2), 'unique_y_test': (2,), 'class_labels': (2,), 'train_labels': (2,), 'n_missing_train': 0, 'n_missing_valid': 0, 'sample_weight': None}
2026-02-25 09:50:45.714 - INFO - 43 - azureml.training.tabular.score._scoring_utilities.__init__:522 - No positive_label provided but detected a binary classification task
2026-02-25 09:50:45.714 - INFO - 43 - azureml.training.tabular.score._scoring_utilities.__init__:522 - No positive_label provided but detected a binary classification task
2026-02-25 09:50:45.716 - INFO - 43 - azureml.training.tabular.score._validation.log_classification_debug:194 - Classification metrics debug: {'y_test': (248,), 'y_pred_probs': (248, 2), 'unique_y_test': (2,), 'class_labels': (2,), 'train_labels': (2,), 'n_missing_train': 0, 'n_missing_valid': 0, 'sample_weight': None}
2026-02-25 09:50:45.716 - INFO - 43 - azureml.training.tabular.score._validation.log_classification_debug:194 - Classification metrics debug: {'y_test': (248,), 'y_pred_probs': (248, 2), 'unique_y_test': (2,), 'class_labels': (2,), 'train_labels': (2,), 'n_missing_train': 0, 'n_missing_valid': 0, 'sample_weight': None}
2026-02-25 09:50:45.717 - INFO - 43 - azureml.training.tabular.score._scoring_utilities.__init__:522 - No positive_label provided but detected a binary classification task
2026-02-25 09:50:45.717 - INFO - 43 - azureml.training.tabular.score._scoring_utilities.__init__:522 - No positive_label provided but detected a binary classification task
2026-02-25 09:50:45.719 - INFO - 43 - azureml.training.tabular.score._validation.log_classification_debug:194 - Classification metrics debug: {'y_test': (248,), 'y_pred_probs': (248, 2), 'unique_y_test': (2,), 'class_labels': (2,), 'train_labels': (2,), 'n_missing_train': 0, 'n_missing_valid': 0, 'sample_weight': None}
2026-02-25 09:50:45.719 - INFO - 43 - azureml.training.tabular.score._validation.log_classification_debug:194 - Classification metrics debug: {'y_test': (248,), 'y_pred_probs': (248, 2), 'unique_y_test': (2,), 'class_labels': (2,), 'train_labels': (2,), 'n_missing_train': 0, 'n_missing_valid': 0, 'sample_weight': None}
2026-02-25 09:50:45.720 - INFO - 43 - azureml.training.tabular.score._scoring_utilities.__init__:522 - No positive_label provided but detected a binary classification task
2026-02-25 09:50:45.720 - INFO - 43 - azureml.training.tabular.score._scoring_utilities.__init__:522 - No positive_label provided but detected a binary classification task
2026-02-25 09:50:45.722 - INFO - 43 - azureml.training.tabular.score._validation.log_classification_debug:194 - Classification metrics debug: {'y_test': (248,), 'y_pred_probs': (248, 2), 'unique_y_test': (2,), 'class_labels': (2,), 'train_labels': (2,), 'n_missing_train': 0, 'n_missing_valid': 0, 'sample_weight': None}
2026-02-25 09:50:45.722 - INFO - 43 - azureml.training.tabular.score._validation.log_classification_debug:194 - Classification metrics debug: {'y_test': (248,), 'y_pred_probs': (248, 2), 'unique_y_test': (2,), 'class_labels': (2,), 'train_labels': (2,), 'n_missing_train': 0, 'n_missing_valid': 0, 'sample_weight': None}
2026-02-25 09:50:45.723 - INFO - 43 - azureml.training.tabular.score._scoring_utilities.__init__:522 - No positive_label provided but detected a binary classification task
2026-02-25 09:50:45.723 - INFO - 43 - azureml.training.tabular.score._scoring_utilities.__init__:522 - No positive_label provided but detected a binary classification task
2026-02-25 09:50:45.725 - INFO - 43 - azureml.training.tabular.score._validation.log_classification_debug:194 - Classification metrics debug: {'y_test': (249,), 'y_pred_probs': (249, 2), 'unique_y_test': (2,), 'class_labels': (2,), 'train_labels': (2,), 'n_missing_train': 0, 'n_missing_valid': 0, 'sample_weight': None}
2026-02-25 09:50:45.725 - INFO - 43 - azureml.training.tabular.score._validation.log_classification_debug:194 - Classification metrics debug: {'y_test': (249,), 'y_pred_probs': (249, 2), 'unique_y_test': (2,), 'class_labels': (2,), 'train_labels': (2,), 'n_missing_train': 0, 'n_missing_valid': 0, 'sample_weight': None}
2026-02-25 09:50:45.726 - INFO - 43 - azureml.training.tabular.score._scoring_utilities.__init__:522 - No positive_label provided but detected a binary classification task
2026-02-25 09:50:45.726 - INFO - 43 - azureml.training.tabular.score._scoring_utilities.__init__:522 - No positive_label provided but detected a binary classification task
2026-02-25 09:50:45.727 - INFO - 43 - azureml.training.tabular.score._validation.log_classification_debug:194 - Classification metrics debug: {'y_test': (249,), 'y_pred_probs': (249, 2), 'unique_y_test': (2,), 'class_labels': (2,), 'train_labels': (2,), 'n_missing_train': 0, 'n_missing_valid': 0, 'sample_weight': None}
2026-02-25 09:50:45.727 - INFO - 43 - azureml.training.tabular.score._validation.log_classification_debug:194 - Classification metrics debug: {'y_test': (249,), 'y_pred_probs': (249, 2), 'unique_y_test': (2,), 'class_labels': (2,), 'train_labels': (2,), 'n_missing_train': 0, 'n_missing_valid': 0, 'sample_weight': None}
2026-02-25 09:50:45.728 - INFO - 43 - azureml.training.tabular.score._scoring_utilities.__init__:522 - No positive_label provided but detected a binary classification task
2026-02-25 09:50:45.728 - INFO - 43 - azureml.training.tabular.score._scoring_utilities.__init__:522 - No positive_label provided but detected a binary classification task
2026-02-25 09:50:45.730 - INFO - 43 - azureml.training.tabular.score._validation.log_classification_debug:194 - Classification metrics debug: {'y_test': (248,), 'y_pred_probs': (248, 2), 'unique_y_test': (2,), 'class_labels': (2,), 'train_labels': (2,), 'n_missing_train': 0, 'n_missing_valid': 0, 'sample_weight': None}
2026-02-25 09:50:45.730 - INFO - 43 - azureml.training.tabular.score._validation.log_classification_debug:194 - Classification metrics debug: {'y_test': (248,), 'y_pred_probs': (248, 2), 'unique_y_test': (2,), 'class_labels': (2,), 'train_labels': (2,), 'n_missing_train': 0, 'n_missing_valid': 0, 'sample_weight': None}
2026-02-25 09:50:45.731 - INFO - 43 - azureml.training.tabular.score._scoring_utilities.__init__:522 - No positive_label provided but detected a binary classification task
2026-02-25 09:50:45.731 - INFO - 43 - azureml.training.tabular.score._scoring_utilities.__init__:522 - No positive_label provided but detected a binary classification task
2026-02-25 09:50:45.733 - INFO - 43 - azureml.training.tabular.score._validation.log_classification_debug:194 - Classification metrics debug: {'y_test': (248,), 'y_pred_probs': (248, 2), 'unique_y_test': (2,), 'class_labels': (2,), 'train_labels': (2,), 'n_missing_train': 0, 'n_missing_valid': 0, 'sample_weight': None}
2026-02-25 09:50:45.733 - INFO - 43 - azureml.training.tabular.score._validation.log_classification_debug:194 - Classification metrics debug: {'y_test': (248,), 'y_pred_probs': (248, 2), 'unique_y_test': (2,), 'class_labels': (2,), 'train_labels': (2,), 'n_missing_train': 0, 'n_missing_valid': 0, 'sample_weight': None}
2026-02-25 09:50:45.734 - INFO - 43 - azureml.training.tabular.score._scoring_utilities.__init__:522 - No positive_label provided but detected a binary classification task
2026-02-25 09:50:45.734 - INFO - 43 - azureml.training.tabular.score._scoring_utilities.__init__:522 - No positive_label provided but detected a binary classification task
2026-02-25 09:50:45.736 - INFO - 43 - azureml.training.tabular.score._validation.log_classification_debug:194 - Classification metrics debug: {'y_test': (248,), 'y_pred_probs': (248, 2), 'unique_y_test': (2,), 'class_labels': (2,), 'train_labels': (2,), 'n_missing_train': 0, 'n_missing_valid': 0, 'sample_weight': None}
2026-02-25 09:50:45.736 - INFO - 43 - azureml.training.tabular.score._validation.log_classification_debug:194 - Classification metrics debug: {'y_test': (248,), 'y_pred_probs': (248, 2), 'unique_y_test': (2,), 'class_labels': (2,), 'train_labels': (2,), 'n_missing_train': 0, 'n_missing_valid': 0, 'sample_weight': None}
2026-02-25 09:50:45.736 - INFO - 43 - azureml.training.tabular.score._scoring_utilities.__init__:522 - No positive_label provided but detected a binary classification task
2026-02-25 09:50:45.736 - INFO - 43 - azureml.training.tabular.score._scoring_utilities.__init__:522 - No positive_label provided but detected a binary classification task
2026-02-25 09:50:45.738 - INFO - 43 - azureml.training.tabular.score._validation.log_classification_debug:194 - Classification metrics debug: {'y_test': (249,), 'y_pred_probs': (249, 2), 'unique_y_test': (2,), 'class_labels': (2,), 'train_labels': (2,), 'n_missing_train': 0, 'n_missing_valid': 0, 'sample_weight': None}
2026-02-25 09:50:45.738 - INFO - 43 - azureml.training.tabular.score._validation.log_classification_debug:194 - Classification metrics debug: {'y_test': (249,), 'y_pred_probs': (249, 2), 'unique_y_test': (2,), 'class_labels': (2,), 'train_labels': (2,), 'n_missing_train': 0, 'n_missing_valid': 0, 'sample_weight': None}
2026-02-25 09:50:45.739 - INFO - 43 - azureml.training.tabular.score._scoring_utilities.__init__:522 - No positive_label provided but detected a binary classification task
2026-02-25 09:50:45.739 - INFO - 43 - azureml.training.tabular.score._scoring_utilities.__init__:522 - No positive_label provided but detected a binary classification task
2026-02-25 09:50:45.741 - INFO - 43 - azureml.training.tabular.score._validation.log_classification_debug:194 - Classification metrics debug: {'y_test': (249,), 'y_pred_probs': (249, 2), 'unique_y_test': (2,), 'class_labels': (2,), 'train_labels': (2,), 'n_missing_train': 0, 'n_missing_valid': 0, 'sample_weight': None}
2026-02-25 09:50:45.741 - INFO - 43 - azureml.training.tabular.score._validation.log_classification_debug:194 - Classification metrics debug: {'y_test': (249,), 'y_pred_probs': (249, 2), 'unique_y_test': (2,), 'class_labels': (2,), 'train_labels': (2,), 'n_missing_train': 0, 'n_missing_valid': 0, 'sample_weight': None}
2026-02-25 09:50:45.742 - INFO - 43 - azureml.training.tabular.score._scoring_utilities.__init__:522 - No positive_label provided but detected a binary classification task
2026-02-25 09:50:45.742 - INFO - 43 - azureml.training.tabular.score._scoring_utilities.__init__:522 - No positive_label provided but detected a binary classification task
2026-02-25 09:50:45.744 - INFO - 43 - azureml.training.tabular.score._validation.log_classification_debug:194 - Classification metrics debug: {'y_test': (248,), 'y_pred_probs': (248, 2), 'unique_y_test': (2,), 'class_labels': (2,), 'train_labels': (2,), 'n_missing_train': 0, 'n_missing_valid': 0, 'sample_weight': None}
2026-02-25 09:50:45.744 - INFO - 43 - azureml.training.tabular.score._validation.log_classification_debug:194 - Classification metrics debug: {'y_test': (248,), 'y_pred_probs': (248, 2), 'unique_y_test': (2,), 'class_labels': (2,), 'train_labels': (2,), 'n_missing_train': 0, 'n_missing_valid': 0, 'sample_weight': None}
2026-02-25 09:50:45.745 - INFO - 43 - azureml.training.tabular.score._scoring_utilities.__init__:522 - No positive_label provided but detected a binary classification task
2026-02-25 09:50:45.745 - INFO - 43 - azureml.training.tabular.score._scoring_utilities.__init__:522 - No positive_label provided but detected a binary classification task
2026-02-25 09:50:45.747 - INFO - 43 - azureml.training.tabular.score._validation.log_classification_debug:194 - Classification metrics debug: {'y_test': (248,), 'y_pred_probs': (248, 2), 'unique_y_test': (2,), 'class_labels': (2,), 'train_labels': (2,), 'n_missing_train': 0, 'n_missing_valid': 0, 'sample_weight': None}
2026-02-25 09:50:45.747 - INFO - 43 - azureml.training.tabular.score._validation.log_classification_debug:194 - Classification metrics debug: {'y_test': (248,), 'y_pred_probs': (248, 2), 'unique_y_test': (2,), 'class_labels': (2,), 'train_labels': (2,), 'n_missing_train': 0, 'n_missing_valid': 0, 'sample_weight': None}
2026-02-25 09:50:45.748 - INFO - 43 - azureml.training.tabular.score._scoring_utilities.__init__:522 - No positive_label provided but detected a binary classification task
2026-02-25 09:50:45.748 - INFO - 43 - azureml.training.tabular.score._scoring_utilities.__init__:522 - No positive_label provided but detected a binary classification task
2026-02-25 09:50:45.749 - INFO - 43 - azureml.training.tabular.score._validation.log_classification_debug:194 - Classification metrics debug: {'y_test': (248,), 'y_pred_probs': (248, 2), 'unique_y_test': (2,), 'class_labels': (2,), 'train_labels': (2,), 'n_missing_train': 0, 'n_missing_valid': 0, 'sample_weight': None}
2026-02-25 09:50:45.749 - INFO - 43 - azureml.training.tabular.score._validation.log_classification_debug:194 - Classification metrics debug: {'y_test': (248,), 'y_pred_probs': (248, 2), 'unique_y_test': (2,), 'class_labels': (2,), 'train_labels': (2,), 'n_missing_train': 0, 'n_missing_valid': 0, 'sample_weight': None}
2026-02-25 09:50:45.750 - INFO - 43 - azureml.training.tabular.score._scoring_utilities.__init__:522 - No positive_label provided but detected a binary classification task
2026-02-25 09:50:45.750 - INFO - 43 - azureml.training.tabular.score._scoring_utilities.__init__:522 - No positive_label provided but detected a binary classification task
2026-02-25 09:50:45.752 - INFO - 43 - azureml.training.tabular.score._validation.log_classification_debug:194 - Classification metrics debug: {'y_test': (249,), 'y_pred_probs': (249, 2), 'unique_y_test': (2,), 'class_labels': (2,), 'train_labels': (2,), 'n_missing_train': 0, 'n_missing_valid': 0, 'sample_weight': None}
2026-02-25 09:50:45.752 - INFO - 43 - azureml.training.tabular.score._validation.log_classification_debug:194 - Classification metrics debug: {'y_test': (249,), 'y_pred_probs': (249, 2), 'unique_y_test': (2,), 'class_labels': (2,), 'train_labels': (2,), 'n_missing_train': 0, 'n_missing_valid': 0, 'sample_weight': None}
2026-02-25 09:50:45.753 - INFO - 43 - azureml.training.tabular.score._scoring_utilities.__init__:522 - No positive_label provided but detected a binary classification task
2026-02-25 09:50:45.753 - INFO - 43 - azureml.training.tabular.score._scoring_utilities.__init__:522 - No positive_label provided but detected a binary classification task
2026-02-25 09:50:45.755 - INFO - 43 - azureml.training.tabular.score._validation.log_classification_debug:194 - Classification metrics debug: {'y_test': (249,), 'y_pred_probs': (249, 2), 'unique_y_test': (2,), 'class_labels': (2,), 'train_labels': (2,), 'n_missing_train': 0, 'n_missing_valid': 0, 'sample_weight': None}
2026-02-25 09:50:45.755 - INFO - 43 - azureml.training.tabular.score._validation.log_classification_debug:194 - Classification metrics debug: {'y_test': (249,), 'y_pred_probs': (249, 2), 'unique_y_test': (2,), 'class_labels': (2,), 'train_labels': (2,), 'n_missing_train': 0, 'n_missing_valid': 0, 'sample_weight': None}
2026-02-25 09:50:45.756 - INFO - 43 - azureml.training.tabular.score._scoring_utilities.__init__:522 - No positive_label provided but detected a binary classification task
2026-02-25 09:50:45.756 - INFO - 43 - azureml.training.tabular.score._scoring_utilities.__init__:522 - No positive_label provided but detected a binary classification task
2026-02-25 09:50:45.758 - INFO - 43 - azureml.training.tabular.score._validation.log_classification_debug:194 - Classification metrics debug: {'y_test': (248,), 'y_pred_probs': (248, 2), 'unique_y_test': (2,), 'class_labels': (2,), 'train_labels': (2,), 'n_missing_train': 0, 'n_missing_valid': 0, 'sample_weight': None}
2026-02-25 09:50:45.758 - INFO - 43 - azureml.training.tabular.score._validation.log_classification_debug:194 - Classification metrics debug: {'y_test': (248,), 'y_pred_probs': (248, 2), 'unique_y_test': (2,), 'class_labels': (2,), 'train_labels': (2,), 'n_missing_train': 0, 'n_missing_valid': 0, 'sample_weight': None}
2026-02-25 09:50:45.759 - INFO - 43 - azureml.training.tabular.score._scoring_utilities.__init__:522 - No positive_label provided but detected a binary classification task
2026-02-25 09:50:45.759 - INFO - 43 - azureml.training.tabular.score._scoring_utilities.__init__:522 - No positive_label provided but detected a binary classification task
2026-02-25 09:50:45.761 - INFO - 43 - azureml.training.tabular.score._validation.log_classification_debug:194 - Classification metrics debug: {'y_test': (248,), 'y_pred_probs': (248, 2), 'unique_y_test': (2,), 'class_labels': (2,), 'train_labels': (2,), 'n_missing_train': 0, 'n_missing_valid': 0, 'sample_weight': None}
2026-02-25 09:50:45.761 - INFO - 43 - azureml.training.tabular.score._validation.log_classification_debug:194 - Classification metrics debug: {'y_test': (248,), 'y_pred_probs': (248, 2), 'unique_y_test': (2,), 'class_labels': (2,), 'train_labels': (2,), 'n_missing_train': 0, 'n_missing_valid': 0, 'sample_weight': None}
2026-02-25 09:50:45.761 - INFO - 43 - azureml.training.tabular.score._scoring_utilities.__init__:522 - No positive_label provided but detected a binary classification task
2026-02-25 09:50:45.761 - INFO - 43 - azureml.training.tabular.score._scoring_utilities.__init__:522 - No positive_label provided but detected a binary classification task
2026-02-25 09:50:45.765 - INFO - 43 - azureml.training.tabular.score._validation.log_classification_debug:194 - Classification metrics debug: {'y_test': (248,), 'y_pred_probs': (248, 2), 'unique_y_test': (2,), 'class_labels': (2,), 'train_labels': (2,), 'n_missing_train': 0, 'n_missing_valid': 0, 'sample_weight': None}
2026-02-25 09:50:45.765 - INFO - 43 - azureml.training.tabular.score._validation.log_classification_debug:194 - Classification metrics debug: {'y_test': (248,), 'y_pred_probs': (248, 2), 'unique_y_test': (2,), 'class_labels': (2,), 'train_labels': (2,), 'n_missing_train': 0, 'n_missing_valid': 0, 'sample_weight': None}
2026-02-25 09:50:45.766 - INFO - 43 - azureml.training.tabular.score._scoring_utilities.__init__:522 - No positive_label provided but detected a binary classification task
2026-02-25 09:50:45.766 - INFO - 43 - azureml.training.tabular.score._scoring_utilities.__init__:522 - No positive_label provided but detected a binary classification task
2026-02-25 09:50:45.768 - INFO - 43 - azureml.training.tabular.score._validation.log_classification_debug:194 - Classification metrics debug: {'y_test': (249,), 'y_pred_probs': (249, 2), 'unique_y_test': (2,), 'class_labels': (2,), 'train_labels': (2,), 'n_missing_train': 0, 'n_missing_valid': 0, 'sample_weight': None}
2026-02-25 09:50:45.768 - INFO - 43 - azureml.training.tabular.score._validation.log_classification_debug:194 - Classification metrics debug: {'y_test': (249,), 'y_pred_probs': (249, 2), 'unique_y_test': (2,), 'class_labels': (2,), 'train_labels': (2,), 'n_missing_train': 0, 'n_missing_valid': 0, 'sample_weight': None}
2026-02-25 09:50:45.769 - INFO - 43 - azureml.training.tabular.score._scoring_utilities.__init__:522 - No positive_label provided but detected a binary classification task
2026-02-25 09:50:45.769 - INFO - 43 - azureml.training.tabular.score._scoring_utilities.__init__:522 - No positive_label provided but detected a binary classification task
2026-02-25 09:50:45.771 - INFO - 43 - azureml.training.tabular.score._validation.log_classification_debug:194 - Classification metrics debug: {'y_test': (249,), 'y_pred_probs': (249, 2), 'unique_y_test': (2,), 'class_labels': (2,), 'train_labels': (2,), 'n_missing_train': 0, 'n_missing_valid': 0, 'sample_weight': None}
2026-02-25 09:50:45.771 - INFO - 43 - azureml.training.tabular.score._validation.log_classification_debug:194 - Classification metrics debug: {'y_test': (249,), 'y_pred_probs': (249, 2), 'unique_y_test': (2,), 'class_labels': (2,), 'train_labels': (2,), 'n_missing_train': 0, 'n_missing_valid': 0, 'sample_weight': None}
2026-02-25 09:50:45.772 - INFO - 43 - azureml.training.tabular.score._scoring_utilities.__init__:522 - No positive_label provided but detected a binary classification task
2026-02-25 09:50:45.772 - INFO - 43 - azureml.training.tabular.score._scoring_utilities.__init__:522 - No positive_label provided but detected a binary classification task
2026-02-25 09:50:45.775 - INFO - 43 - azureml.training.tabular.score._validation.log_classification_debug:194 - Classification metrics debug: {'y_test': (248,), 'y_pred_probs': (248, 2), 'unique_y_test': (2,), 'class_labels': (2,), 'train_labels': (2,), 'n_missing_train': 0, 'n_missing_valid': 0, 'sample_weight': None}
2026-02-25 09:50:45.775 - INFO - 43 - azureml.training.tabular.score._validation.log_classification_debug:194 - Classification metrics debug: {'y_test': (248,), 'y_pred_probs': (248, 2), 'unique_y_test': (2,), 'class_labels': (2,), 'train_labels': (2,), 'n_missing_train': 0, 'n_missing_valid': 0, 'sample_weight': None}
2026-02-25 09:50:45.775 - INFO - 43 - azureml.training.tabular.score._scoring_utilities.__init__:522 - No positive_label provided but detected a binary classification task
2026-02-25 09:50:45.775 - INFO - 43 - azureml.training.tabular.score._scoring_utilities.__init__:522 - No positive_label provided but detected a binary classification task
2026-02-25 09:50:45.777 - INFO - 43 - azureml.training.tabular.score._validation.log_classification_debug:194 - Classification metrics debug: {'y_test': (248,), 'y_pred_probs': (248, 2), 'unique_y_test': (2,), 'class_labels': (2,), 'train_labels': (2,), 'n_missing_train': 0, 'n_missing_valid': 0, 'sample_weight': None}
2026-02-25 09:50:45.777 - INFO - 43 - azureml.training.tabular.score._validation.log_classification_debug:194 - Classification metrics debug: {'y_test': (248,), 'y_pred_probs': (248, 2), 'unique_y_test': (2,), 'class_labels': (2,), 'train_labels': (2,), 'n_missing_train': 0, 'n_missing_valid': 0, 'sample_weight': None}
2026-02-25 09:50:45.778 - INFO - 43 - azureml.training.tabular.score._scoring_utilities.__init__:522 - No positive_label provided but detected a binary classification task
2026-02-25 09:50:45.778 - INFO - 43 - azureml.training.tabular.score._scoring_utilities.__init__:522 - No positive_label provided but detected a binary classification task
2026-02-25 09:50:45.780 - INFO - 43 - azureml.training.tabular.score._validation.log_classification_debug:194 - Classification metrics debug: {'y_test': (248,), 'y_pred_probs': (248, 2), 'unique_y_test': (2,), 'class_labels': (2,), 'train_labels': (2,), 'n_missing_train': 0, 'n_missing_valid': 0, 'sample_weight': None}
2026-02-25 09:50:45.780 - INFO - 43 - azureml.training.tabular.score._validation.log_classification_debug:194 - Classification metrics debug: {'y_test': (248,), 'y_pred_probs': (248, 2), 'unique_y_test': (2,), 'class_labels': (2,), 'train_labels': (2,), 'n_missing_train': 0, 'n_missing_valid': 0, 'sample_weight': None}
2026-02-25 09:50:45.781 - INFO - 43 - azureml.training.tabular.score._scoring_utilities.__init__:522 - No positive_label provided but detected a binary classification task
2026-02-25 09:50:45.781 - INFO - 43 - azureml.training.tabular.score._scoring_utilities.__init__:522 - No positive_label provided but detected a binary classification task
2026-02-25 09:50:45.783 - INFO - 43 - azureml.training.tabular.score._validation.log_classification_debug:194 - Classification metrics debug: {'y_test': (249,), 'y_pred_probs': (249, 2), 'unique_y_test': (2,), 'class_labels': (2,), 'train_labels': (2,), 'n_missing_train': 0, 'n_missing_valid': 0, 'sample_weight': None}
2026-02-25 09:50:45.783 - INFO - 43 - azureml.training.tabular.score._validation.log_classification_debug:194 - Classification metrics debug: {'y_test': (249,), 'y_pred_probs': (249, 2), 'unique_y_test': (2,), 'class_labels': (2,), 'train_labels': (2,), 'n_missing_train': 0, 'n_missing_valid': 0, 'sample_weight': None}
2026-02-25 09:50:45.784 - INFO - 43 - azureml.training.tabular.score._scoring_utilities.__init__:522 - No positive_label provided but detected a binary classification task
2026-02-25 09:50:45.784 - INFO - 43 - azureml.training.tabular.score._scoring_utilities.__init__:522 - No positive_label provided but detected a binary classification task
2026-02-25 09:50:45.787 - INFO - 43 - azureml.training.tabular.score._validation.log_classification_debug:194 - Classification metrics debug: {'y_test': (249,), 'y_pred_probs': (249, 2), 'unique_y_test': (2,), 'class_labels': (2,), 'train_labels': (2,), 'n_missing_train': 0, 'n_missing_valid': 0, 'sample_weight': None}
2026-02-25 09:50:45.787 - INFO - 43 - azureml.training.tabular.score._validation.log_classification_debug:194 - Classification metrics debug: {'y_test': (249,), 'y_pred_probs': (249, 2), 'unique_y_test': (2,), 'class_labels': (2,), 'train_labels': (2,), 'n_missing_train': 0, 'n_missing_valid': 0, 'sample_weight': None}
2026-02-25 09:50:45.788 - INFO - 43 - azureml.training.tabular.score._scoring_utilities.__init__:522 - No positive_label provided but detected a binary classification task
2026-02-25 09:50:45.788 - INFO - 43 - azureml.training.tabular.score._scoring_utilities.__init__:522 - No positive_label provided but detected a binary classification task
2026-02-25 09:50:45.790 - INFO - 43 - azureml.training.tabular.score._validation.log_classification_debug:194 - Classification metrics debug: {'y_test': (248,), 'y_pred_probs': (248, 2), 'unique_y_test': (2,), 'class_labels': (2,), 'train_labels': (2,), 'n_missing_train': 0, 'n_missing_valid': 0, 'sample_weight': None}
2026-02-25 09:50:45.790 - INFO - 43 - azureml.training.tabular.score._validation.log_classification_debug:194 - Classification metrics debug: {'y_test': (248,), 'y_pred_probs': (248, 2), 'unique_y_test': (2,), 'class_labels': (2,), 'train_labels': (2,), 'n_missing_train': 0, 'n_missing_valid': 0, 'sample_weight': None}
2026-02-25 09:50:45.790 - INFO - 43 - azureml.training.tabular.score._scoring_utilities.__init__:522 - No positive_label provided but detected a binary classification task
2026-02-25 09:50:45.790 - INFO - 43 - azureml.training.tabular.score._scoring_utilities.__init__:522 - No positive_label provided but detected a binary classification task
2026-02-25 09:50:45.792 - INFO - 43 - azureml.training.tabular.score._validation.log_classification_debug:194 - Classification metrics debug: {'y_test': (248,), 'y_pred_probs': (248, 2), 'unique_y_test': (2,), 'class_labels': (2,), 'train_labels': (2,), 'n_missing_train': 0, 'n_missing_valid': 0, 'sample_weight': None}
2026-02-25 09:50:45.792 - INFO - 43 - azureml.training.tabular.score._validation.log_classification_debug:194 - Classification metrics debug: {'y_test': (248,), 'y_pred_probs': (248, 2), 'unique_y_test': (2,), 'class_labels': (2,), 'train_labels': (2,), 'n_missing_train': 0, 'n_missing_valid': 0, 'sample_weight': None}
2026-02-25 09:50:45.793 - INFO - 43 - azureml.training.tabular.score._scoring_utilities.__init__:522 - No positive_label provided but detected a binary classification task
2026-02-25 09:50:45.793 - INFO - 43 - azureml.training.tabular.score._scoring_utilities.__init__:522 - No positive_label provided but detected a binary classification task
2026-02-25 09:50:45.795 - INFO - 43 - azureml.training.tabular.score._validation.log_classification_debug:194 - Classification metrics debug: {'y_test': (248,), 'y_pred_probs': (248, 2), 'unique_y_test': (2,), 'class_labels': (2,), 'train_labels': (2,), 'n_missing_train': 0, 'n_missing_valid': 0, 'sample_weight': None}
2026-02-25 09:50:45.795 - INFO - 43 - azureml.training.tabular.score._validation.log_classification_debug:194 - Classification metrics debug: {'y_test': (248,), 'y_pred_probs': (248, 2), 'unique_y_test': (2,), 'class_labels': (2,), 'train_labels': (2,), 'n_missing_train': 0, 'n_missing_valid': 0, 'sample_weight': None}
2026-02-25 09:50:45.796 - INFO - 43 - azureml.training.tabular.score._scoring_utilities.__init__:522 - No positive_label provided but detected a binary classification task
2026-02-25 09:50:45.796 - INFO - 43 - azureml.training.tabular.score._scoring_utilities.__init__:522 - No positive_label provided but detected a binary classification task
2026-02-25 09:50:45.798 - INFO - 43 - azureml.training.tabular.score._validation.log_classification_debug:194 - Classification metrics debug: {'y_test': (249,), 'y_pred_probs': (249, 2), 'unique_y_test': (2,), 'class_labels': (2,), 'train_labels': (2,), 'n_missing_train': 0, 'n_missing_valid': 0, 'sample_weight': None}
2026-02-25 09:50:45.798 - INFO - 43 - azureml.training.tabular.score._validation.log_classification_debug:194 - Classification metrics debug: {'y_test': (249,), 'y_pred_probs': (249, 2), 'unique_y_test': (2,), 'class_labels': (2,), 'train_labels': (2,), 'n_missing_train': 0, 'n_missing_valid': 0, 'sample_weight': None}
2026-02-25 09:50:45.799 - INFO - 43 - azureml.training.tabular.score._scoring_utilities.__init__:522 - No positive_label provided but detected a binary classification task
2026-02-25 09:50:45.799 - INFO - 43 - azureml.training.tabular.score._scoring_utilities.__init__:522 - No positive_label provided but detected a binary classification task
2026-02-25 09:50:45.801 - INFO - 43 - azureml.training.tabular.score._validation.log_classification_debug:194 - Classification metrics debug: {'y_test': (249,), 'y_pred_probs': (249, 2), 'unique_y_test': (2,), 'class_labels': (2,), 'train_labels': (2,), 'n_missing_train': 0, 'n_missing_valid': 0, 'sample_weight': None}
2026-02-25 09:50:45.801 - INFO - 43 - azureml.training.tabular.score._validation.log_classification_debug:194 - Classification metrics debug: {'y_test': (249,), 'y_pred_probs': (249, 2), 'unique_y_test': (2,), 'class_labels': (2,), 'train_labels': (2,), 'n_missing_train': 0, 'n_missing_valid': 0, 'sample_weight': None}
2026-02-25 09:50:45.802 - INFO - 43 - azureml.training.tabular.score._scoring_utilities.__init__:522 - No positive_label provided but detected a binary classification task
2026-02-25 09:50:45.802 - INFO - 43 - azureml.training.tabular.score._scoring_utilities.__init__:522 - No positive_label provided but detected a binary classification task
2026-02-25 09:50:45.804 - INFO - 43 - azureml.training.tabular.score._validation.log_classification_debug:194 - Classification metrics debug: {'y_test': (248,), 'y_pred_probs': (248, 2), 'unique_y_test': (2,), 'class_labels': (2,), 'train_labels': (2,), 'n_missing_train': 0, 'n_missing_valid': 0, 'sample_weight': None}
2026-02-25 09:50:45.804 - INFO - 43 - azureml.training.tabular.score._validation.log_classification_debug:194 - Classification metrics debug: {'y_test': (248,), 'y_pred_probs': (248, 2), 'unique_y_test': (2,), 'class_labels': (2,), 'train_labels': (2,), 'n_missing_train': 0, 'n_missing_valid': 0, 'sample_weight': None}
2026-02-25 09:50:45.805 - INFO - 43 - azureml.training.tabular.score._scoring_utilities.__init__:522 - No positive_label provided but detected a binary classification task
2026-02-25 09:50:45.805 - INFO - 43 - azureml.training.tabular.score._scoring_utilities.__init__:522 - No positive_label provided but detected a binary classification task
2026-02-25 09:50:45.806 - INFO - 43 - azureml.training.tabular.score._validation.log_classification_debug:194 - Classification metrics debug: {'y_test': (248,), 'y_pred_probs': (248, 2), 'unique_y_test': (2,), 'class_labels': (2,), 'train_labels': (2,), 'n_missing_train': 0, 'n_missing_valid': 0, 'sample_weight': None}
2026-02-25 09:50:45.806 - INFO - 43 - azureml.training.tabular.score._validation.log_classification_debug:194 - Classification metrics debug: {'y_test': (248,), 'y_pred_probs': (248, 2), 'unique_y_test': (2,), 'class_labels': (2,), 'train_labels': (2,), 'n_missing_train': 0, 'n_missing_valid': 0, 'sample_weight': None}
2026-02-25 09:50:45.807 - INFO - 43 - azureml.training.tabular.score._scoring_utilities.__init__:522 - No positive_label provided but detected a binary classification task
2026-02-25 09:50:45.807 - INFO - 43 - azureml.training.tabular.score._scoring_utilities.__init__:522 - No positive_label provided but detected a binary classification task
2026-02-25 09:50:45.810 - INFO - 43 - azureml.training.tabular.score._validation.log_classification_debug:194 - Classification metrics debug: {'y_test': (248,), 'y_pred_probs': (248, 2), 'unique_y_test': (2,), 'class_labels': (2,), 'train_labels': (2,), 'n_missing_train': 0, 'n_missing_valid': 0, 'sample_weight': None}
2026-02-25 09:50:45.810 - INFO - 43 - azureml.training.tabular.score._validation.log_classification_debug:194 - Classification metrics debug: {'y_test': (248,), 'y_pred_probs': (248, 2), 'unique_y_test': (2,), 'class_labels': (2,), 'train_labels': (2,), 'n_missing_train': 0, 'n_missing_valid': 0, 'sample_weight': None}
2026-02-25 09:50:45.810 - INFO - 43 - azureml.training.tabular.score._scoring_utilities.__init__:522 - No positive_label provided but detected a binary classification task
2026-02-25 09:50:45.810 - INFO - 43 - azureml.training.tabular.score._scoring_utilities.__init__:522 - No positive_label provided but detected a binary classification task
2026-02-25 09:50:45.812 - INFO - 43 - azureml.training.tabular.score._validation.log_classification_debug:194 - Classification metrics debug: {'y_test': (249,), 'y_pred_probs': (249, 2), 'unique_y_test': (2,), 'class_labels': (2,), 'train_labels': (2,), 'n_missing_train': 0, 'n_missing_valid': 0, 'sample_weight': None}
2026-02-25 09:50:45.812 - INFO - 43 - azureml.training.tabular.score._validation.log_classification_debug:194 - Classification metrics debug: {'y_test': (249,), 'y_pred_probs': (249, 2), 'unique_y_test': (2,), 'class_labels': (2,), 'train_labels': (2,), 'n_missing_train': 0, 'n_missing_valid': 0, 'sample_weight': None}
2026-02-25 09:50:45.813 - INFO - 43 - azureml.training.tabular.score._scoring_utilities.__init__:522 - No positive_label provided but detected a binary classification task
2026-02-25 09:50:45.813 - INFO - 43 - azureml.training.tabular.score._scoring_utilities.__init__:522 - No positive_label provided but detected a binary classification task
2026-02-25 09:50:45.815 - INFO - 43 - azureml.training.tabular.score._validation.log_classification_debug:194 - Classification metrics debug: {'y_test': (249,), 'y_pred_probs': (249, 2), 'unique_y_test': (2,), 'class_labels': (2,), 'train_labels': (2,), 'n_missing_train': 0, 'n_missing_valid': 0, 'sample_weight': None}
2026-02-25 09:50:45.815 - INFO - 43 - azureml.training.tabular.score._validation.log_classification_debug:194 - Classification metrics debug: {'y_test': (249,), 'y_pred_probs': (249, 2), 'unique_y_test': (2,), 'class_labels': (2,), 'train_labels': (2,), 'n_missing_train': 0, 'n_missing_valid': 0, 'sample_weight': None}
2026-02-25 09:50:45.816 - INFO - 43 - azureml.training.tabular.score._scoring_utilities.__init__:522 - No positive_label provided but detected a binary classification task
2026-02-25 09:50:45.816 - INFO - 43 - azureml.training.tabular.score._scoring_utilities.__init__:522 - No positive_label provided but detected a binary classification task
2026-02-25 09:50:45.818 - INFO - 43 - azureml.training.tabular.score._validation.log_classification_debug:194 - Classification metrics debug: {'y_test': (248,), 'y_pred_probs': (248, 2), 'unique_y_test': (2,), 'class_labels': (2,), 'train_labels': (2,), 'n_missing_train': 0, 'n_missing_valid': 0, 'sample_weight': None}
2026-02-25 09:50:45.818 - INFO - 43 - azureml.training.tabular.score._validation.log_classification_debug:194 - Classification metrics debug: {'y_test': (248,), 'y_pred_probs': (248, 2), 'unique_y_test': (2,), 'class_labels': (2,), 'train_labels': (2,), 'n_missing_train': 0, 'n_missing_valid': 0, 'sample_weight': None}
2026-02-25 09:50:45.819 - INFO - 43 - azureml.training.tabular.score._scoring_utilities.__init__:522 - No positive_label provided but detected a binary classification task
2026-02-25 09:50:45.819 - INFO - 43 - azureml.training.tabular.score._scoring_utilities.__init__:522 - No positive_label provided but detected a binary classification task
2026-02-25 09:50:45.821 - INFO - 43 - azureml.training.tabular.score._validation.log_classification_debug:194 - Classification metrics debug: {'y_test': (248,), 'y_pred_probs': (248, 2), 'unique_y_test': (2,), 'class_labels': (2,), 'train_labels': (2,), 'n_missing_train': 0, 'n_missing_valid': 0, 'sample_weight': None}
2026-02-25 09:50:45.821 - INFO - 43 - azureml.training.tabular.score._validation.log_classification_debug:194 - Classification metrics debug: {'y_test': (248,), 'y_pred_probs': (248, 2), 'unique_y_test': (2,), 'class_labels': (2,), 'train_labels': (2,), 'n_missing_train': 0, 'n_missing_valid': 0, 'sample_weight': None}
2026-02-25 09:50:45.822 - INFO - 43 - azureml.training.tabular.score._scoring_utilities.__init__:522 - No positive_label provided but detected a binary classification task
2026-02-25 09:50:45.822 - INFO - 43 - azureml.training.tabular.score._scoring_utilities.__init__:522 - No positive_label provided but detected a binary classification task
2026-02-25 09:50:45.823 - INFO - 43 - azureml.training.tabular.score._validation.log_classification_debug:194 - Classification metrics debug: {'y_test': (248,), 'y_pred_probs': (248, 2), 'unique_y_test': (2,), 'class_labels': (2,), 'train_labels': (2,), 'n_missing_train': 0, 'n_missing_valid': 0, 'sample_weight': None}
2026-02-25 09:50:45.823 - INFO - 43 - azureml.training.tabular.score._validation.log_classification_debug:194 - Classification metrics debug: {'y_test': (248,), 'y_pred_probs': (248, 2), 'unique_y_test': (2,), 'class_labels': (2,), 'train_labels': (2,), 'n_missing_train': 0, 'n_missing_valid': 0, 'sample_weight': None}
2026-02-25 09:50:45.824 - INFO - 43 - azureml.training.tabular.score._scoring_utilities.__init__:522 - No positive_label provided but detected a binary classification task
2026-02-25 09:50:45.824 - INFO - 43 - azureml.training.tabular.score._scoring_utilities.__init__:522 - No positive_label provided but detected a binary classification task
2026-02-25 09:50:45.826 - INFO - 43 - azureml.training.tabular.score._validation.log_classification_debug:194 - Classification metrics debug: {'y_test': (249,), 'y_pred_probs': (249, 2), 'unique_y_test': (2,), 'class_labels': (2,), 'train_labels': (2,), 'n_missing_train': 0, 'n_missing_valid': 0, 'sample_weight': None}
2026-02-25 09:50:45.826 - INFO - 43 - azureml.training.tabular.score._validation.log_classification_debug:194 - Classification metrics debug: {'y_test': (249,), 'y_pred_probs': (249, 2), 'unique_y_test': (2,), 'class_labels': (2,), 'train_labels': (2,), 'n_missing_train': 0, 'n_missing_valid': 0, 'sample_weight': None}
2026-02-25 09:50:45.827 - INFO - 43 - azureml.training.tabular.score._scoring_utilities.__init__:522 - No positive_label provided but detected a binary classification task
2026-02-25 09:50:45.827 - INFO - 43 - azureml.training.tabular.score._scoring_utilities.__init__:522 - No positive_label provided but detected a binary classification task
2026-02-25 09:50:45.829 - INFO - 43 - azureml.training.tabular.score._validation.log_classification_debug:194 - Classification metrics debug: {'y_test': (249,), 'y_pred_probs': (249, 2), 'unique_y_test': (2,), 'class_labels': (2,), 'train_labels': (2,), 'n_missing_train': 0, 'n_missing_valid': 0, 'sample_weight': None}
2026-02-25 09:50:45.829 - INFO - 43 - azureml.training.tabular.score._validation.log_classification_debug:194 - Classification metrics debug: {'y_test': (249,), 'y_pred_probs': (249, 2), 'unique_y_test': (2,), 'class_labels': (2,), 'train_labels': (2,), 'n_missing_train': 0, 'n_missing_valid': 0, 'sample_weight': None}
2026-02-25 09:50:45.830 - INFO - 43 - azureml.training.tabular.score._scoring_utilities.__init__:522 - No positive_label provided but detected a binary classification task
2026-02-25 09:50:45.830 - INFO - 43 - azureml.training.tabular.score._scoring_utilities.__init__:522 - No positive_label provided but detected a binary classification task
2026-02-25 09:50:45.832 - INFO - 43 - azureml.training.tabular.score._validation.log_classification_debug:194 - Classification metrics debug: {'y_test': (248,), 'y_pred_probs': (248, 2), 'unique_y_test': (2,), 'class_labels': (2,), 'train_labels': (2,), 'n_missing_train': 0, 'n_missing_valid': 0, 'sample_weight': None}
2026-02-25 09:50:45.832 - INFO - 43 - azureml.training.tabular.score._validation.log_classification_debug:194 - Classification metrics debug: {'y_test': (248,), 'y_pred_probs': (248, 2), 'unique_y_test': (2,), 'class_labels': (2,), 'train_labels': (2,), 'n_missing_train': 0, 'n_missing_valid': 0, 'sample_weight': None}
2026-02-25 09:50:45.833 - INFO - 43 - azureml.training.tabular.score._scoring_utilities.__init__:522 - No positive_label provided but detected a binary classification task
2026-02-25 09:50:45.833 - INFO - 43 - azureml.training.tabular.score._scoring_utilities.__init__:522 - No positive_label provided but detected a binary classification task
2026-02-25 09:50:45.835 - INFO - 43 - azureml.training.tabular.score._validation.log_classification_debug:194 - Classification metrics debug: {'y_test': (248,), 'y_pred_probs': (248, 2), 'unique_y_test': (2,), 'class_labels': (2,), 'train_labels': (2,), 'n_missing_train': 0, 'n_missing_valid': 0, 'sample_weight': None}
2026-02-25 09:50:45.835 - INFO - 43 - azureml.training.tabular.score._validation.log_classification_debug:194 - Classification metrics debug: {'y_test': (248,), 'y_pred_probs': (248, 2), 'unique_y_test': (2,), 'class_labels': (2,), 'train_labels': (2,), 'n_missing_train': 0, 'n_missing_valid': 0, 'sample_weight': None}
2026-02-25 09:50:45.835 - INFO - 43 - azureml.training.tabular.score._scoring_utilities.__init__:522 - No positive_label provided but detected a binary classification task
2026-02-25 09:50:45.835 - INFO - 43 - azureml.training.tabular.score._scoring_utilities.__init__:522 - No positive_label provided but detected a binary classification task
2026-02-25 09:50:45.837 - INFO - 43 - azureml.training.tabular.score._validation.log_classification_debug:194 - Classification metrics debug: {'y_test': (248,), 'y_pred_probs': (248, 2), 'unique_y_test': (2,), 'class_labels': (2,), 'train_labels': (2,), 'n_missing_train': 0, 'n_missing_valid': 0, 'sample_weight': None}
2026-02-25 09:50:45.837 - INFO - 43 - azureml.training.tabular.score._validation.log_classification_debug:194 - Classification metrics debug: {'y_test': (248,), 'y_pred_probs': (248, 2), 'unique_y_test': (2,), 'class_labels': (2,), 'train_labels': (2,), 'n_missing_train': 0, 'n_missing_valid': 0, 'sample_weight': None}
2026-02-25 09:50:45.838 - INFO - 43 - azureml.training.tabular.score._scoring_utilities.__init__:522 - No positive_label provided but detected a binary classification task
2026-02-25 09:50:45.838 - INFO - 43 - azureml.training.tabular.score._scoring_utilities.__init__:522 - No positive_label provided but detected a binary classification task
2026-02-25 09:50:45.840 - INFO - 43 - azureml.training.tabular.score._validation.log_classification_debug:194 - Classification metrics debug: {'y_test': (249,), 'y_pred_probs': (249, 2), 'unique_y_test': (2,), 'class_labels': (2,), 'train_labels': (2,), 'n_missing_train': 0, 'n_missing_valid': 0, 'sample_weight': None}
2026-02-25 09:50:45.840 - INFO - 43 - azureml.training.tabular.score._validation.log_classification_debug:194 - Classification metrics debug: {'y_test': (249,), 'y_pred_probs': (249, 2), 'unique_y_test': (2,), 'class_labels': (2,), 'train_labels': (2,), 'n_missing_train': 0, 'n_missing_valid': 0, 'sample_weight': None}
2026-02-25 09:50:45.841 - INFO - 43 - azureml.training.tabular.score._scoring_utilities.__init__:522 - No positive_label provided but detected a binary classification task
2026-02-25 09:50:45.841 - INFO - 43 - azureml.training.tabular.score._scoring_utilities.__init__:522 - No positive_label provided but detected a binary classification task
2026-02-25 09:50:45.843 - INFO - 43 - azureml.training.tabular.score._validation.log_classification_debug:194 - Classification metrics debug: {'y_test': (249,), 'y_pred_probs': (249, 2), 'unique_y_test': (2,), 'class_labels': (2,), 'train_labels': (2,), 'n_missing_train': 0, 'n_missing_valid': 0, 'sample_weight': None}
2026-02-25 09:50:45.843 - INFO - 43 - azureml.training.tabular.score._validation.log_classification_debug:194 - Classification metrics debug: {'y_test': (249,), 'y_pred_probs': (249, 2), 'unique_y_test': (2,), 'class_labels': (2,), 'train_labels': (2,), 'n_missing_train': 0, 'n_missing_valid': 0, 'sample_weight': None}
2026-02-25 09:50:45.844 - INFO - 43 - azureml.training.tabular.score._scoring_utilities.__init__:522 - No positive_label provided but detected a binary classification task
2026-02-25 09:50:45.844 - INFO - 43 - azureml.training.tabular.score._scoring_utilities.__init__:522 - No positive_label provided but detected a binary classification task
2026-02-25 09:50:45.846 - INFO - 43 - azureml.training.tabular.score._validation.log_classification_debug:194 - Classification metrics debug: {'y_test': (248,), 'y_pred_probs': (248, 2), 'unique_y_test': (2,), 'class_labels': (2,), 'train_labels': (2,), 'n_missing_train': 0, 'n_missing_valid': 0, 'sample_weight': None}
2026-02-25 09:50:45.846 - INFO - 43 - azureml.training.tabular.score._validation.log_classification_debug:194 - Classification metrics debug: {'y_test': (248,), 'y_pred_probs': (248, 2), 'unique_y_test': (2,), 'class_labels': (2,), 'train_labels': (2,), 'n_missing_train': 0, 'n_missing_valid': 0, 'sample_weight': None}
2026-02-25 09:50:45.847 - INFO - 43 - azureml.training.tabular.score._scoring_utilities.__init__:522 - No positive_label provided but detected a binary classification task
2026-02-25 09:50:45.847 - INFO - 43 - azureml.training.tabular.score._scoring_utilities.__init__:522 - No positive_label provided but detected a binary classification task
2026-02-25 09:50:45.849 - INFO - 43 - azureml.training.tabular.score._validation.log_classification_debug:194 - Classification metrics debug: {'y_test': (248,), 'y_pred_probs': (248, 2), 'unique_y_test': (2,), 'class_labels': (2,), 'train_labels': (2,), 'n_missing_train': 0, 'n_missing_valid': 0, 'sample_weight': None}
2026-02-25 09:50:45.849 - INFO - 43 - azureml.training.tabular.score._validation.log_classification_debug:194 - Classification metrics debug: {'y_test': (248,), 'y_pred_probs': (248, 2), 'unique_y_test': (2,), 'class_labels': (2,), 'train_labels': (2,), 'n_missing_train': 0, 'n_missing_valid': 0, 'sample_weight': None}
2026-02-25 09:50:45.850 - INFO - 43 - azureml.training.tabular.score._scoring_utilities.__init__:522 - No positive_label provided but detected a binary classification task
2026-02-25 09:50:45.850 - INFO - 43 - azureml.training.tabular.score._scoring_utilities.__init__:522 - No positive_label provided but detected a binary classification task
2026-02-25 09:50:45.852 - INFO - 43 - azureml.training.tabular.score._validation.log_classification_debug:194 - Classification metrics debug: {'y_test': (248,), 'y_pred_probs': (248, 2), 'unique_y_test': (2,), 'class_labels': (2,), 'train_labels': (2,), 'n_missing_train': 0, 'n_missing_valid': 0, 'sample_weight': None}
2026-02-25 09:50:45.852 - INFO - 43 - azureml.training.tabular.score._validation.log_classification_debug:194 - Classification metrics debug: {'y_test': (248,), 'y_pred_probs': (248, 2), 'unique_y_test': (2,), 'class_labels': (2,), 'train_labels': (2,), 'n_missing_train': 0, 'n_missing_valid': 0, 'sample_weight': None}
2026-02-25 09:50:45.852 - INFO - 43 - azureml.training.tabular.score._scoring_utilities.__init__:522 - No positive_label provided but detected a binary classification task
2026-02-25 09:50:45.852 - INFO - 43 - azureml.training.tabular.score._scoring_utilities.__init__:522 - No positive_label provided but detected a binary classification task
2026-02-25 09:50:45.855 - INFO - 43 - azureml.training.tabular.score._validation.log_classification_debug:194 - Classification metrics debug: {'y_test': (249,), 'y_pred_probs': (249, 2), 'unique_y_test': (2,), 'class_labels': (2,), 'train_labels': (2,), 'n_missing_train': 0, 'n_missing_valid': 0, 'sample_weight': None}
2026-02-25 09:50:45.855 - INFO - 43 - azureml.training.tabular.score._validation.log_classification_debug:194 - Classification metrics debug: {'y_test': (249,), 'y_pred_probs': (249, 2), 'unique_y_test': (2,), 'class_labels': (2,), 'train_labels': (2,), 'n_missing_train': 0, 'n_missing_valid': 0, 'sample_weight': None}
2026-02-25 09:50:45.855 - INFO - 43 - azureml.training.tabular.score._scoring_utilities.__init__:522 - No positive_label provided but detected a binary classification task
2026-02-25 09:50:45.855 - INFO - 43 - azureml.training.tabular.score._scoring_utilities.__init__:522 - No positive_label provided but detected a binary classification task
2026-02-25 09:50:45.857 - INFO - 43 - azureml.training.tabular.score._validation.log_classification_debug:194 - Classification metrics debug: {'y_test': (249,), 'y_pred_probs': (249, 2), 'unique_y_test': (2,), 'class_labels': (2,), 'train_labels': (2,), 'n_missing_train': 0, 'n_missing_valid': 0, 'sample_weight': None}
2026-02-25 09:50:45.857 - INFO - 43 - azureml.training.tabular.score._validation.log_classification_debug:194 - Classification metrics debug: {'y_test': (249,), 'y_pred_probs': (249, 2), 'unique_y_test': (2,), 'class_labels': (2,), 'train_labels': (2,), 'n_missing_train': 0, 'n_missing_valid': 0, 'sample_weight': None}
2026-02-25 09:50:45.858 - INFO - 43 - azureml.training.tabular.score._scoring_utilities.__init__:522 - No positive_label provided but detected a binary classification task
2026-02-25 09:50:45.858 - INFO - 43 - azureml.training.tabular.score._scoring_utilities.__init__:522 - No positive_label provided but detected a binary classification task
2026-02-25 09:50:45.860 - INFO - 43 - azureml.training.tabular.score._validation.log_classification_debug:194 - Classification metrics debug: {'y_test': (248,), 'y_pred_probs': (248, 2), 'unique_y_test': (2,), 'class_labels': (2,), 'train_labels': (2,), 'n_missing_train': 0, 'n_missing_valid': 0, 'sample_weight': None}
2026-02-25 09:50:45.860 - INFO - 43 - azureml.training.tabular.score._validation.log_classification_debug:194 - Classification metrics debug: {'y_test': (248,), 'y_pred_probs': (248, 2), 'unique_y_test': (2,), 'class_labels': (2,), 'train_labels': (2,), 'n_missing_train': 0, 'n_missing_valid': 0, 'sample_weight': None}
2026-02-25 09:50:45.861 - INFO - 43 - azureml.training.tabular.score._scoring_utilities.__init__:522 - No positive_label provided but detected a binary classification task
2026-02-25 09:50:45.861 - INFO - 43 - azureml.training.tabular.score._scoring_utilities.__init__:522 - No positive_label provided but detected a binary classification task
2026-02-25 09:50:45.863 - INFO - 43 - azureml.training.tabular.score._validation.log_classification_debug:194 - Classification metrics debug: {'y_test': (248,), 'y_pred_probs': (248, 2), 'unique_y_test': (2,), 'class_labels': (2,), 'train_labels': (2,), 'n_missing_train': 0, 'n_missing_valid': 0, 'sample_weight': None}
2026-02-25 09:50:45.863 - INFO - 43 - azureml.training.tabular.score._validation.log_classification_debug:194 - Classification metrics debug: {'y_test': (248,), 'y_pred_probs': (248, 2), 'unique_y_test': (2,), 'class_labels': (2,), 'train_labels': (2,), 'n_missing_train': 0, 'n_missing_valid': 0, 'sample_weight': None}
2026-02-25 09:50:45.863 - INFO - 43 - azureml.training.tabular.score._scoring_utilities.__init__:522 - No positive_label provided but detected a binary classification task
2026-02-25 09:50:45.863 - INFO - 43 - azureml.training.tabular.score._scoring_utilities.__init__:522 - No positive_label provided but detected a binary classification task
2026-02-25 09:50:45.865 - INFO - 43 - azureml.training.tabular.score._validation.log_classification_debug:194 - Classification metrics debug: {'y_test': (248,), 'y_pred_probs': (248, 2), 'unique_y_test': (2,), 'class_labels': (2,), 'train_labels': (2,), 'n_missing_train': 0, 'n_missing_valid': 0, 'sample_weight': None}
2026-02-25 09:50:45.865 - INFO - 43 - azureml.training.tabular.score._validation.log_classification_debug:194 - Classification metrics debug: {'y_test': (248,), 'y_pred_probs': (248, 2), 'unique_y_test': (2,), 'class_labels': (2,), 'train_labels': (2,), 'n_missing_train': 0, 'n_missing_valid': 0, 'sample_weight': None}
2026-02-25 09:50:45.866 - INFO - 43 - azureml.training.tabular.score._scoring_utilities.__init__:522 - No positive_label provided but detected a binary classification task
2026-02-25 09:50:45.866 - INFO - 43 - azureml.training.tabular.score._scoring_utilities.__init__:522 - No positive_label provided but detected a binary classification task
2026-02-25 09:50:45.868 - INFO - 43 - azureml.training.tabular.score._validation.log_classification_debug:194 - Classification metrics debug: {'y_test': (249,), 'y_pred_probs': (249, 2), 'unique_y_test': (2,), 'class_labels': (2,), 'train_labels': (2,), 'n_missing_train': 0, 'n_missing_valid': 0, 'sample_weight': None}
2026-02-25 09:50:45.868 - INFO - 43 - azureml.training.tabular.score._validation.log_classification_debug:194 - Classification metrics debug: {'y_test': (249,), 'y_pred_probs': (249, 2), 'unique_y_test': (2,), 'class_labels': (2,), 'train_labels': (2,), 'n_missing_train': 0, 'n_missing_valid': 0, 'sample_weight': None}
2026-02-25 09:50:45.869 - INFO - 43 - azureml.training.tabular.score._scoring_utilities.__init__:522 - No positive_label provided but detected a binary classification task
2026-02-25 09:50:45.869 - INFO - 43 - azureml.training.tabular.score._scoring_utilities.__init__:522 - No positive_label provided but detected a binary classification task
2026-02-25 09:50:45.871 - INFO - 43 - azureml.training.tabular.score._validation.log_classification_debug:194 - Classification metrics debug: {'y_test': (249,), 'y_pred_probs': (249, 2), 'unique_y_test': (2,), 'class_labels': (2,), 'train_labels': (2,), 'n_missing_train': 0, 'n_missing_valid': 0, 'sample_weight': None}
2026-02-25 09:50:45.871 - INFO - 43 - azureml.training.tabular.score._validation.log_classification_debug:194 - Classification metrics debug: {'y_test': (249,), 'y_pred_probs': (249, 2), 'unique_y_test': (2,), 'class_labels': (2,), 'train_labels': (2,), 'n_missing_train': 0, 'n_missing_valid': 0, 'sample_weight': None}
2026-02-25 09:50:45.872 - INFO - 43 - azureml.training.tabular.score._scoring_utilities.__init__:522 - No positive_label provided but detected a binary classification task
2026-02-25 09:50:45.872 - INFO - 43 - azureml.training.tabular.score._scoring_utilities.__init__:522 - No positive_label provided but detected a binary classification task
2026-02-25 09:50:45.874 - INFO - 43 - azureml.training.tabular.score._validation.log_classification_debug:194 - Classification metrics debug: {'y_test': (248,), 'y_pred_probs': (248, 2), 'unique_y_test': (2,), 'class_labels': (2,), 'train_labels': (2,), 'n_missing_train': 0, 'n_missing_valid': 0, 'sample_weight': None}
2026-02-25 09:50:45.874 - INFO - 43 - azureml.training.tabular.score._validation.log_classification_debug:194 - Classification metrics debug: {'y_test': (248,), 'y_pred_probs': (248, 2), 'unique_y_test': (2,), 'class_labels': (2,), 'train_labels': (2,), 'n_missing_train': 0, 'n_missing_valid': 0, 'sample_weight': None}
2026-02-25 09:50:45.875 - INFO - 43 - azureml.training.tabular.score._scoring_utilities.__init__:522 - No positive_label provided but detected a binary classification task
2026-02-25 09:50:45.875 - INFO - 43 - azureml.training.tabular.score._scoring_utilities.__init__:522 - No positive_label provided but detected a binary classification task
2026-02-25 09:50:45.876 - INFO - 43 - azureml.training.tabular.score._validation.log_classification_debug:194 - Classification metrics debug: {'y_test': (248,), 'y_pred_probs': (248, 2), 'unique_y_test': (2,), 'class_labels': (2,), 'train_labels': (2,), 'n_missing_train': 0, 'n_missing_valid': 0, 'sample_weight': None}
2026-02-25 09:50:45.876 - INFO - 43 - azureml.training.tabular.score._validation.log_classification_debug:194 - Classification metrics debug: {'y_test': (248,), 'y_pred_probs': (248, 2), 'unique_y_test': (2,), 'class_labels': (2,), 'train_labels': (2,), 'n_missing_train': 0, 'n_missing_valid': 0, 'sample_weight': None}
2026-02-25 09:50:45.877 - INFO - 43 - azureml.training.tabular.score._scoring_utilities.__init__:522 - No positive_label provided but detected a binary classification task
2026-02-25 09:50:45.877 - INFO - 43 - azureml.training.tabular.score._scoring_utilities.__init__:522 - No positive_label provided but detected a binary classification task
2026-02-25 09:50:45.879 - INFO - 43 - azureml.training.tabular.score._validation.log_classification_debug:194 - Classification metrics debug: {'y_test': (248,), 'y_pred_probs': (248, 2), 'unique_y_test': (2,), 'class_labels': (2,), 'train_labels': (2,), 'n_missing_train': 0, 'n_missing_valid': 0, 'sample_weight': None}
2026-02-25 09:50:45.879 - INFO - 43 - azureml.training.tabular.score._validation.log_classification_debug:194 - Classification metrics debug: {'y_test': (248,), 'y_pred_probs': (248, 2), 'unique_y_test': (2,), 'class_labels': (2,), 'train_labels': (2,), 'n_missing_train': 0, 'n_missing_valid': 0, 'sample_weight': None}
2026-02-25 09:50:45.880 - INFO - 43 - azureml.training.tabular.score._scoring_utilities.__init__:522 - No positive_label provided but detected a binary classification task
2026-02-25 09:50:45.880 - INFO - 43 - azureml.training.tabular.score._scoring_utilities.__init__:522 - No positive_label provided but detected a binary classification task
2026-02-25 09:50:45.882 - INFO - 43 - azureml.training.tabular.score._validation.log_classification_debug:194 - Classification metrics debug: {'y_test': (249,), 'y_pred_probs': (249, 2), 'unique_y_test': (2,), 'class_labels': (2,), 'train_labels': (2,), 'n_missing_train': 0, 'n_missing_valid': 0, 'sample_weight': None}
2026-02-25 09:50:45.882 - INFO - 43 - azureml.training.tabular.score._validation.log_classification_debug:194 - Classification metrics debug: {'y_test': (249,), 'y_pred_probs': (249, 2), 'unique_y_test': (2,), 'class_labels': (2,), 'train_labels': (2,), 'n_missing_train': 0, 'n_missing_valid': 0, 'sample_weight': None}
2026-02-25 09:50:45.883 - INFO - 43 - azureml.training.tabular.score._scoring_utilities.__init__:522 - No positive_label provided but detected a binary classification task
2026-02-25 09:50:45.883 - INFO - 43 - azureml.training.tabular.score._scoring_utilities.__init__:522 - No positive_label provided but detected a binary classification task
2026-02-25 09:50:45.886 - INFO - 43 - azureml.training.tabular.score._validation.log_classification_debug:194 - Classification metrics debug: {'y_test': (249,), 'y_pred_probs': (249, 2), 'unique_y_test': (2,), 'class_labels': (2,), 'train_labels': (2,), 'n_missing_train': 0, 'n_missing_valid': 0, 'sample_weight': None}
2026-02-25 09:50:45.886 - INFO - 43 - azureml.training.tabular.score._validation.log_classification_debug:194 - Classification metrics debug: {'y_test': (249,), 'y_pred_probs': (249, 2), 'unique_y_test': (2,), 'class_labels': (2,), 'train_labels': (2,), 'n_missing_train': 0, 'n_missing_valid': 0, 'sample_weight': None}
2026-02-25 09:50:45.887 - INFO - 43 - azureml.training.tabular.score._scoring_utilities.__init__:522 - No positive_label provided but detected a binary classification task
2026-02-25 09:50:45.887 - INFO - 43 - azureml.training.tabular.score._scoring_utilities.__init__:522 - No positive_label provided but detected a binary classification task
2026-02-25 09:50:45.888 - INFO - 43 - azureml.training.tabular.score._validation.log_classification_debug:194 - Classification metrics debug: {'y_test': (248,), 'y_pred_probs': (248, 2), 'unique_y_test': (2,), 'class_labels': (2,), 'train_labels': (2,), 'n_missing_train': 0, 'n_missing_valid': 0, 'sample_weight': None}
2026-02-25 09:50:45.888 - INFO - 43 - azureml.training.tabular.score._validation.log_classification_debug:194 - Classification metrics debug: {'y_test': (248,), 'y_pred_probs': (248, 2), 'unique_y_test': (2,), 'class_labels': (2,), 'train_labels': (2,), 'n_missing_train': 0, 'n_missing_valid': 0, 'sample_weight': None}
2026-02-25 09:50:45.889 - INFO - 43 - azureml.training.tabular.score._scoring_utilities.__init__:522 - No positive_label provided but detected a binary classification task
2026-02-25 09:50:45.889 - INFO - 43 - azureml.training.tabular.score._scoring_utilities.__init__:522 - No positive_label provided but detected a binary classification task
2026-02-25 09:50:45.891 - INFO - 43 - azureml.training.tabular.score._validation.log_classification_debug:194 - Classification metrics debug: {'y_test': (248,), 'y_pred_probs': (248, 2), 'unique_y_test': (2,), 'class_labels': (2,), 'train_labels': (2,), 'n_missing_train': 0, 'n_missing_valid': 0, 'sample_weight': None}
2026-02-25 09:50:45.891 - INFO - 43 - azureml.training.tabular.score._validation.log_classification_debug:194 - Classification metrics debug: {'y_test': (248,), 'y_pred_probs': (248, 2), 'unique_y_test': (2,), 'class_labels': (2,), 'train_labels': (2,), 'n_missing_train': 0, 'n_missing_valid': 0, 'sample_weight': None}
2026-02-25 09:50:45.892 - INFO - 43 - azureml.training.tabular.score._scoring_utilities.__init__:522 - No positive_label provided but detected a binary classification task
2026-02-25 09:50:45.892 - INFO - 43 - azureml.training.tabular.score._scoring_utilities.__init__:522 - No positive_label provided but detected a binary classification task
2026-02-25 09:50:45.894 - INFO - 43 - azureml.training.tabular.score._validation.log_classification_debug:194 - Classification metrics debug: {'y_test': (248,), 'y_pred_probs': (248, 2), 'unique_y_test': (2,), 'class_labels': (2,), 'train_labels': (2,), 'n_missing_train': 0, 'n_missing_valid': 0, 'sample_weight': None}
2026-02-25 09:50:45.894 - INFO - 43 - azureml.training.tabular.score._validation.log_classification_debug:194 - Classification metrics debug: {'y_test': (248,), 'y_pred_probs': (248, 2), 'unique_y_test': (2,), 'class_labels': (2,), 'train_labels': (2,), 'n_missing_train': 0, 'n_missing_valid': 0, 'sample_weight': None}
2026-02-25 09:50:45.895 - INFO - 43 - azureml.training.tabular.score._scoring_utilities.__init__:522 - No positive_label provided but detected a binary classification task
2026-02-25 09:50:45.895 - INFO - 43 - azureml.training.tabular.score._scoring_utilities.__init__:522 - No positive_label provided but detected a binary classification task
2026-02-25 09:50:45.897 - INFO - 43 - azureml.training.tabular.score._validation.log_classification_debug:194 - Classification metrics debug: {'y_test': (249,), 'y_pred_probs': (249, 2), 'unique_y_test': (2,), 'class_labels': (2,), 'train_labels': (2,), 'n_missing_train': 0, 'n_missing_valid': 0, 'sample_weight': None}
2026-02-25 09:50:45.897 - INFO - 43 - azureml.training.tabular.score._validation.log_classification_debug:194 - Classification metrics debug: {'y_test': (249,), 'y_pred_probs': (249, 2), 'unique_y_test': (2,), 'class_labels': (2,), 'train_labels': (2,), 'n_missing_train': 0, 'n_missing_valid': 0, 'sample_weight': None}
2026-02-25 09:50:45.898 - INFO - 43 - azureml.training.tabular.score._scoring_utilities.__init__:522 - No positive_label provided but detected a binary classification task
2026-02-25 09:50:45.898 - INFO - 43 - azureml.training.tabular.score._scoring_utilities.__init__:522 - No positive_label provided but detected a binary classification task
2026-02-25 09:50:45.899 - INFO - 43 - azureml.training.tabular.score._validation.log_classification_debug:194 - Classification metrics debug: {'y_test': (249,), 'y_pred_probs': (249, 2), 'unique_y_test': (2,), 'class_labels': (2,), 'train_labels': (2,), 'n_missing_train': 0, 'n_missing_valid': 0, 'sample_weight': None}
2026-02-25 09:50:45.899 - INFO - 43 - azureml.training.tabular.score._validation.log_classification_debug:194 - Classification metrics debug: {'y_test': (249,), 'y_pred_probs': (249, 2), 'unique_y_test': (2,), 'class_labels': (2,), 'train_labels': (2,), 'n_missing_train': 0, 'n_missing_valid': 0, 'sample_weight': None}
2026-02-25 09:50:45.900 - INFO - 43 - azureml.training.tabular.score._scoring_utilities.__init__:522 - No positive_label provided but detected a binary classification task
2026-02-25 09:50:45.900 - INFO - 43 - azureml.training.tabular.score._scoring_utilities.__init__:522 - No positive_label provided but detected a binary classification task
2026-02-25 09:50:45.902 - INFO - 43 - azureml.training.tabular.score._validation.log_classification_debug:194 - Classification metrics debug: {'y_test': (248,), 'y_pred_probs': (248, 2), 'unique_y_test': (2,), 'class_labels': (2,), 'train_labels': (2,), 'n_missing_train': 0, 'n_missing_valid': 0, 'sample_weight': None}
2026-02-25 09:50:45.902 - INFO - 43 - azureml.training.tabular.score._validation.log_classification_debug:194 - Classification metrics debug: {'y_test': (248,), 'y_pred_probs': (248, 2), 'unique_y_test': (2,), 'class_labels': (2,), 'train_labels': (2,), 'n_missing_train': 0, 'n_missing_valid': 0, 'sample_weight': None}
2026-02-25 09:50:45.903 - INFO - 43 - azureml.training.tabular.score._scoring_utilities.__init__:522 - No positive_label provided but detected a binary classification task
2026-02-25 09:50:45.903 - INFO - 43 - azureml.training.tabular.score._scoring_utilities.__init__:522 - No positive_label provided but detected a binary classification task
2026-02-25 09:50:45.905 - INFO - 43 - azureml.training.tabular.score._validation.log_classification_debug:194 - Classification metrics debug: {'y_test': (248,), 'y_pred_probs': (248, 2), 'unique_y_test': (2,), 'class_labels': (2,), 'train_labels': (2,), 'n_missing_train': 0, 'n_missing_valid': 0, 'sample_weight': None}
2026-02-25 09:50:45.905 - INFO - 43 - azureml.training.tabular.score._validation.log_classification_debug:194 - Classification metrics debug: {'y_test': (248,), 'y_pred_probs': (248, 2), 'unique_y_test': (2,), 'class_labels': (2,), 'train_labels': (2,), 'n_missing_train': 0, 'n_missing_valid': 0, 'sample_weight': None}
2026-02-25 09:50:45.906 - INFO - 43 - azureml.training.tabular.score._scoring_utilities.__init__:522 - No positive_label provided but detected a binary classification task
2026-02-25 09:50:45.906 - INFO - 43 - azureml.training.tabular.score._scoring_utilities.__init__:522 - No positive_label provided but detected a binary classification task
2026-02-25 09:50:45.907 - INFO - 43 - azureml.training.tabular.score._validation.log_classification_debug:194 - Classification metrics debug: {'y_test': (248,), 'y_pred_probs': (248, 2), 'unique_y_test': (2,), 'class_labels': (2,), 'train_labels': (2,), 'n_missing_train': 0, 'n_missing_valid': 0, 'sample_weight': None}
2026-02-25 09:50:45.907 - INFO - 43 - azureml.training.tabular.score._validation.log_classification_debug:194 - Classification metrics debug: {'y_test': (248,), 'y_pred_probs': (248, 2), 'unique_y_test': (2,), 'class_labels': (2,), 'train_labels': (2,), 'n_missing_train': 0, 'n_missing_valid': 0, 'sample_weight': None}
2026-02-25 09:50:45.908 - INFO - 43 - azureml.training.tabular.score._scoring_utilities.__init__:522 - No positive_label provided but detected a binary classification task
2026-02-25 09:50:45.908 - INFO - 43 - azureml.training.tabular.score._scoring_utilities.__init__:522 - No positive_label provided but detected a binary classification task
2026-02-25 09:50:45.910 - INFO - 43 - azureml.training.tabular.score._validation.log_classification_debug:194 - Classification metrics debug: {'y_test': (249,), 'y_pred_probs': (249, 2), 'unique_y_test': (2,), 'class_labels': (2,), 'train_labels': (2,), 'n_missing_train': 0, 'n_missing_valid': 0, 'sample_weight': None}
2026-02-25 09:50:45.910 - INFO - 43 - azureml.training.tabular.score._validation.log_classification_debug:194 - Classification metrics debug: {'y_test': (249,), 'y_pred_probs': (249, 2), 'unique_y_test': (2,), 'class_labels': (2,), 'train_labels': (2,), 'n_missing_train': 0, 'n_missing_valid': 0, 'sample_weight': None}
2026-02-25 09:50:45.911 - INFO - 43 - azureml.training.tabular.score._scoring_utilities.__init__:522 - No positive_label provided but detected a binary classification task
2026-02-25 09:50:45.911 - INFO - 43 - azureml.training.tabular.score._scoring_utilities.__init__:522 - No positive_label provided but detected a binary classification task
2026-02-25 09:50:45.913 - INFO - 43 - azureml.training.tabular.score._validation.log_classification_debug:194 - Classification metrics debug: {'y_test': (249,), 'y_pred_probs': (249, 2), 'unique_y_test': (2,), 'class_labels': (2,), 'train_labels': (2,), 'n_missing_train': 0, 'n_missing_valid': 0, 'sample_weight': None}
2026-02-25 09:50:45.913 - INFO - 43 - azureml.training.tabular.score._validation.log_classification_debug:194 - Classification metrics debug: {'y_test': (249,), 'y_pred_probs': (249, 2), 'unique_y_test': (2,), 'class_labels': (2,), 'train_labels': (2,), 'n_missing_train': 0, 'n_missing_valid': 0, 'sample_weight': None}
2026-02-25 09:50:45.914 - INFO - 43 - azureml.training.tabular.score._scoring_utilities.__init__:522 - No positive_label provided but detected a binary classification task
2026-02-25 09:50:45.914 - INFO - 43 - azureml.training.tabular.score._scoring_utilities.__init__:522 - No positive_label provided but detected a binary classification task
2026-02-25 09:50:45.916 - INFO - 43 - azureml.training.tabular.score._validation.log_classification_debug:194 - Classification metrics debug: {'y_test': (248,), 'y_pred_probs': (248, 2), 'unique_y_test': (2,), 'class_labels': (2,), 'train_labels': (2,), 'n_missing_train': 0, 'n_missing_valid': 0, 'sample_weight': None}
2026-02-25 09:50:45.916 - INFO - 43 - azureml.training.tabular.score._validation.log_classification_debug:194 - Classification metrics debug: {'y_test': (248,), 'y_pred_probs': (248, 2), 'unique_y_test': (2,), 'class_labels': (2,), 'train_labels': (2,), 'n_missing_train': 0, 'n_missing_valid': 0, 'sample_weight': None}
2026-02-25 09:50:45.917 - INFO - 43 - azureml.training.tabular.score._scoring_utilities.__init__:522 - No positive_label provided but detected a binary classification task
2026-02-25 09:50:45.917 - INFO - 43 - azureml.training.tabular.score._scoring_utilities.__init__:522 - No positive_label provided but detected a binary classification task
2026-02-25 09:50:45.918 - INFO - 43 - azureml.training.tabular.score._validation.log_classification_debug:194 - Classification metrics debug: {'y_test': (248,), 'y_pred_probs': (248, 2), 'unique_y_test': (2,), 'class_labels': (2,), 'train_labels': (2,), 'n_missing_train': 0, 'n_missing_valid': 0, 'sample_weight': None}
2026-02-25 09:50:45.918 - INFO - 43 - azureml.training.tabular.score._validation.log_classification_debug:194 - Classification metrics debug: {'y_test': (248,), 'y_pred_probs': (248, 2), 'unique_y_test': (2,), 'class_labels': (2,), 'train_labels': (2,), 'n_missing_train': 0, 'n_missing_valid': 0, 'sample_weight': None}
2026-02-25 09:50:45.919 - INFO - 43 - azureml.training.tabular.score._scoring_utilities.__init__:522 - No positive_label provided but detected a binary classification task
2026-02-25 09:50:45.919 - INFO - 43 - azureml.training.tabular.score._scoring_utilities.__init__:522 - No positive_label provided but detected a binary classification task
2026-02-25 09:50:45.921 - INFO - 43 - azureml.training.tabular.score._validation.log_classification_debug:194 - Classification metrics debug: {'y_test': (248,), 'y_pred_probs': (248, 2), 'unique_y_test': (2,), 'class_labels': (2,), 'train_labels': (2,), 'n_missing_train': 0, 'n_missing_valid': 0, 'sample_weight': None}
2026-02-25 09:50:45.921 - INFO - 43 - azureml.training.tabular.score._validation.log_classification_debug:194 - Classification metrics debug: {'y_test': (248,), 'y_pred_probs': (248, 2), 'unique_y_test': (2,), 'class_labels': (2,), 'train_labels': (2,), 'n_missing_train': 0, 'n_missing_valid': 0, 'sample_weight': None}
2026-02-25 09:50:45.922 - INFO - 43 - azureml.training.tabular.score._scoring_utilities.__init__:522 - No positive_label provided but detected a binary classification task
2026-02-25 09:50:45.922 - INFO - 43 - azureml.training.tabular.score._scoring_utilities.__init__:522 - No positive_label provided but detected a binary classification task
2026-02-25 09:50:45.924 - INFO - 43 - azureml.training.tabular.score._validation.log_classification_debug:194 - Classification metrics debug: {'y_test': (249,), 'y_pred_probs': (249, 2), 'unique_y_test': (2,), 'class_labels': (2,), 'train_labels': (2,), 'n_missing_train': 0, 'n_missing_valid': 0, 'sample_weight': None}
2026-02-25 09:50:45.924 - INFO - 43 - azureml.training.tabular.score._validation.log_classification_debug:194 - Classification metrics debug: {'y_test': (249,), 'y_pred_probs': (249, 2), 'unique_y_test': (2,), 'class_labels': (2,), 'train_labels': (2,), 'n_missing_train': 0, 'n_missing_valid': 0, 'sample_weight': None}
2026-02-25 09:50:45.925 - INFO - 43 - azureml.training.tabular.score._scoring_utilities.__init__:522 - No positive_label provided but detected a binary classification task
2026-02-25 09:50:45.925 - INFO - 43 - azureml.training.tabular.score._scoring_utilities.__init__:522 - No positive_label provided but detected a binary classification task
2026-02-25 09:50:45.927 - INFO - 43 - azureml.training.tabular.score._validation.log_classification_debug:194 - Classification metrics debug: {'y_test': (249,), 'y_pred_probs': (249, 2), 'unique_y_test': (2,), 'class_labels': (2,), 'train_labels': (2,), 'n_missing_train': 0, 'n_missing_valid': 0, 'sample_weight': None}
2026-02-25 09:50:45.927 - INFO - 43 - azureml.training.tabular.score._validation.log_classification_debug:194 - Classification metrics debug: {'y_test': (249,), 'y_pred_probs': (249, 2), 'unique_y_test': (2,), 'class_labels': (2,), 'train_labels': (2,), 'n_missing_train': 0, 'n_missing_valid': 0, 'sample_weight': None}
2026-02-25 09:50:45.928 - INFO - 43 - azureml.training.tabular.score._scoring_utilities.__init__:522 - No positive_label provided but detected a binary classification task
2026-02-25 09:50:45.928 - INFO - 43 - azureml.training.tabular.score._scoring_utilities.__init__:522 - No positive_label provided but detected a binary classification task
2026-02-25 09:50:45.929 - INFO - 43 - azureml.training.tabular.score._validation.log_classification_debug:194 - Classification metrics debug: {'y_test': (248,), 'y_pred_probs': (248, 2), 'unique_y_test': (2,), 'class_labels': (2,), 'train_labels': (2,), 'n_missing_train': 0, 'n_missing_valid': 0, 'sample_weight': None}
2026-02-25 09:50:45.929 - INFO - 43 - azureml.training.tabular.score._validation.log_classification_debug:194 - Classification metrics debug: {'y_test': (248,), 'y_pred_probs': (248, 2), 'unique_y_test': (2,), 'class_labels': (2,), 'train_labels': (2,), 'n_missing_train': 0, 'n_missing_valid': 0, 'sample_weight': None}
2026-02-25 09:50:45.930 - INFO - 43 - azureml.training.tabular.score._scoring_utilities.__init__:522 - No positive_label provided but detected a binary classification task
2026-02-25 09:50:45.930 - INFO - 43 - azureml.training.tabular.score._scoring_utilities.__init__:522 - No positive_label provided but detected a binary classification task
2026-02-25 09:50:45.932 - INFO - 43 - azureml.training.tabular.score._validation.log_classification_debug:194 - Classification metrics debug: {'y_test': (248,), 'y_pred_probs': (248, 2), 'unique_y_test': (2,), 'class_labels': (2,), 'train_labels': (2,), 'n_missing_train': 0, 'n_missing_valid': 0, 'sample_weight': None}
2026-02-25 09:50:45.932 - INFO - 43 - azureml.training.tabular.score._validation.log_classification_debug:194 - Classification metrics debug: {'y_test': (248,), 'y_pred_probs': (248, 2), 'unique_y_test': (2,), 'class_labels': (2,), 'train_labels': (2,), 'n_missing_train': 0, 'n_missing_valid': 0, 'sample_weight': None}
2026-02-25 09:50:45.933 - INFO - 43 - azureml.training.tabular.score._scoring_utilities.__init__:522 - No positive_label provided but detected a binary classification task
2026-02-25 09:50:45.933 - INFO - 43 - azureml.training.tabular.score._scoring_utilities.__init__:522 - No positive_label provided but detected a binary classification task
2026-02-25 09:50:45.935 - INFO - 43 - azureml.training.tabular.score._validation.log_classification_debug:194 - Classification metrics debug: {'y_test': (248,), 'y_pred_probs': (248, 2), 'unique_y_test': (2,), 'class_labels': (2,), 'train_labels': (2,), 'n_missing_train': 0, 'n_missing_valid': 0, 'sample_weight': None}
2026-02-25 09:50:45.935 - INFO - 43 - azureml.training.tabular.score._validation.log_classification_debug:194 - Classification metrics debug: {'y_test': (248,), 'y_pred_probs': (248, 2), 'unique_y_test': (2,), 'class_labels': (2,), 'train_labels': (2,), 'n_missing_train': 0, 'n_missing_valid': 0, 'sample_weight': None}
2026-02-25 09:50:45.936 - INFO - 43 - azureml.training.tabular.score._scoring_utilities.__init__:522 - No positive_label provided but detected a binary classification task
2026-02-25 09:50:45.936 - INFO - 43 - azureml.training.tabular.score._scoring_utilities.__init__:522 - No positive_label provided but detected a binary classification task
2026-02-25 09:50:45.938 - INFO - 43 - azureml.training.tabular.score._validation.log_classification_debug:194 - Classification metrics debug: {'y_test': (249,), 'y_pred_probs': (249, 2), 'unique_y_test': (2,), 'class_labels': (2,), 'train_labels': (2,), 'n_missing_train': 0, 'n_missing_valid': 0, 'sample_weight': None}
2026-02-25 09:50:45.938 - INFO - 43 - azureml.training.tabular.score._validation.log_classification_debug:194 - Classification metrics debug: {'y_test': (249,), 'y_pred_probs': (249, 2), 'unique_y_test': (2,), 'class_labels': (2,), 'train_labels': (2,), 'n_missing_train': 0, 'n_missing_valid': 0, 'sample_weight': None}
2026-02-25 09:50:45.939 - INFO - 43 - azureml.training.tabular.score._scoring_utilities.__init__:522 - No positive_label provided but detected a binary classification task
2026-02-25 09:50:45.939 - INFO - 43 - azureml.training.tabular.score._scoring_utilities.__init__:522 - No positive_label provided but detected a binary classification task
2026-02-25 09:50:45.940 - INFO - 43 - azureml.training.tabular.score._validation.log_classification_debug:194 - Classification metrics debug: {'y_test': (249,), 'y_pred_probs': (249, 2), 'unique_y_test': (2,), 'class_labels': (2,), 'train_labels': (2,), 'n_missing_train': 0, 'n_missing_valid': 0, 'sample_weight': None}
2026-02-25 09:50:45.940 - INFO - 43 - azureml.training.tabular.score._validation.log_classification_debug:194 - Classification metrics debug: {'y_test': (249,), 'y_pred_probs': (249, 2), 'unique_y_test': (2,), 'class_labels': (2,), 'train_labels': (2,), 'n_missing_train': 0, 'n_missing_valid': 0, 'sample_weight': None}
2026-02-25 09:50:45.941 - INFO - 43 - azureml.training.tabular.score._scoring_utilities.__init__:522 - No positive_label provided but detected a binary classification task
2026-02-25 09:50:45.941 - INFO - 43 - azureml.training.tabular.score._scoring_utilities.__init__:522 - No positive_label provided but detected a binary classification task
2026-02-25 09:50:45.943 - INFO - 43 - azureml.training.tabular.score._validation.log_classification_debug:194 - Classification metrics debug: {'y_test': (248,), 'y_pred_probs': (248, 2), 'unique_y_test': (2,), 'class_labels': (2,), 'train_labels': (2,), 'n_missing_train': 0, 'n_missing_valid': 0, 'sample_weight': None}
2026-02-25 09:50:45.943 - INFO - 43 - azureml.training.tabular.score._validation.log_classification_debug:194 - Classification metrics debug: {'y_test': (248,), 'y_pred_probs': (248, 2), 'unique_y_test': (2,), 'class_labels': (2,), 'train_labels': (2,), 'n_missing_train': 0, 'n_missing_valid': 0, 'sample_weight': None}
2026-02-25 09:50:45.944 - INFO - 43 - azureml.training.tabular.score._scoring_utilities.__init__:522 - No positive_label provided but detected a binary classification task
2026-02-25 09:50:45.944 - INFO - 43 - azureml.training.tabular.score._scoring_utilities.__init__:522 - No positive_label provided but detected a binary classification task
2026-02-25 09:50:45.946 - INFO - 43 - azureml.training.tabular.score._validation.log_classification_debug:194 - Classification metrics debug: {'y_test': (248,), 'y_pred_probs': (248, 2), 'unique_y_test': (2,), 'class_labels': (2,), 'train_labels': (2,), 'n_missing_train': 0, 'n_missing_valid': 0, 'sample_weight': None}
2026-02-25 09:50:45.946 - INFO - 43 - azureml.training.tabular.score._validation.log_classification_debug:194 - Classification metrics debug: {'y_test': (248,), 'y_pred_probs': (248, 2), 'unique_y_test': (2,), 'class_labels': (2,), 'train_labels': (2,), 'n_missing_train': 0, 'n_missing_valid': 0, 'sample_weight': None}
2026-02-25 09:50:45.947 - INFO - 43 - azureml.training.tabular.score._scoring_utilities.__init__:522 - No positive_label provided but detected a binary classification task
2026-02-25 09:50:45.947 - INFO - 43 - azureml.training.tabular.score._scoring_utilities.__init__:522 - No positive_label provided but detected a binary classification task
2026-02-25 09:50:45.948 - INFO - 43 - azureml.training.tabular.score._validation.log_classification_debug:194 - Classification metrics debug: {'y_test': (248,), 'y_pred_probs': (248, 2), 'unique_y_test': (2,), 'class_labels': (2,), 'train_labels': (2,), 'n_missing_train': 0, 'n_missing_valid': 0, 'sample_weight': None}
2026-02-25 09:50:45.948 - INFO - 43 - azureml.training.tabular.score._validation.log_classification_debug:194 - Classification metrics debug: {'y_test': (248,), 'y_pred_probs': (248, 2), 'unique_y_test': (2,), 'class_labels': (2,), 'train_labels': (2,), 'n_missing_train': 0, 'n_missing_valid': 0, 'sample_weight': None}
2026-02-25 09:50:45.949 - INFO - 43 - azureml.training.tabular.score._scoring_utilities.__init__:522 - No positive_label provided but detected a binary classification task
2026-02-25 09:50:45.949 - INFO - 43 - azureml.training.tabular.score._scoring_utilities.__init__:522 - No positive_label provided but detected a binary classification task
2026-02-25 09:50:45.951 - INFO - 43 - azureml.training.tabular.score._validation.log_classification_debug:194 - Classification metrics debug: {'y_test': (249,), 'y_pred_probs': (249, 2), 'unique_y_test': (2,), 'class_labels': (2,), 'train_labels': (2,), 'n_missing_train': 0, 'n_missing_valid': 0, 'sample_weight': None}
2026-02-25 09:50:45.951 - INFO - 43 - azureml.training.tabular.score._validation.log_classification_debug:194 - Classification metrics debug: {'y_test': (249,), 'y_pred_probs': (249, 2), 'unique_y_test': (2,), 'class_labels': (2,), 'train_labels': (2,), 'n_missing_train': 0, 'n_missing_valid': 0, 'sample_weight': None}
2026-02-25 09:50:45.952 - INFO - 43 - azureml.training.tabular.score._scoring_utilities.__init__:522 - No positive_label provided but detected a binary classification task
2026-02-25 09:50:45.952 - INFO - 43 - azureml.training.tabular.score._scoring_utilities.__init__:522 - No positive_label provided but detected a binary classification task
2026-02-25 09:50:45.954 - INFO - 43 - azureml.training.tabular.score._validation.log_classification_debug:194 - Classification metrics debug: {'y_test': (249,), 'y_pred_probs': (249, 2), 'unique_y_test': (2,), 'class_labels': (2,), 'train_labels': (2,), 'n_missing_train': 0, 'n_missing_valid': 0, 'sample_weight': None}
2026-02-25 09:50:45.954 - INFO - 43 - azureml.training.tabular.score._validation.log_classification_debug:194 - Classification metrics debug: {'y_test': (249,), 'y_pred_probs': (249, 2), 'unique_y_test': (2,), 'class_labels': (2,), 'train_labels': (2,), 'n_missing_train': 0, 'n_missing_valid': 0, 'sample_weight': None}
2026-02-25 09:50:45.955 - INFO - 43 - azureml.training.tabular.score._scoring_utilities.__init__:522 - No positive_label provided but detected a binary classification task
2026-02-25 09:50:45.955 - INFO - 43 - azureml.training.tabular.score._scoring_utilities.__init__:522 - No positive_label provided but detected a binary classification task
2026-02-25 09:50:45.957 - INFO - 43 - azureml.training.tabular.score._validation.log_classification_debug:194 - Classification metrics debug: {'y_test': (248,), 'y_pred_probs': (248, 2), 'unique_y_test': (2,), 'class_labels': (2,), 'train_labels': (2,), 'n_missing_train': 0, 'n_missing_valid': 0, 'sample_weight': None}
2026-02-25 09:50:45.957 - INFO - 43 - azureml.training.tabular.score._validation.log_classification_debug:194 - Classification metrics debug: {'y_test': (248,), 'y_pred_probs': (248, 2), 'unique_y_test': (2,), 'class_labels': (2,), 'train_labels': (2,), 'n_missing_train': 0, 'n_missing_valid': 0, 'sample_weight': None}
2026-02-25 09:50:45.958 - INFO - 43 - azureml.training.tabular.score._scoring_utilities.__init__:522 - No positive_label provided but detected a binary classification task
2026-02-25 09:50:45.958 - INFO - 43 - azureml.training.tabular.score._scoring_utilities.__init__:522 - No positive_label provided but detected a binary classification task
2026-02-25 09:50:45.960 - INFO - 43 - azureml.training.tabular.score._validation.log_classification_debug:194 - Classification metrics debug: {'y_test': (248,), 'y_pred_probs': (248, 2), 'unique_y_test': (2,), 'class_labels': (2,), 'train_labels': (2,), 'n_missing_train': 0, 'n_missing_valid': 0, 'sample_weight': None}
2026-02-25 09:50:45.960 - INFO - 43 - azureml.training.tabular.score._validation.log_classification_debug:194 - Classification metrics debug: {'y_test': (248,), 'y_pred_probs': (248, 2), 'unique_y_test': (2,), 'class_labels': (2,), 'train_labels': (2,), 'n_missing_train': 0, 'n_missing_valid': 0, 'sample_weight': None}
2026-02-25 09:50:45.961 - INFO - 43 - azureml.training.tabular.score._scoring_utilities.__init__:522 - No positive_label provided but detected a binary classification task
2026-02-25 09:50:45.961 - INFO - 43 - azureml.training.tabular.score._scoring_utilities.__init__:522 - No positive_label provided but detected a binary classification task
2026-02-25 09:50:45.962 - INFO - 43 - azureml.training.tabular.score._validation.log_classification_debug:194 - Classification metrics debug: {'y_test': (248,), 'y_pred_probs': (248, 2), 'unique_y_test': (2,), 'class_labels': (2,), 'train_labels': (2,), 'n_missing_train': 0, 'n_missing_valid': 0, 'sample_weight': None}
2026-02-25 09:50:45.962 - INFO - 43 - azureml.training.tabular.score._validation.log_classification_debug:194 - Classification metrics debug: {'y_test': (248,), 'y_pred_probs': (248, 2), 'unique_y_test': (2,), 'class_labels': (2,), 'train_labels': (2,), 'n_missing_train': 0, 'n_missing_valid': 0, 'sample_weight': None}
2026-02-25 09:50:45.963 - INFO - 43 - azureml.training.tabular.score._scoring_utilities.__init__:522 - No positive_label provided but detected a binary classification task
2026-02-25 09:50:45.963 - INFO - 43 - azureml.training.tabular.score._scoring_utilities.__init__:522 - No positive_label provided but detected a binary classification task
2026-02-25 09:50:45.965 - INFO - 43 - azureml.training.tabular.score._validation.log_classification_debug:194 - Classification metrics debug: {'y_test': (249,), 'y_pred_probs': (249, 2), 'unique_y_test': (2,), 'class_labels': (2,), 'train_labels': (2,), 'n_missing_train': 0, 'n_missing_valid': 0, 'sample_weight': None}
2026-02-25 09:50:45.965 - INFO - 43 - azureml.training.tabular.score._validation.log_classification_debug:194 - Classification metrics debug: {'y_test': (249,), 'y_pred_probs': (249, 2), 'unique_y_test': (2,), 'class_labels': (2,), 'train_labels': (2,), 'n_missing_train': 0, 'n_missing_valid': 0, 'sample_weight': None}
2026-02-25 09:50:45.966 - INFO - 43 - azureml.training.tabular.score._scoring_utilities.__init__:522 - No positive_label provided but detected a binary classification task
2026-02-25 09:50:45.966 - INFO - 43 - azureml.training.tabular.score._scoring_utilities.__init__:522 - No positive_label provided but detected a binary classification task
2026-02-25 09:50:45.968 - INFO - 43 - azureml.training.tabular.score._validation.log_classification_debug:194 - Classification metrics debug: {'y_test': (249,), 'y_pred_probs': (249, 2), 'unique_y_test': (2,), 'class_labels': (2,), 'train_labels': (2,), 'n_missing_train': 0, 'n_missing_valid': 0, 'sample_weight': None}
2026-02-25 09:50:45.968 - INFO - 43 - azureml.training.tabular.score._validation.log_classification_debug:194 - Classification metrics debug: {'y_test': (249,), 'y_pred_probs': (249, 2), 'unique_y_test': (2,), 'class_labels': (2,), 'train_labels': (2,), 'n_missing_train': 0, 'n_missing_valid': 0, 'sample_weight': None}
2026-02-25 09:50:45.969 - INFO - 43 - azureml.training.tabular.score._scoring_utilities.__init__:522 - No positive_label provided but detected a binary classification task
2026-02-25 09:50:45.969 - INFO - 43 - azureml.training.tabular.score._scoring_utilities.__init__:522 - No positive_label provided but detected a binary classification task
2026-02-25 09:50:45.973 - INFO - 43 - azureml.training.tabular.score._validation.log_classification_debug:194 - Classification metrics debug: {'y_test': (248,), 'y_pred_probs': (248, 2), 'unique_y_test': (2,), 'class_labels': (2,), 'train_labels': (2,), 'n_missing_train': 0, 'n_missing_valid': 0, 'sample_weight': None}
2026-02-25 09:50:45.973 - INFO - 43 - azureml.training.tabular.score._validation.log_classification_debug:194 - Classification metrics debug: {'y_test': (248,), 'y_pred_probs': (248, 2), 'unique_y_test': (2,), 'class_labels': (2,), 'train_labels': (2,), 'n_missing_train': 0, 'n_missing_valid': 0, 'sample_weight': None}
2026-02-25 09:50:45.974 - INFO - 43 - azureml.training.tabular.score._scoring_utilities.__init__:522 - No positive_label provided but detected a binary classification task
2026-02-25 09:50:45.974 - INFO - 43 - azureml.training.tabular.score._scoring_utilities.__init__:522 - No positive_label provided but detected a binary classification task
2026-02-25 09:50:45.976 - INFO - 43 - azureml.training.tabular.score._validation.log_classification_debug:194 - Classification metrics debug: {'y_test': (248,), 'y_pred_probs': (248, 2), 'unique_y_test': (2,), 'class_labels': (2,), 'train_labels': (2,), 'n_missing_train': 0, 'n_missing_valid': 0, 'sample_weight': None}
2026-02-25 09:50:45.976 - INFO - 43 - azureml.training.tabular.score._validation.log_classification_debug:194 - Classification metrics debug: {'y_test': (248,), 'y_pred_probs': (248, 2), 'unique_y_test': (2,), 'class_labels': (2,), 'train_labels': (2,), 'n_missing_train': 0, 'n_missing_valid': 0, 'sample_weight': None}
2026-02-25 09:50:45.977 - INFO - 43 - azureml.training.tabular.score._scoring_utilities.__init__:522 - No positive_label provided but detected a binary classification task
2026-02-25 09:50:45.977 - INFO - 43 - azureml.training.tabular.score._scoring_utilities.__init__:522 - No positive_label provided but detected a binary classification task
2026-02-25 09:50:45.979 - INFO - 43 - azureml.training.tabular.score._validation.log_classification_debug:194 - Classification metrics debug: {'y_test': (248,), 'y_pred_probs': (248, 2), 'unique_y_test': (2,), 'class_labels': (2,), 'train_labels': (2,), 'n_missing_train': 0, 'n_missing_valid': 0, 'sample_weight': None}
2026-02-25 09:50:45.979 - INFO - 43 - azureml.training.tabular.score._validation.log_classification_debug:194 - Classification metrics debug: {'y_test': (248,), 'y_pred_probs': (248, 2), 'unique_y_test': (2,), 'class_labels': (2,), 'train_labels': (2,), 'n_missing_train': 0, 'n_missing_valid': 0, 'sample_weight': None}
2026-02-25 09:50:45.980 - INFO - 43 - azureml.training.tabular.score._scoring_utilities.__init__:522 - No positive_label provided but detected a binary classification task
2026-02-25 09:50:45.980 - INFO - 43 - azureml.training.tabular.score._scoring_utilities.__init__:522 - No positive_label provided but detected a binary classification task
2026-02-25 09:50:45.982 - INFO - 43 - azureml.training.tabular.score._validation.log_classification_debug:194 - Classification metrics debug: {'y_test': (249,), 'y_pred_probs': (249, 2), 'unique_y_test': (2,), 'class_labels': (2,), 'train_labels': (2,), 'n_missing_train': 0, 'n_missing_valid': 0, 'sample_weight': None}
2026-02-25 09:50:45.982 - INFO - 43 - azureml.training.tabular.score._validation.log_classification_debug:194 - Classification metrics debug: {'y_test': (249,), 'y_pred_probs': (249, 2), 'unique_y_test': (2,), 'class_labels': (2,), 'train_labels': (2,), 'n_missing_train': 0, 'n_missing_valid': 0, 'sample_weight': None}
2026-02-25 09:50:45.983 - INFO - 43 - azureml.training.tabular.score._scoring_utilities.__init__:522 - No positive_label provided but detected a binary classification task
2026-02-25 09:50:45.983 - INFO - 43 - azureml.training.tabular.score._scoring_utilities.__init__:522 - No positive_label provided but detected a binary classification task
2026-02-25 09:50:45.985 - INFO - 43 - azureml.training.tabular.score._validation.log_classification_debug:194 - Classification metrics debug: {'y_test': (249,), 'y_pred_probs': (249, 2), 'unique_y_test': (2,), 'class_labels': (2,), 'train_labels': (2,), 'n_missing_train': 0, 'n_missing_valid': 0, 'sample_weight': None}
2026-02-25 09:50:45.985 - INFO - 43 - azureml.training.tabular.score._validation.log_classification_debug:194 - Classification metrics debug: {'y_test': (249,), 'y_pred_probs': (249, 2), 'unique_y_test': (2,), 'class_labels': (2,), 'train_labels': (2,), 'n_missing_train': 0, 'n_missing_valid': 0, 'sample_weight': None}
2026-02-25 09:50:45.986 - INFO - 43 - azureml.training.tabular.score._scoring_utilities.__init__:522 - No positive_label provided but detected a binary classification task
2026-02-25 09:50:45.986 - INFO - 43 - azureml.training.tabular.score._scoring_utilities.__init__:522 - No positive_label provided but detected a binary classification task
2026-02-25 09:50:45.988 - INFO - 43 - azureml.training.tabular.score._validation.log_classification_debug:194 - Classification metrics debug: {'y_test': (248,), 'y_pred_probs': (248, 2), 'unique_y_test': (2,), 'class_labels': (2,), 'train_labels': (2,), 'n_missing_train': 0, 'n_missing_valid': 0, 'sample_weight': None}
2026-02-25 09:50:45.988 - INFO - 43 - azureml.training.tabular.score._validation.log_classification_debug:194 - Classification metrics debug: {'y_test': (248,), 'y_pred_probs': (248, 2), 'unique_y_test': (2,), 'class_labels': (2,), 'train_labels': (2,), 'n_missing_train': 0, 'n_missing_valid': 0, 'sample_weight': None}
2026-02-25 09:50:45.989 - INFO - 43 - azureml.training.tabular.score._scoring_utilities.__init__:522 - No positive_label provided but detected a binary classification task
2026-02-25 09:50:45.989 - INFO - 43 - azureml.training.tabular.score._scoring_utilities.__init__:522 - No positive_label provided but detected a binary classification task
2026-02-25 09:50:45.991 - INFO - 43 - azureml.training.tabular.score._validation.log_classification_debug:194 - Classification metrics debug: {'y_test': (248,), 'y_pred_probs': (248, 2), 'unique_y_test': (2,), 'class_labels': (2,), 'train_labels': (2,), 'n_missing_train': 0, 'n_missing_valid': 0, 'sample_weight': None}
2026-02-25 09:50:45.991 - INFO - 43 - azureml.training.tabular.score._validation.log_classification_debug:194 - Classification metrics debug: {'y_test': (248,), 'y_pred_probs': (248, 2), 'unique_y_test': (2,), 'class_labels': (2,), 'train_labels': (2,), 'n_missing_train': 0, 'n_missing_valid': 0, 'sample_weight': None}
2026-02-25 09:50:45.992 - INFO - 43 - azureml.training.tabular.score._scoring_utilities.__init__:522 - No positive_label provided but detected a binary classification task
2026-02-25 09:50:45.992 - INFO - 43 - azureml.training.tabular.score._scoring_utilities.__init__:522 - No positive_label provided but detected a binary classification task
2026-02-25 09:50:45.994 - INFO - 43 - azureml.training.tabular.score._validation.log_classification_debug:194 - Classification metrics debug: {'y_test': (248,), 'y_pred_probs': (248, 2), 'unique_y_test': (2,), 'class_labels': (2,), 'train_labels': (2,), 'n_missing_train': 0, 'n_missing_valid': 0, 'sample_weight': None}
2026-02-25 09:50:45.994 - INFO - 43 - azureml.training.tabular.score._validation.log_classification_debug:194 - Classification metrics debug: {'y_test': (248,), 'y_pred_probs': (248, 2), 'unique_y_test': (2,), 'class_labels': (2,), 'train_labels': (2,), 'n_missing_train': 0, 'n_missing_valid': 0, 'sample_weight': None}
2026-02-25 09:50:45.994 - INFO - 43 - azureml.training.tabular.score._scoring_utilities.__init__:522 - No positive_label provided but detected a binary classification task
2026-02-25 09:50:45.994 - INFO - 43 - azureml.training.tabular.score._scoring_utilities.__init__:522 - No positive_label provided but detected a binary classification task
2026-02-25 09:50:45.997 - INFO - 43 - azureml.training.tabular.score._validation.log_classification_debug:194 - Classification metrics debug: {'y_test': (249,), 'y_pred_probs': (249, 2), 'unique_y_test': (2,), 'class_labels': (2,), 'train_labels': (2,), 'n_missing_train': 0, 'n_missing_valid': 0, 'sample_weight': None}
2026-02-25 09:50:45.997 - INFO - 43 - azureml.training.tabular.score._validation.log_classification_debug:194 - Classification metrics debug: {'y_test': (249,), 'y_pred_probs': (249, 2), 'unique_y_test': (2,), 'class_labels': (2,), 'train_labels': (2,), 'n_missing_train': 0, 'n_missing_valid': 0, 'sample_weight': None}
2026-02-25 09:50:45.998 - INFO - 43 - azureml.training.tabular.score._scoring_utilities.__init__:522 - No positive_label provided but detected a binary classification task
2026-02-25 09:50:45.998 - INFO - 43 - azureml.training.tabular.score._scoring_utilities.__init__:522 - No positive_label provided but detected a binary classification task
2026-02-25 09:50:46.000 - INFO - 43 - azureml.training.tabular.score._validation.log_classification_debug:194 - Classification metrics debug: {'y_test': (249,), 'y_pred_probs': (249, 2), 'unique_y_test': (2,), 'class_labels': (2,), 'train_labels': (2,), 'n_missing_train': 0, 'n_missing_valid': 0, 'sample_weight': None}
2026-02-25 09:50:46.000 - INFO - 43 - azureml.training.tabular.score._validation.log_classification_debug:194 - Classification metrics debug: {'y_test': (249,), 'y_pred_probs': (249, 2), 'unique_y_test': (2,), 'class_labels': (2,), 'train_labels': (2,), 'n_missing_train': 0, 'n_missing_valid': 0, 'sample_weight': None}
2026-02-25 09:50:46.001 - INFO - 43 - azureml.training.tabular.score._scoring_utilities.__init__:522 - No positive_label provided but detected a binary classification task
2026-02-25 09:50:46.001 - INFO - 43 - azureml.training.tabular.score._scoring_utilities.__init__:522 - No positive_label provided but detected a binary classification task
2026-02-25 09:50:46.002 - INFO - 43 - azureml.training.tabular.score._validation.log_classification_debug:194 - Classification metrics debug: {'y_test': (248,), 'y_pred_probs': (248, 2), 'unique_y_test': (2,), 'class_labels': (2,), 'train_labels': (2,), 'n_missing_train': 0, 'n_missing_valid': 0, 'sample_weight': None}
2026-02-25 09:50:46.002 - INFO - 43 - azureml.training.tabular.score._validation.log_classification_debug:194 - Classification metrics debug: {'y_test': (248,), 'y_pred_probs': (248, 2), 'unique_y_test': (2,), 'class_labels': (2,), 'train_labels': (2,), 'n_missing_train': 0, 'n_missing_valid': 0, 'sample_weight': None}
2026-02-25 09:50:46.003 - INFO - 43 - azureml.training.tabular.score._scoring_utilities.__init__:522 - No positive_label provided but detected a binary classification task
2026-02-25 09:50:46.003 - INFO - 43 - azureml.training.tabular.score._scoring_utilities.__init__:522 - No positive_label provided but detected a binary classification task
2026-02-25 09:50:46.005 - INFO - 43 - azureml.training.tabular.score._validation.log_classification_debug:194 - Classification metrics debug: {'y_test': (248,), 'y_pred_probs': (248, 2), 'unique_y_test': (2,), 'class_labels': (2,), 'train_labels': (2,), 'n_missing_train': 0, 'n_missing_valid': 0, 'sample_weight': None}
2026-02-25 09:50:46.005 - INFO - 43 - azureml.training.tabular.score._validation.log_classification_debug:194 - Classification metrics debug: {'y_test': (248,), 'y_pred_probs': (248, 2), 'unique_y_test': (2,), 'class_labels': (2,), 'train_labels': (2,), 'n_missing_train': 0, 'n_missing_valid': 0, 'sample_weight': None}
2026-02-25 09:50:46.006 - INFO - 43 - azureml.training.tabular.score._scoring_utilities.__init__:522 - No positive_label provided but detected a binary classification task
2026-02-25 09:50:46.006 - INFO - 43 - azureml.training.tabular.score._scoring_utilities.__init__:522 - No positive_label provided but detected a binary classification task
2026-02-25 09:50:46.008 - INFO - 43 - azureml.training.tabular.score._validation.log_classification_debug:194 - Classification metrics debug: {'y_test': (248,), 'y_pred_probs': (248, 2), 'unique_y_test': (2,), 'class_labels': (2,), 'train_labels': (2,), 'n_missing_train': 0, 'n_missing_valid': 0, 'sample_weight': None}
2026-02-25 09:50:46.008 - INFO - 43 - azureml.training.tabular.score._validation.log_classification_debug:194 - Classification metrics debug: {'y_test': (248,), 'y_pred_probs': (248, 2), 'unique_y_test': (2,), 'class_labels': (2,), 'train_labels': (2,), 'n_missing_train': 0, 'n_missing_valid': 0, 'sample_weight': None}
2026-02-25 09:50:46.009 - INFO - 43 - azureml.training.tabular.score._scoring_utilities.__init__:522 - No positive_label provided but detected a binary classification task
2026-02-25 09:50:46.009 - INFO - 43 - azureml.training.tabular.score._scoring_utilities.__init__:522 - No positive_label provided but detected a binary classification task
2026-02-25 09:50:46.011 - INFO - 43 - azureml.training.tabular.score._validation.log_classification_debug:194 - Classification metrics debug: {'y_test': (249,), 'y_pred_probs': (249, 2), 'unique_y_test': (2,), 'class_labels': (2,), 'train_labels': (2,), 'n_missing_train': 0, 'n_missing_valid': 0, 'sample_weight': None}
2026-02-25 09:50:46.011 - INFO - 43 - azureml.training.tabular.score._validation.log_classification_debug:194 - Classification metrics debug: {'y_test': (249,), 'y_pred_probs': (249, 2), 'unique_y_test': (2,), 'class_labels': (2,), 'train_labels': (2,), 'n_missing_train': 0, 'n_missing_valid': 0, 'sample_weight': None}
2026-02-25 09:50:46.012 - INFO - 43 - azureml.training.tabular.score._scoring_utilities.__init__:522 - No positive_label provided but detected a binary classification task
2026-02-25 09:50:46.012 - INFO - 43 - azureml.training.tabular.score._scoring_utilities.__init__:522 - No positive_label provided but detected a binary classification task
2026-02-25 09:50:46.014 - INFO - 43 - azureml.training.tabular.score._validation.log_classification_debug:194 - Classification metrics debug: {'y_test': (249,), 'y_pred_probs': (249, 2), 'unique_y_test': (2,), 'class_labels': (2,), 'train_labels': (2,), 'n_missing_train': 0, 'n_missing_valid': 0, 'sample_weight': None}
2026-02-25 09:50:46.014 - INFO - 43 - azureml.training.tabular.score._validation.log_classification_debug:194 - Classification metrics debug: {'y_test': (249,), 'y_pred_probs': (249, 2), 'unique_y_test': (2,), 'class_labels': (2,), 'train_labels': (2,), 'n_missing_train': 0, 'n_missing_valid': 0, 'sample_weight': None}
2026-02-25 09:50:46.015 - INFO - 43 - azureml.training.tabular.score._scoring_utilities.__init__:522 - No positive_label provided but detected a binary classification task
2026-02-25 09:50:46.015 - INFO - 43 - azureml.training.tabular.score._scoring_utilities.__init__:522 - No positive_label provided but detected a binary classification task
2026-02-25 09:50:46.017 - INFO - 43 - azureml.training.tabular.score._validation.log_classification_debug:194 - Classification metrics debug: {'y_test': (248,), 'y_pred_probs': (248, 2), 'unique_y_test': (2,), 'class_labels': (2,), 'train_labels': (2,), 'n_missing_train': 0, 'n_missing_valid': 0, 'sample_weight': None}
2026-02-25 09:50:46.017 - INFO - 43 - azureml.training.tabular.score._validation.log_classification_debug:194 - Classification metrics debug: {'y_test': (248,), 'y_pred_probs': (248, 2), 'unique_y_test': (2,), 'class_labels': (2,), 'train_labels': (2,), 'n_missing_train': 0, 'n_missing_valid': 0, 'sample_weight': None}
2026-02-25 09:50:46.018 - INFO - 43 - azureml.training.tabular.score._scoring_utilities.__init__:522 - No positive_label provided but detected a binary classification task
2026-02-25 09:50:46.018 - INFO - 43 - azureml.training.tabular.score._scoring_utilities.__init__:522 - No positive_label provided but detected a binary classification task
2026-02-25 09:50:46.020 - INFO - 43 - azureml.training.tabular.score._validation.log_classification_debug:194 - Classification metrics debug: {'y_test': (248,), 'y_pred_probs': (248, 2), 'unique_y_test': (2,), 'class_labels': (2,), 'train_labels': (2,), 'n_missing_train': 0, 'n_missing_valid': 0, 'sample_weight': None}
2026-02-25 09:50:46.020 - INFO - 43 - azureml.training.tabular.score._validation.log_classification_debug:194 - Classification metrics debug: {'y_test': (248,), 'y_pred_probs': (248, 2), 'unique_y_test': (2,), 'class_labels': (2,), 'train_labels': (2,), 'n_missing_train': 0, 'n_missing_valid': 0, 'sample_weight': None}
2026-02-25 09:50:46.021 - INFO - 43 - azureml.training.tabular.score._scoring_utilities.__init__:522 - No positive_label provided but detected a binary classification task
2026-02-25 09:50:46.021 - INFO - 43 - azureml.training.tabular.score._scoring_utilities.__init__:522 - No positive_label provided but detected a binary classification task
2026-02-25 09:50:46.023 - INFO - 43 - azureml.training.tabular.score._validation.log_classification_debug:194 - Classification metrics debug: {'y_test': (248,), 'y_pred_probs': (248, 2), 'unique_y_test': (2,), 'class_labels': (2,), 'train_labels': (2,), 'n_missing_train': 0, 'n_missing_valid': 0, 'sample_weight': None}
2026-02-25 09:50:46.023 - INFO - 43 - azureml.training.tabular.score._validation.log_classification_debug:194 - Classification metrics debug: {'y_test': (248,), 'y_pred_probs': (248, 2), 'unique_y_test': (2,), 'class_labels': (2,), 'train_labels': (2,), 'n_missing_train': 0, 'n_missing_valid': 0, 'sample_weight': None}
2026-02-25 09:50:46.024 - INFO - 43 - azureml.training.tabular.score._scoring_utilities.__init__:522 - No positive_label provided but detected a binary classification task
2026-02-25 09:50:46.024 - INFO - 43 - azureml.training.tabular.score._scoring_utilities.__init__:522 - No positive_label provided but detected a binary classification task
2026-02-25 09:50:46.026 - INFO - 43 - azureml.training.tabular.score._validation.log_classification_debug:194 - Classification metrics debug: {'y_test': (249,), 'y_pred_probs': (249, 2), 'unique_y_test': (2,), 'class_labels': (2,), 'train_labels': (2,), 'n_missing_train': 0, 'n_missing_valid': 0, 'sample_weight': None}
2026-02-25 09:50:46.026 - INFO - 43 - azureml.training.tabular.score._validation.log_classification_debug:194 - Classification metrics debug: {'y_test': (249,), 'y_pred_probs': (249, 2), 'unique_y_test': (2,), 'class_labels': (2,), 'train_labels': (2,), 'n_missing_train': 0, 'n_missing_valid': 0, 'sample_weight': None}
2026-02-25 09:50:46.027 - INFO - 43 - azureml.training.tabular.score._scoring_utilities.__init__:522 - No positive_label provided but detected a binary classification task
2026-02-25 09:50:46.027 - INFO - 43 - azureml.training.tabular.score._scoring_utilities.__init__:522 - No positive_label provided but detected a binary classification task
2026-02-25 09:50:46.029 - INFO - 43 - azureml.training.tabular.score._validation.log_classification_debug:194 - Classification metrics debug: {'y_test': (249,), 'y_pred_probs': (249, 2), 'unique_y_test': (2,), 'class_labels': (2,), 'train_labels': (2,), 'n_missing_train': 0, 'n_missing_valid': 0, 'sample_weight': None}
2026-02-25 09:50:46.029 - INFO - 43 - azureml.training.tabular.score._validation.log_classification_debug:194 - Classification metrics debug: {'y_test': (249,), 'y_pred_probs': (249, 2), 'unique_y_test': (2,), 'class_labels': (2,), 'train_labels': (2,), 'n_missing_train': 0, 'n_missing_valid': 0, 'sample_weight': None}
2026-02-25 09:50:46.030 - INFO - 43 - azureml.training.tabular.score._scoring_utilities.__init__:522 - No positive_label provided but detected a binary classification task
2026-02-25 09:50:46.030 - INFO - 43 - azureml.training.tabular.score._scoring_utilities.__init__:522 - No positive_label provided but detected a binary classification task
2026-02-25 09:50:46.032 - INFO - 43 - azureml.training.tabular.score._validation.log_classification_debug:194 - Classification metrics debug: {'y_test': (248,), 'y_pred_probs': (248, 2), 'unique_y_test': (2,), 'class_labels': (2,), 'train_labels': (2,), 'n_missing_train': 0, 'n_missing_valid': 0, 'sample_weight': None}
2026-02-25 09:50:46.032 - INFO - 43 - azureml.training.tabular.score._validation.log_classification_debug:194 - Classification metrics debug: {'y_test': (248,), 'y_pred_probs': (248, 2), 'unique_y_test': (2,), 'class_labels': (2,), 'train_labels': (2,), 'n_missing_train': 0, 'n_missing_valid': 0, 'sample_weight': None}
2026-02-25 09:50:46.033 - INFO - 43 - azureml.training.tabular.score._scoring_utilities.__init__:522 - No positive_label provided but detected a binary classification task
2026-02-25 09:50:46.033 - INFO - 43 - azureml.training.tabular.score._scoring_utilities.__init__:522 - No positive_label provided but detected a binary classification task
2026-02-25 09:50:46.035 - INFO - 43 - azureml.training.tabular.score._validation.log_classification_debug:194 - Classification metrics debug: {'y_test': (248,), 'y_pred_probs': (248, 2), 'unique_y_test': (2,), 'class_labels': (2,), 'train_labels': (2,), 'n_missing_train': 0, 'n_missing_valid': 0, 'sample_weight': None}
2026-02-25 09:50:46.035 - INFO - 43 - azureml.training.tabular.score._validation.log_classification_debug:194 - Classification metrics debug: {'y_test': (248,), 'y_pred_probs': (248, 2), 'unique_y_test': (2,), 'class_labels': (2,), 'train_labels': (2,), 'n_missing_train': 0, 'n_missing_valid': 0, 'sample_weight': None}
2026-02-25 09:50:46.035 - INFO - 43 - azureml.training.tabular.score._scoring_utilities.__init__:522 - No positive_label provided but detected a binary classification task
2026-02-25 09:50:46.035 - INFO - 43 - azureml.training.tabular.score._scoring_utilities.__init__:522 - No positive_label provided but detected a binary classification task
2026-02-25 09:50:46.037 - INFO - 43 - azureml.training.tabular.score._validation.log_classification_debug:194 - Classification metrics debug: {'y_test': (248,), 'y_pred_probs': (248, 2), 'unique_y_test': (2,), 'class_labels': (2,), 'train_labels': (2,), 'n_missing_train': 0, 'n_missing_valid': 0, 'sample_weight': None}
2026-02-25 09:50:46.037 - INFO - 43 - azureml.training.tabular.score._validation.log_classification_debug:194 - Classification metrics debug: {'y_test': (248,), 'y_pred_probs': (248, 2), 'unique_y_test': (2,), 'class_labels': (2,), 'train_labels': (2,), 'n_missing_train': 0, 'n_missing_valid': 0, 'sample_weight': None}
2026-02-25 09:50:46.038 - INFO - 43 - azureml.training.tabular.score._scoring_utilities.__init__:522 - No positive_label provided but detected a binary classification task
2026-02-25 09:50:46.038 - INFO - 43 - azureml.training.tabular.score._scoring_utilities.__init__:522 - No positive_label provided but detected a binary classification task
2026-02-25 09:50:46.040 - INFO - 43 - azureml.training.tabular.score._validation.log_classification_debug:194 - Classification metrics debug: {'y_test': (249,), 'y_pred_probs': (249, 2), 'unique_y_test': (2,), 'class_labels': (2,), 'train_labels': (2,), 'n_missing_train': 0, 'n_missing_valid': 0, 'sample_weight': None}
2026-02-25 09:50:46.040 - INFO - 43 - azureml.training.tabular.score._validation.log_classification_debug:194 - Classification metrics debug: {'y_test': (249,), 'y_pred_probs': (249, 2), 'unique_y_test': (2,), 'class_labels': (2,), 'train_labels': (2,), 'n_missing_train': 0, 'n_missing_valid': 0, 'sample_weight': None}
2026-02-25 09:50:46.041 - INFO - 43 - azureml.training.tabular.score._scoring_utilities.__init__:522 - No positive_label provided but detected a binary classification task
2026-02-25 09:50:46.041 - INFO - 43 - azureml.training.tabular.score._scoring_utilities.__init__:522 - No positive_label provided but detected a binary classification task
2026-02-25 09:50:46.043 - INFO - 43 - azureml.training.tabular.score._validation.log_classification_debug:194 - Classification metrics debug: {'y_test': (249,), 'y_pred_probs': (249, 2), 'unique_y_test': (2,), 'class_labels': (2,), 'train_labels': (2,), 'n_missing_train': 0, 'n_missing_valid': 0, 'sample_weight': None}
2026-02-25 09:50:46.043 - INFO - 43 - azureml.training.tabular.score._validation.log_classification_debug:194 - Classification metrics debug: {'y_test': (249,), 'y_pred_probs': (249, 2), 'unique_y_test': (2,), 'class_labels': (2,), 'train_labels': (2,), 'n_missing_train': 0, 'n_missing_valid': 0, 'sample_weight': None}
2026-02-25 09:50:46.044 - INFO - 43 - azureml.training.tabular.score._scoring_utilities.__init__:522 - No positive_label provided but detected a binary classification task
2026-02-25 09:50:46.044 - INFO - 43 - azureml.training.tabular.score._scoring_utilities.__init__:522 - No positive_label provided but detected a binary classification task
2026-02-25 09:50:46.046 - INFO - 43 - azureml.training.tabular.score._validation.log_classification_debug:194 - Classification metrics debug: {'y_test': (248,), 'y_pred_probs': (248, 2), 'unique_y_test': (2,), 'class_labels': (2,), 'train_labels': (2,), 'n_missing_train': 0, 'n_missing_valid': 0, 'sample_weight': None}
2026-02-25 09:50:46.046 - INFO - 43 - azureml.training.tabular.score._validation.log_classification_debug:194 - Classification metrics debug: {'y_test': (248,), 'y_pred_probs': (248, 2), 'unique_y_test': (2,), 'class_labels': (2,), 'train_labels': (2,), 'n_missing_train': 0, 'n_missing_valid': 0, 'sample_weight': None}
2026-02-25 09:50:46.046 - INFO - 43 - azureml.training.tabular.score._scoring_utilities.__init__:522 - No positive_label provided but detected a binary classification task
2026-02-25 09:50:46.046 - INFO - 43 - azureml.training.tabular.score._scoring_utilities.__init__:522 - No positive_label provided but detected a binary classification task
2026-02-25 09:50:46.048 - INFO - 43 - azureml.training.tabular.score._validation.log_classification_debug:194 - Classification metrics debug: {'y_test': (248,), 'y_pred_probs': (248, 2), 'unique_y_test': (2,), 'class_labels': (2,), 'train_labels': (2,), 'n_missing_train': 0, 'n_missing_valid': 0, 'sample_weight': None}
2026-02-25 09:50:46.048 - INFO - 43 - azureml.training.tabular.score._validation.log_classification_debug:194 - Classification metrics debug: {'y_test': (248,), 'y_pred_probs': (248, 2), 'unique_y_test': (2,), 'class_labels': (2,), 'train_labels': (2,), 'n_missing_train': 0, 'n_missing_valid': 0, 'sample_weight': None}
2026-02-25 09:50:46.049 - INFO - 43 - azureml.training.tabular.score._scoring_utilities.__init__:522 - No positive_label provided but detected a binary classification task
2026-02-25 09:50:46.049 - INFO - 43 - azureml.training.tabular.score._scoring_utilities.__init__:522 - No positive_label provided but detected a binary classification task
2026-02-25 09:50:46.051 - INFO - 43 - azureml.training.tabular.score._validation.log_classification_debug:194 - Classification metrics debug: {'y_test': (248,), 'y_pred_probs': (248, 2), 'unique_y_test': (2,), 'class_labels': (2,), 'train_labels': (2,), 'n_missing_train': 0, 'n_missing_valid': 0, 'sample_weight': None}
2026-02-25 09:50:46.051 - INFO - 43 - azureml.training.tabular.score._validation.log_classification_debug:194 - Classification metrics debug: {'y_test': (248,), 'y_pred_probs': (248, 2), 'unique_y_test': (2,), 'class_labels': (2,), 'train_labels': (2,), 'n_missing_train': 0, 'n_missing_valid': 0, 'sample_weight': None}
2026-02-25 09:50:46.052 - INFO - 43 - azureml.training.tabular.score._scoring_utilities.__init__:522 - No positive_label provided but detected a binary classification task
2026-02-25 09:50:46.052 - INFO - 43 - azureml.training.tabular.score._scoring_utilities.__init__:522 - No positive_label provided but detected a binary classification task
2026-02-25 09:50:46.054 - INFO - 43 - azureml.training.tabular.score._validation.log_classification_debug:194 - Classification metrics debug: {'y_test': (249,), 'y_pred_probs': (249, 2), 'unique_y_test': (2,), 'class_labels': (2,), 'train_labels': (2,), 'n_missing_train': 0, 'n_missing_valid': 0, 'sample_weight': None}
2026-02-25 09:50:46.054 - INFO - 43 - azureml.training.tabular.score._validation.log_classification_debug:194 - Classification metrics debug: {'y_test': (249,), 'y_pred_probs': (249, 2), 'unique_y_test': (2,), 'class_labels': (2,), 'train_labels': (2,), 'n_missing_train': 0, 'n_missing_valid': 0, 'sample_weight': None}
2026-02-25 09:50:46.055 - INFO - 43 - azureml.training.tabular.score._scoring_utilities.__init__:522 - No positive_label provided but detected a binary classification task
2026-02-25 09:50:46.055 - INFO - 43 - azureml.training.tabular.score._scoring_utilities.__init__:522 - No positive_label provided but detected a binary classification task
2026-02-25 09:50:46.057 - INFO - 43 - azureml.training.tabular.score._validation.log_classification_debug:194 - Classification metrics debug: {'y_test': (249,), 'y_pred_probs': (249, 2), 'unique_y_test': (2,), 'class_labels': (2,), 'train_labels': (2,), 'n_missing_train': 0, 'n_missing_valid': 0, 'sample_weight': None}
2026-02-25 09:50:46.057 - INFO - 43 - azureml.training.tabular.score._validation.log_classification_debug:194 - Classification metrics debug: {'y_test': (249,), 'y_pred_probs': (249, 2), 'unique_y_test': (2,), 'class_labels': (2,), 'train_labels': (2,), 'n_missing_train': 0, 'n_missing_valid': 0, 'sample_weight': None}
2026-02-25 09:50:46.058 - INFO - 43 - azureml.training.tabular.score._scoring_utilities.__init__:522 - No positive_label provided but detected a binary classification task
2026-02-25 09:50:46.058 - INFO - 43 - azureml.training.tabular.score._scoring_utilities.__init__:522 - No positive_label provided but detected a binary classification task
2026-02-25 09:50:46.059 - INFO - 43 - azureml.training.tabular.score._validation.log_classification_debug:194 - Classification metrics debug: {'y_test': (248,), 'y_pred_probs': (248, 2), 'unique_y_test': (2,), 'class_labels': (2,), 'train_labels': (2,), 'n_missing_train': 0, 'n_missing_valid': 0, 'sample_weight': None}
2026-02-25 09:50:46.059 - INFO - 43 - azureml.training.tabular.score._validation.log_classification_debug:194 - Classification metrics debug: {'y_test': (248,), 'y_pred_probs': (248, 2), 'unique_y_test': (2,), 'class_labels': (2,), 'train_labels': (2,), 'n_missing_train': 0, 'n_missing_valid': 0, 'sample_weight': None}
2026-02-25 09:50:46.060 - INFO - 43 - azureml.training.tabular.score._scoring_utilities.__init__:522 - No positive_label provided but detected a binary classification task
2026-02-25 09:50:46.060 - INFO - 43 - azureml.training.tabular.score._scoring_utilities.__init__:522 - No positive_label provided but detected a binary classification task
2026-02-25 09:50:46.062 - INFO - 43 - azureml.training.tabular.score._validation.log_classification_debug:194 - Classification metrics debug: {'y_test': (248,), 'y_pred_probs': (248, 2), 'unique_y_test': (2,), 'class_labels': (2,), 'train_labels': (2,), 'n_missing_train': 0, 'n_missing_valid': 0, 'sample_weight': None}
2026-02-25 09:50:46.062 - INFO - 43 - azureml.training.tabular.score._validation.log_classification_debug:194 - Classification metrics debug: {'y_test': (248,), 'y_pred_probs': (248, 2), 'unique_y_test': (2,), 'class_labels': (2,), 'train_labels': (2,), 'n_missing_train': 0, 'n_missing_valid': 0, 'sample_weight': None}
2026-02-25 09:50:46.063 - INFO - 43 - azureml.training.tabular.score._scoring_utilities.__init__:522 - No positive_label provided but detected a binary classification task
2026-02-25 09:50:46.063 - INFO - 43 - azureml.training.tabular.score._scoring_utilities.__init__:522 - No positive_label provided but detected a binary classification task
2026-02-25 09:50:46.065 - INFO - 43 - azureml.training.tabular.score._validation.log_classification_debug:194 - Classification metrics debug: {'y_test': (248,), 'y_pred_probs': (248, 2), 'unique_y_test': (2,), 'class_labels': (2,), 'train_labels': (2,), 'n_missing_train': 0, 'n_missing_valid': 0, 'sample_weight': None}
2026-02-25 09:50:46.065 - INFO - 43 - azureml.training.tabular.score._validation.log_classification_debug:194 - Classification metrics debug: {'y_test': (248,), 'y_pred_probs': (248, 2), 'unique_y_test': (2,), 'class_labels': (2,), 'train_labels': (2,), 'n_missing_train': 0, 'n_missing_valid': 0, 'sample_weight': None}
2026-02-25 09:50:46.066 - INFO - 43 - azureml.training.tabular.score._scoring_utilities.__init__:522 - No positive_label provided but detected a binary classification task
2026-02-25 09:50:46.066 - INFO - 43 - azureml.training.tabular.score._scoring_utilities.__init__:522 - No positive_label provided but detected a binary classification task
2026-02-25 09:50:46.068 - INFO - 43 - azureml.automl.runtime._ml_engine.ensemble.ensemble_selector.select:208 - Final ensemble: [0, 1, 0], score: 0.9202746469749968. Best individual model score: 0.9162488664334758
2026-02-25 09:50:46.068 - INFO - 43 - azureml.automl.runtime._ml_engine.ensemble.ensemble_selector.select:208 - Final ensemble: [0, 1, 0], score: 0.9202746469749968. Best individual model score: 0.9162488664334758
2026-02-25 09:50:46.068 - INFO - 43 - azureml.automl.runtime._ml_engine.ensemble.ensemble_selector.select:215 - Unique models IDs in the ensemble: [0, 1]. Weights: [0.6666666666666666, 0.3333333333333333]
2026-02-25 09:50:46.068 - INFO - 43 - azureml.automl.runtime._ml_engine.ensemble.ensemble_selector.select:215 - Unique models IDs in the ensemble: [0, 1]. Weights: [0.6666666666666666, 0.3333333333333333]
2026-02-25 09:50:46.068 - INFO - 43 - azureml.automl.runtime.ensemble_base.fit_ensemble:138 - Selected the pipelines for the ensemble in 1 seconds
2026-02-25 09:50:46.068 - INFO - 43 - azureml.automl.runtime.ensemble_base.fit_ensemble:138 - Selected the pipelines for the ensemble in 1 seconds
2026-02-25 09:50:46.246 - INFO - 43 - azureml.automl.runtime.ensemble_base._save_ensemble_metrics:356 - Ensembled iterations: [0, 1]. Ensembled algos: ['LightGBM', 'XGBoostClassifier']
2026-02-25 09:50:46.246 - INFO - 43 - azureml.automl.runtime.ensemble_base._save_ensemble_metrics:356 - Ensembled iterations: [0, 1]. Ensembled algos: ['LightGBM', 'XGBoostClassifier']
2026-02-25 09:50:46.247 - INFO - 43 - azureml.automl.runtime.stack_ensemble_base._create_ensembles:68 - Creating a Stack Ensemble out of iterations: [0, 1]
2026-02-25 09:50:46.247 - INFO - 43 - azureml.automl.runtime.stack_ensemble_base._create_ensembles:68 - Creating a Stack Ensemble out of iterations: [0, 1]
2026-02-25 09:50:46.363 - INFO - 43 - azureml.automl.runtime.ensemble_base._download_model:285 - Downloaded fitted pipeline(s) of size 363011 for child run cyan_curtain_q1xf29lk23_0
2026-02-25 09:50:46.363 - INFO - 43 - azureml.automl.runtime.ensemble_base._download_model:285 - Downloaded fitted pipeline(s) of size 363011 for child run cyan_curtain_q1xf29lk23_0
2026-02-25 09:50:46.364 - INFO - 43 - azureml.automl.runtime.featurization.data_transformer.__init__:190 - Feature sweeping enabled: False
2026-02-25 09:50:46.364 - INFO - 43 - azureml.automl.runtime.featurization.data_transformer.__init__:190 - Feature sweeping enabled: False
2026-02-25 09:50:46.365 - INFO - 43 - azureml.automl.runtime.featurization.data_transformer.__init__:191 - Feature sweeping timeout: 86400
2026-02-25 09:50:46.365 - INFO - 43 - azureml.automl.runtime.featurization.data_transformer.__init__:191 - Feature sweeping timeout: 86400
2026-02-25 09:50:46.368 - INFO - 43 - azureml.automl.runtime.ensemble_base._download_model:285 - Downloaded fitted pipeline(s) of size 288135 for child run cyan_curtain_q1xf29lk23_1
2026-02-25 09:50:46.368 - INFO - 43 - azureml.automl.runtime.ensemble_base._download_model:285 - Downloaded fitted pipeline(s) of size 288135 for child run cyan_curtain_q1xf29lk23_1
2026-02-25 09:50:46.369 - INFO - 43 - azureml.automl.runtime.featurization.data_transformer.__init__:190 - Feature sweeping enabled: False
2026-02-25 09:50:46.369 - INFO - 43 - azureml.automl.runtime.featurization.data_transformer.__init__:190 - Feature sweeping enabled: False
2026-02-25 09:50:46.371 - INFO - 43 - azureml.automl.runtime.ensemble_base._download_model:298 - Finished transforming the fitted pipeline for child run cyan_curtain_q1xf29lk23_0.
2026-02-25 09:50:46.371 - INFO - 43 - azureml.automl.runtime.ensemble_base._download_model:298 - Finished transforming the fitted pipeline for child run cyan_curtain_q1xf29lk23_0.
2026-02-25 09:50:46.371 - INFO - 43 - azureml.automl.runtime.featurization.data_transformer.__init__:191 - Feature sweeping timeout: 86400
2026-02-25 09:50:46.371 - INFO - 43 - azureml.automl.runtime.featurization.data_transformer.__init__:191 - Feature sweeping timeout: 86400
2026-02-25 09:50:46.399 - INFO - 43 - azureml.automl.runtime.ensemble_base._download_model:298 - Finished transforming the fitted pipeline for child run cyan_curtain_q1xf29lk23_1.
2026-02-25 09:50:46.399 - INFO - 43 - azureml.automl.runtime.ensemble_base._download_model:298 - Finished transforming the fitted pipeline for child run cyan_curtain_q1xf29lk23_1.
2026-02-25 09:50:46.641 - INFO - 43 - azureml.training.tabular.score._validation.log_classification_debug:194 - Classification metrics debug: {'y_test': (249,), 'y_pred_probs': (249, 2), 'unique_y_test': (2,), 'class_labels': (2,), 'train_labels': (2,), 'n_missing_train': 0, 'n_missing_valid': 0, 'sample_weight': None}
2026-02-25 09:50:46.641 - INFO - 43 - azureml.training.tabular.score._validation.log_classification_debug:194 - Classification metrics debug: {'y_test': (249,), 'y_pred_probs': (249, 2), 'unique_y_test': (2,), 'class_labels': (2,), 'train_labels': (2,), 'n_missing_train': 0, 'n_missing_valid': 0, 'sample_weight': None}
2026-02-25 09:50:46.642 - INFO - 43 - azureml.training.tabular.score._scoring_utilities.__init__:522 - No positive_label provided but detected a binary classification task
2026-02-25 09:50:46.642 - INFO - 43 - azureml.training.tabular.score._scoring_utilities.__init__:522 - No positive_label provided but detected a binary classification task
2026-02-25 09:50:46.644 - INFO - 43 - azureml.training.tabular.score._validation.log_classification_debug:194 - Classification metrics debug: {'y_test': (249,), 'y_pred_probs': (249, 2), 'unique_y_test': (2,), 'class_labels': (2,), 'train_labels': (2,), 'n_missing_train': 0, 'n_missing_valid': 0, 'sample_weight': None}
2026-02-25 09:50:46.644 - INFO - 43 - azureml.training.tabular.score._validation.log_classification_debug:194 - Classification metrics debug: {'y_test': (249,), 'y_pred_probs': (249, 2), 'unique_y_test': (2,), 'class_labels': (2,), 'train_labels': (2,), 'n_missing_train': 0, 'n_missing_valid': 0, 'sample_weight': None}
2026-02-25 09:50:46.645 - INFO - 43 - azureml.training.tabular.score._scoring_utilities.__init__:522 - No positive_label provided but detected a binary classification task
2026-02-25 09:50:46.645 - INFO - 43 - azureml.training.tabular.score._scoring_utilities.__init__:522 - No positive_label provided but detected a binary classification task
2026-02-25 09:50:46.647 - INFO - 43 - azureml.training.tabular.score._validation.log_classification_debug:194 - Classification metrics debug: {'y_test': (249,), 'y_pred_probs': (249, 2), 'unique_y_test': (2,), 'class_labels': (2,), 'train_labels': (2,), 'n_missing_train': 0, 'n_missing_valid': 0, 'sample_weight': None}
2026-02-25 09:50:46.647 - INFO - 43 - azureml.training.tabular.score._validation.log_classification_debug:194 - Classification metrics debug: {'y_test': (249,), 'y_pred_probs': (249, 2), 'unique_y_test': (2,), 'class_labels': (2,), 'train_labels': (2,), 'n_missing_train': 0, 'n_missing_valid': 0, 'sample_weight': None}
2026-02-25 09:50:46.647 - INFO - 43 - azureml.training.tabular.score._scoring_utilities.__init__:522 - No positive_label provided but detected a binary classification task
2026-02-25 09:50:46.647 - INFO - 43 - azureml.training.tabular.score._scoring_utilities.__init__:522 - No positive_label provided but detected a binary classification task
2026-02-25 09:50:46.649 - INFO - 43 - azureml.training.tabular.score._validation.log_classification_debug:194 - Classification metrics debug: {'y_test': (249,), 'y_pred_probs': (249, 2), 'unique_y_test': (2,), 'class_labels': (2,), 'train_labels': (2,), 'n_missing_train': 0, 'n_missing_valid': 0, 'sample_weight': None}
2026-02-25 09:50:46.649 - INFO - 43 - azureml.training.tabular.score._validation.log_classification_debug:194 - Classification metrics debug: {'y_test': (249,), 'y_pred_probs': (249, 2), 'unique_y_test': (2,), 'class_labels': (2,), 'train_labels': (2,), 'n_missing_train': 0, 'n_missing_valid': 0, 'sample_weight': None}
2026-02-25 09:50:46.650 - INFO - 43 - azureml.training.tabular.score._scoring_utilities.__init__:522 - No positive_label provided but detected a binary classification task
2026-02-25 09:50:46.650 - INFO - 43 - azureml.training.tabular.score._scoring_utilities.__init__:522 - No positive_label provided but detected a binary classification task
2026-02-25 09:50:46.652 - INFO - 43 - azureml.training.tabular.score._validation.log_classification_debug:194 - Classification metrics debug: {'y_test': (249,), 'y_pred_probs': (249, 2), 'unique_y_test': (2,), 'class_labels': (2,), 'train_labels': (2,), 'n_missing_train': 0, 'n_missing_valid': 0, 'sample_weight': None}
2026-02-25 09:50:46.652 - INFO - 43 - azureml.training.tabular.score._validation.log_classification_debug:194 - Classification metrics debug: {'y_test': (249,), 'y_pred_probs': (249, 2), 'unique_y_test': (2,), 'class_labels': (2,), 'train_labels': (2,), 'n_missing_train': 0, 'n_missing_valid': 0, 'sample_weight': None}
2026-02-25 09:50:46.653 - INFO - 43 - azureml.training.tabular.score._scoring_utilities.__init__:522 - No positive_label provided but detected a binary classification task
2026-02-25 09:50:46.653 - INFO - 43 - azureml.training.tabular.score._scoring_utilities.__init__:522 - No positive_label provided but detected a binary classification task
2026-02-25 09:50:46.655 - INFO - 43 - azureml.training.tabular.score._validation.log_classification_debug:194 - Classification metrics debug: {'y_test': (249,), 'y_pred_probs': (249, 2), 'unique_y_test': (2,), 'class_labels': (2,), 'train_labels': (2,), 'n_missing_train': 0, 'n_missing_valid': 0, 'sample_weight': None}
2026-02-25 09:50:46.655 - INFO - 43 - azureml.training.tabular.score._validation.log_classification_debug:194 - Classification metrics debug: {'y_test': (249,), 'y_pred_probs': (249, 2), 'unique_y_test': (2,), 'class_labels': (2,), 'train_labels': (2,), 'n_missing_train': 0, 'n_missing_valid': 0, 'sample_weight': None}
2026-02-25 09:50:46.655 - INFO - 43 - azureml.training.tabular.score._scoring_utilities.__init__:522 - No positive_label provided but detected a binary classification task
2026-02-25 09:50:46.655 - INFO - 43 - azureml.training.tabular.score._scoring_utilities.__init__:522 - No positive_label provided but detected a binary classification task
2026-02-25 09:50:46.657 - INFO - 43 - azureml.training.tabular.score._validation.log_classification_debug:194 - Classification metrics debug: {'y_test': (249,), 'y_pred_probs': (249, 2), 'unique_y_test': (2,), 'class_labels': (2,), 'train_labels': (2,), 'n_missing_train': 0, 'n_missing_valid': 0, 'sample_weight': None}
2026-02-25 09:50:46.657 - INFO - 43 - azureml.training.tabular.score._validation.log_classification_debug:194 - Classification metrics debug: {'y_test': (249,), 'y_pred_probs': (249, 2), 'unique_y_test': (2,), 'class_labels': (2,), 'train_labels': (2,), 'n_missing_train': 0, 'n_missing_valid': 0, 'sample_weight': None}
2026-02-25 09:50:46.658 - INFO - 43 - azureml.training.tabular.score._scoring_utilities.__init__:522 - No positive_label provided but detected a binary classification task
2026-02-25 09:50:46.658 - INFO - 43 - azureml.training.tabular.score._scoring_utilities.__init__:522 - No positive_label provided but detected a binary classification task
2026-02-25 09:50:46.659 - INFO - 43 - azureml.training.tabular.score._validation.log_classification_debug:194 - Classification metrics debug: {'y_test': (249,), 'y_pred_probs': (249, 2), 'unique_y_test': (2,), 'class_labels': (2,), 'train_labels': (2,), 'n_missing_train': 0, 'n_missing_valid': 0, 'sample_weight': None}
2026-02-25 09:50:46.659 - INFO - 43 - azureml.training.tabular.score._validation.log_classification_debug:194 - Classification metrics debug: {'y_test': (249,), 'y_pred_probs': (249, 2), 'unique_y_test': (2,), 'class_labels': (2,), 'train_labels': (2,), 'n_missing_train': 0, 'n_missing_valid': 0, 'sample_weight': None}
2026-02-25 09:50:46.660 - INFO - 43 - azureml.training.tabular.score._scoring_utilities.__init__:522 - No positive_label provided but detected a binary classification task
2026-02-25 09:50:46.660 - INFO - 43 - azureml.training.tabular.score._scoring_utilities.__init__:522 - No positive_label provided but detected a binary classification task
2026-02-25 09:50:46.663 - INFO - 43 - azureml.training.tabular.score._validation.log_classification_debug:194 - Classification metrics debug: {'y_test': (249,), 'y_pred_probs': (249, 2), 'unique_y_test': (2,), 'class_labels': (2,), 'train_labels': (2,), 'n_missing_train': 0, 'n_missing_valid': 0, 'sample_weight': None}
2026-02-25 09:50:46.663 - INFO - 43 - azureml.training.tabular.score._validation.log_classification_debug:194 - Classification metrics debug: {'y_test': (249,), 'y_pred_probs': (249, 2), 'unique_y_test': (2,), 'class_labels': (2,), 'train_labels': (2,), 'n_missing_train': 0, 'n_missing_valid': 0, 'sample_weight': None}
2026-02-25 09:50:46.664 - INFO - 43 - azureml.training.tabular.score._scoring_utilities.__init__:522 - No positive_label provided but detected a binary classification task
2026-02-25 09:50:46.664 - INFO - 43 - azureml.training.tabular.score._scoring_utilities.__init__:522 - No positive_label provided but detected a binary classification task
2026-02-25 09:50:46.666 - INFO - 43 - azureml.training.tabular.score._validation.log_classification_debug:194 - Classification metrics debug: {'y_test': (249,), 'y_pred_probs': (249, 2), 'unique_y_test': (2,), 'class_labels': (2,), 'train_labels': (2,), 'n_missing_train': 0, 'n_missing_valid': 0, 'sample_weight': None}
2026-02-25 09:50:46.666 - INFO - 43 - azureml.training.tabular.score._validation.log_classification_debug:194 - Classification metrics debug: {'y_test': (249,), 'y_pred_probs': (249, 2), 'unique_y_test': (2,), 'class_labels': (2,), 'train_labels': (2,), 'n_missing_train': 0, 'n_missing_valid': 0, 'sample_weight': None}
2026-02-25 09:50:46.667 - INFO - 43 - azureml.training.tabular.score._scoring_utilities.__init__:522 - No positive_label provided but detected a binary classification task
2026-02-25 09:50:46.667 - INFO - 43 - azureml.training.tabular.score._scoring_utilities.__init__:522 - No positive_label provided but detected a binary classification task
2026-02-25 09:50:46.678 - INFO - 43 - azureml.training.tabular.score._validation.log_classification_debug:194 - Classification metrics debug: {'y_test': (249,), 'y_pred_probs': (249, 2), 'unique_y_test': (2,), 'class_labels': (2,), 'train_labels': (2,), 'n_missing_train': 0, 'n_missing_valid': 0, 'sample_weight': None}
2026-02-25 09:50:46.678 - INFO - 43 - azureml.training.tabular.score._validation.log_classification_debug:194 - Classification metrics debug: {'y_test': (249,), 'y_pred_probs': (249, 2), 'unique_y_test': (2,), 'class_labels': (2,), 'train_labels': (2,), 'n_missing_train': 0, 'n_missing_valid': 0, 'sample_weight': None}
2026-02-25 09:50:46.679 - INFO - 43 - azureml.training.tabular.score._scoring_utilities.__init__:522 - No positive_label provided but detected a binary classification task
2026-02-25 09:50:46.679 - INFO - 43 - azureml.training.tabular.score._scoring_utilities.__init__:522 - No positive_label provided but detected a binary classification task
2026-02-25 09:50:46.681 - INFO - 43 - azureml.training.tabular.score._validation.log_classification_debug:194 - Classification metrics debug: {'y_test': (249,), 'y_pred_probs': (249, 2), 'unique_y_test': (2,), 'class_labels': (2,), 'train_labels': (2,), 'n_missing_train': 0, 'n_missing_valid': 0, 'sample_weight': None}
2026-02-25 09:50:46.681 - INFO - 43 - azureml.training.tabular.score._validation.log_classification_debug:194 - Classification metrics debug: {'y_test': (249,), 'y_pred_probs': (249, 2), 'unique_y_test': (2,), 'class_labels': (2,), 'train_labels': (2,), 'n_missing_train': 0, 'n_missing_valid': 0, 'sample_weight': None}
2026-02-25 09:50:46.681 - INFO - 43 - azureml.training.tabular.score._scoring_utilities.__init__:522 - No positive_label provided but detected a binary classification task
2026-02-25 09:50:46.681 - INFO - 43 - azureml.training.tabular.score._scoring_utilities.__init__:522 - No positive_label provided but detected a binary classification task
2026-02-25 09:50:46.683 - INFO - 43 - azureml.training.tabular.score._validation.log_classification_debug:194 - Classification metrics debug: {'y_test': (249,), 'y_pred_probs': (249, 2), 'unique_y_test': (2,), 'class_labels': (2,), 'train_labels': (2,), 'n_missing_train': 0, 'n_missing_valid': 0, 'sample_weight': None}
2026-02-25 09:50:46.683 - INFO - 43 - azureml.training.tabular.score._validation.log_classification_debug:194 - Classification metrics debug: {'y_test': (249,), 'y_pred_probs': (249, 2), 'unique_y_test': (2,), 'class_labels': (2,), 'train_labels': (2,), 'n_missing_train': 0, 'n_missing_valid': 0, 'sample_weight': None}
2026-02-25 09:50:46.684 - INFO - 43 - azureml.training.tabular.score._scoring_utilities.__init__:522 - No positive_label provided but detected a binary classification task
2026-02-25 09:50:46.684 - INFO - 43 - azureml.training.tabular.score._scoring_utilities.__init__:522 - No positive_label provided but detected a binary classification task
2026-02-25 09:50:46.686 - INFO - 43 - azureml.training.tabular.score._validation.log_classification_debug:194 - Classification metrics debug: {'y_test': (249,), 'y_pred_probs': (249, 2), 'unique_y_test': (2,), 'class_labels': (2,), 'train_labels': (2,), 'n_missing_train': 0, 'n_missing_valid': 0, 'sample_weight': None}
2026-02-25 09:50:46.686 - INFO - 43 - azureml.training.tabular.score._validation.log_classification_debug:194 - Classification metrics debug: {'y_test': (249,), 'y_pred_probs': (249, 2), 'unique_y_test': (2,), 'class_labels': (2,), 'train_labels': (2,), 'n_missing_train': 0, 'n_missing_valid': 0, 'sample_weight': None}
2026-02-25 09:50:46.686 - INFO - 43 - azureml.training.tabular.score._scoring_utilities.__init__:522 - No positive_label provided but detected a binary classification task
2026-02-25 09:50:46.686 - INFO - 43 - azureml.training.tabular.score._scoring_utilities.__init__:522 - No positive_label provided but detected a binary classification task
2026-02-25 09:50:46.688 - INFO - 43 - azureml.training.tabular.score._validation.log_classification_debug:194 - Classification metrics debug: {'y_test': (249,), 'y_pred_probs': (249, 2), 'unique_y_test': (2,), 'class_labels': (2,), 'train_labels': (2,), 'n_missing_train': 0, 'n_missing_valid': 0, 'sample_weight': None}
2026-02-25 09:50:46.688 - INFO - 43 - azureml.training.tabular.score._validation.log_classification_debug:194 - Classification metrics debug: {'y_test': (249,), 'y_pred_probs': (249, 2), 'unique_y_test': (2,), 'class_labels': (2,), 'train_labels': (2,), 'n_missing_train': 0, 'n_missing_valid': 0, 'sample_weight': None}
2026-02-25 09:50:46.689 - INFO - 43 - azureml.training.tabular.score._scoring_utilities.__init__:522 - No positive_label provided but detected a binary classification task
2026-02-25 09:50:46.689 - INFO - 43 - azureml.training.tabular.score._scoring_utilities.__init__:522 - No positive_label provided but detected a binary classification task
2026-02-25 09:50:46.690 - INFO - 43 - azureml.training.tabular.score._validation.log_classification_debug:194 - Classification metrics debug: {'y_test': (249,), 'y_pred_probs': (249, 2), 'unique_y_test': (2,), 'class_labels': (2,), 'train_labels': (2,), 'n_missing_train': 0, 'n_missing_valid': 0, 'sample_weight': None}
2026-02-25 09:50:46.690 - INFO - 43 - azureml.training.tabular.score._validation.log_classification_debug:194 - Classification metrics debug: {'y_test': (249,), 'y_pred_probs': (249, 2), 'unique_y_test': (2,), 'class_labels': (2,), 'train_labels': (2,), 'n_missing_train': 0, 'n_missing_valid': 0, 'sample_weight': None}
2026-02-25 09:50:46.691 - INFO - 43 - azureml.training.tabular.score._scoring_utilities.__init__:522 - No positive_label provided but detected a binary classification task
2026-02-25 09:50:46.691 - INFO - 43 - azureml.training.tabular.score._scoring_utilities.__init__:522 - No positive_label provided but detected a binary classification task
2026-02-25 09:50:46.693 - INFO - 43 - azureml.training.tabular.score._validation.log_classification_debug:194 - Classification metrics debug: {'y_test': (249,), 'y_pred_probs': (249, 2), 'unique_y_test': (2,), 'class_labels': (2,), 'train_labels': (2,), 'n_missing_train': 0, 'n_missing_valid': 0, 'sample_weight': None}
2026-02-25 09:50:46.693 - INFO - 43 - azureml.training.tabular.score._validation.log_classification_debug:194 - Classification metrics debug: {'y_test': (249,), 'y_pred_probs': (249, 2), 'unique_y_test': (2,), 'class_labels': (2,), 'train_labels': (2,), 'n_missing_train': 0, 'n_missing_valid': 0, 'sample_weight': None}
2026-02-25 09:50:46.694 - INFO - 43 - azureml.training.tabular.score._scoring_utilities.__init__:522 - No positive_label provided but detected a binary classification task
2026-02-25 09:50:46.694 - INFO - 43 - azureml.training.tabular.score._scoring_utilities.__init__:522 - No positive_label provided but detected a binary classification task
2026-02-25 09:50:46.695 - INFO - 43 - azureml.training.tabular.score._validation.log_classification_debug:194 - Classification metrics debug: {'y_test': (249,), 'y_pred_probs': (249, 2), 'unique_y_test': (2,), 'class_labels': (2,), 'train_labels': (2,), 'n_missing_train': 0, 'n_missing_valid': 0, 'sample_weight': None}
2026-02-25 09:50:46.695 - INFO - 43 - azureml.training.tabular.score._validation.log_classification_debug:194 - Classification metrics debug: {'y_test': (249,), 'y_pred_probs': (249, 2), 'unique_y_test': (2,), 'class_labels': (2,), 'train_labels': (2,), 'n_missing_train': 0, 'n_missing_valid': 0, 'sample_weight': None}
2026-02-25 09:50:46.696 - INFO - 43 - azureml.training.tabular.score._scoring_utilities.__init__:522 - No positive_label provided but detected a binary classification task
2026-02-25 09:50:46.696 - INFO - 43 - azureml.training.tabular.score._scoring_utilities.__init__:522 - No positive_label provided but detected a binary classification task
2026-02-25 09:50:46.698 - INFO - 43 - azureml.training.tabular.score._validation.log_classification_debug:194 - Classification metrics debug: {'y_test': (249,), 'y_pred_probs': (249, 2), 'unique_y_test': (2,), 'class_labels': (2,), 'train_labels': (2,), 'n_missing_train': 0, 'n_missing_valid': 0, 'sample_weight': None}
2026-02-25 09:50:46.698 - INFO - 43 - azureml.training.tabular.score._validation.log_classification_debug:194 - Classification metrics debug: {'y_test': (249,), 'y_pred_probs': (249, 2), 'unique_y_test': (2,), 'class_labels': (2,), 'train_labels': (2,), 'n_missing_train': 0, 'n_missing_valid': 0, 'sample_weight': None}
2026-02-25 09:50:46.698 - INFO - 43 - azureml.training.tabular.score._scoring_utilities.__init__:522 - No positive_label provided but detected a binary classification task
2026-02-25 09:50:46.698 - INFO - 43 - azureml.training.tabular.score._scoring_utilities.__init__:522 - No positive_label provided but detected a binary classification task
2026-02-25 09:50:46.700 - INFO - 43 - azureml.training.tabular.score._validation.log_classification_debug:194 - Classification metrics debug: {'y_test': (249,), 'y_pred_probs': (249, 2), 'unique_y_test': (2,), 'class_labels': (2,), 'train_labels': (2,), 'n_missing_train': 0, 'n_missing_valid': 0, 'sample_weight': None}
2026-02-25 09:50:46.700 - INFO - 43 - azureml.training.tabular.score._validation.log_classification_debug:194 - Classification metrics debug: {'y_test': (249,), 'y_pred_probs': (249, 2), 'unique_y_test': (2,), 'class_labels': (2,), 'train_labels': (2,), 'n_missing_train': 0, 'n_missing_valid': 0, 'sample_weight': None}
2026-02-25 09:50:46.701 - INFO - 43 - azureml.training.tabular.score._scoring_utilities.__init__:522 - No positive_label provided but detected a binary classification task
2026-02-25 09:50:46.701 - INFO - 43 - azureml.training.tabular.score._scoring_utilities.__init__:522 - No positive_label provided but detected a binary classification task
2026-02-25 09:50:46.712 - INFO - 43 - azureml.training.tabular.score._validation.log_classification_debug:194 - Classification metrics debug: {'y_test': (248,), 'y_pred_probs': (248, 2), 'unique_y_test': (2,), 'class_labels': (2,), 'train_labels': (2,), 'n_missing_train': 0, 'n_missing_valid': 0, 'sample_weight': None}
2026-02-25 09:50:46.712 - INFO - 43 - azureml.training.tabular.score._validation.log_classification_debug:194 - Classification metrics debug: {'y_test': (248,), 'y_pred_probs': (248, 2), 'unique_y_test': (2,), 'class_labels': (2,), 'train_labels': (2,), 'n_missing_train': 0, 'n_missing_valid': 0, 'sample_weight': None}
2026-02-25 09:50:46.713 - INFO - 43 - azureml.training.tabular.score._scoring_utilities.__init__:522 - No positive_label provided but detected a binary classification task
2026-02-25 09:50:46.713 - INFO - 43 - azureml.training.tabular.score._scoring_utilities.__init__:522 - No positive_label provided but detected a binary classification task
2026-02-25 09:50:46.714 - INFO - 43 - azureml.training.tabular.score._validation.log_classification_debug:194 - Classification metrics debug: {'y_test': (248,), 'y_pred_probs': (248, 2), 'unique_y_test': (2,), 'class_labels': (2,), 'train_labels': (2,), 'n_missing_train': 0, 'n_missing_valid': 0, 'sample_weight': None}
2026-02-25 09:50:46.714 - INFO - 43 - azureml.training.tabular.score._validation.log_classification_debug:194 - Classification metrics debug: {'y_test': (248,), 'y_pred_probs': (248, 2), 'unique_y_test': (2,), 'class_labels': (2,), 'train_labels': (2,), 'n_missing_train': 0, 'n_missing_valid': 0, 'sample_weight': None}
2026-02-25 09:50:46.715 - INFO - 43 - azureml.training.tabular.score._scoring_utilities.__init__:522 - No positive_label provided but detected a binary classification task
2026-02-25 09:50:46.715 - INFO - 43 - azureml.training.tabular.score._scoring_utilities.__init__:522 - No positive_label provided but detected a binary classification task
2026-02-25 09:50:46.717 - INFO - 43 - azureml.training.tabular.score._validation.log_classification_debug:194 - Classification metrics debug: {'y_test': (248,), 'y_pred_probs': (248, 2), 'unique_y_test': (2,), 'class_labels': (2,), 'train_labels': (2,), 'n_missing_train': 0, 'n_missing_valid': 0, 'sample_weight': None}
2026-02-25 09:50:46.717 - INFO - 43 - azureml.training.tabular.score._validation.log_classification_debug:194 - Classification metrics debug: {'y_test': (248,), 'y_pred_probs': (248, 2), 'unique_y_test': (2,), 'class_labels': (2,), 'train_labels': (2,), 'n_missing_train': 0, 'n_missing_valid': 0, 'sample_weight': None}
2026-02-25 09:50:46.717 - INFO - 43 - azureml.training.tabular.score._scoring_utilities.__init__:522 - No positive_label provided but detected a binary classification task
2026-02-25 09:50:46.717 - INFO - 43 - azureml.training.tabular.score._scoring_utilities.__init__:522 - No positive_label provided but detected a binary classification task
2026-02-25 09:50:46.719 - INFO - 43 - azureml.training.tabular.score._validation.log_classification_debug:194 - Classification metrics debug: {'y_test': (248,), 'y_pred_probs': (248, 2), 'unique_y_test': (2,), 'class_labels': (2,), 'train_labels': (2,), 'n_missing_train': 0, 'n_missing_valid': 0, 'sample_weight': None}
2026-02-25 09:50:46.719 - INFO - 43 - azureml.training.tabular.score._validation.log_classification_debug:194 - Classification metrics debug: {'y_test': (248,), 'y_pred_probs': (248, 2), 'unique_y_test': (2,), 'class_labels': (2,), 'train_labels': (2,), 'n_missing_train': 0, 'n_missing_valid': 0, 'sample_weight': None}
2026-02-25 09:50:46.720 - INFO - 43 - azureml.training.tabular.score._scoring_utilities.__init__:522 - No positive_label provided but detected a binary classification task
2026-02-25 09:50:46.720 - INFO - 43 - azureml.training.tabular.score._scoring_utilities.__init__:522 - No positive_label provided but detected a binary classification task
2026-02-25 09:50:46.721 - INFO - 43 - azureml.training.tabular.score._validation.log_classification_debug:194 - Classification metrics debug: {'y_test': (248,), 'y_pred_probs': (248, 2), 'unique_y_test': (2,), 'class_labels': (2,), 'train_labels': (2,), 'n_missing_train': 0, 'n_missing_valid': 0, 'sample_weight': None}
2026-02-25 09:50:46.721 - INFO - 43 - azureml.training.tabular.score._validation.log_classification_debug:194 - Classification metrics debug: {'y_test': (248,), 'y_pred_probs': (248, 2), 'unique_y_test': (2,), 'class_labels': (2,), 'train_labels': (2,), 'n_missing_train': 0, 'n_missing_valid': 0, 'sample_weight': None}
2026-02-25 09:50:46.722 - INFO - 43 - azureml.training.tabular.score._scoring_utilities.__init__:522 - No positive_label provided but detected a binary classification task
2026-02-25 09:50:46.722 - INFO - 43 - azureml.training.tabular.score._scoring_utilities.__init__:522 - No positive_label provided but detected a binary classification task
2026-02-25 09:50:46.724 - INFO - 43 - azureml.training.tabular.score._validation.log_classification_debug:194 - Classification metrics debug: {'y_test': (248,), 'y_pred_probs': (248, 2), 'unique_y_test': (2,), 'class_labels': (2,), 'train_labels': (2,), 'n_missing_train': 0, 'n_missing_valid': 0, 'sample_weight': None}
2026-02-25 09:50:46.724 - INFO - 43 - azureml.training.tabular.score._validation.log_classification_debug:194 - Classification metrics debug: {'y_test': (248,), 'y_pred_probs': (248, 2), 'unique_y_test': (2,), 'class_labels': (2,), 'train_labels': (2,), 'n_missing_train': 0, 'n_missing_valid': 0, 'sample_weight': None}
2026-02-25 09:50:46.724 - INFO - 43 - azureml.training.tabular.score._scoring_utilities.__init__:522 - No positive_label provided but detected a binary classification task
2026-02-25 09:50:46.724 - INFO - 43 - azureml.training.tabular.score._scoring_utilities.__init__:522 - No positive_label provided but detected a binary classification task
2026-02-25 09:50:46.726 - INFO - 43 - azureml.training.tabular.score._validation.log_classification_debug:194 - Classification metrics debug: {'y_test': (248,), 'y_pred_probs': (248, 2), 'unique_y_test': (2,), 'class_labels': (2,), 'train_labels': (2,), 'n_missing_train': 0, 'n_missing_valid': 0, 'sample_weight': None}
2026-02-25 09:50:46.726 - INFO - 43 - azureml.training.tabular.score._validation.log_classification_debug:194 - Classification metrics debug: {'y_test': (248,), 'y_pred_probs': (248, 2), 'unique_y_test': (2,), 'class_labels': (2,), 'train_labels': (2,), 'n_missing_train': 0, 'n_missing_valid': 0, 'sample_weight': None}
2026-02-25 09:50:46.727 - INFO - 43 - azureml.training.tabular.score._scoring_utilities.__init__:522 - No positive_label provided but detected a binary classification task
2026-02-25 09:50:46.727 - INFO - 43 - azureml.training.tabular.score._scoring_utilities.__init__:522 - No positive_label provided but detected a binary classification task
2026-02-25 09:50:46.729 - INFO - 43 - azureml.training.tabular.score._validation.log_classification_debug:194 - Classification metrics debug: {'y_test': (248,), 'y_pred_probs': (248, 2), 'unique_y_test': (2,), 'class_labels': (2,), 'train_labels': (2,), 'n_missing_train': 0, 'n_missing_valid': 0, 'sample_weight': None}
2026-02-25 09:50:46.729 - INFO - 43 - azureml.training.tabular.score._validation.log_classification_debug:194 - Classification metrics debug: {'y_test': (248,), 'y_pred_probs': (248, 2), 'unique_y_test': (2,), 'class_labels': (2,), 'train_labels': (2,), 'n_missing_train': 0, 'n_missing_valid': 0, 'sample_weight': None}
2026-02-25 09:50:46.729 - INFO - 43 - azureml.training.tabular.score._scoring_utilities.__init__:522 - No positive_label provided but detected a binary classification task
2026-02-25 09:50:46.729 - INFO - 43 - azureml.training.tabular.score._scoring_utilities.__init__:522 - No positive_label provided but detected a binary classification task
2026-02-25 09:50:46.731 - INFO - 43 - azureml.training.tabular.score._validation.log_classification_debug:194 - Classification metrics debug: {'y_test': (248,), 'y_pred_probs': (248, 2), 'unique_y_test': (2,), 'class_labels': (2,), 'train_labels': (2,), 'n_missing_train': 0, 'n_missing_valid': 0, 'sample_weight': None}
2026-02-25 09:50:46.731 - INFO - 43 - azureml.training.tabular.score._validation.log_classification_debug:194 - Classification metrics debug: {'y_test': (248,), 'y_pred_probs': (248, 2), 'unique_y_test': (2,), 'class_labels': (2,), 'train_labels': (2,), 'n_missing_train': 0, 'n_missing_valid': 0, 'sample_weight': None}
2026-02-25 09:50:46.732 - INFO - 43 - azureml.training.tabular.score._scoring_utilities.__init__:522 - No positive_label provided but detected a binary classification task
2026-02-25 09:50:46.732 - INFO - 43 - azureml.training.tabular.score._scoring_utilities.__init__:522 - No positive_label provided but detected a binary classification task
2026-02-25 09:50:46.733 - INFO - 43 - azureml.training.tabular.score._validation.log_classification_debug:194 - Classification metrics debug: {'y_test': (248,), 'y_pred_probs': (248, 2), 'unique_y_test': (2,), 'class_labels': (2,), 'train_labels': (2,), 'n_missing_train': 0, 'n_missing_valid': 0, 'sample_weight': None}
2026-02-25 09:50:46.733 - INFO - 43 - azureml.training.tabular.score._validation.log_classification_debug:194 - Classification metrics debug: {'y_test': (248,), 'y_pred_probs': (248, 2), 'unique_y_test': (2,), 'class_labels': (2,), 'train_labels': (2,), 'n_missing_train': 0, 'n_missing_valid': 0, 'sample_weight': None}
2026-02-25 09:50:46.734 - INFO - 43 - azureml.training.tabular.score._scoring_utilities.__init__:522 - No positive_label provided but detected a binary classification task
2026-02-25 09:50:46.734 - INFO - 43 - azureml.training.tabular.score._scoring_utilities.__init__:522 - No positive_label provided but detected a binary classification task
2026-02-25 09:50:46.745 - INFO - 43 - azureml.training.tabular.score._validation.log_classification_debug:194 - Classification metrics debug: {'y_test': (248,), 'y_pred_probs': (248, 2), 'unique_y_test': (2,), 'class_labels': (2,), 'train_labels': (2,), 'n_missing_train': 0, 'n_missing_valid': 0, 'sample_weight': None}
2026-02-25 09:50:46.745 - INFO - 43 - azureml.training.tabular.score._validation.log_classification_debug:194 - Classification metrics debug: {'y_test': (248,), 'y_pred_probs': (248, 2), 'unique_y_test': (2,), 'class_labels': (2,), 'train_labels': (2,), 'n_missing_train': 0, 'n_missing_valid': 0, 'sample_weight': None}
2026-02-25 09:50:46.745 - INFO - 43 - azureml.training.tabular.score._scoring_utilities.__init__:522 - No positive_label provided but detected a binary classification task
2026-02-25 09:50:46.745 - INFO - 43 - azureml.training.tabular.score._scoring_utilities.__init__:522 - No positive_label provided but detected a binary classification task
2026-02-25 09:50:46.747 - INFO - 43 - azureml.training.tabular.score._validation.log_classification_debug:194 - Classification metrics debug: {'y_test': (248,), 'y_pred_probs': (248, 2), 'unique_y_test': (2,), 'class_labels': (2,), 'train_labels': (2,), 'n_missing_train': 0, 'n_missing_valid': 0, 'sample_weight': None}
2026-02-25 09:50:46.747 - INFO - 43 - azureml.training.tabular.score._validation.log_classification_debug:194 - Classification metrics debug: {'y_test': (248,), 'y_pred_probs': (248, 2), 'unique_y_test': (2,), 'class_labels': (2,), 'train_labels': (2,), 'n_missing_train': 0, 'n_missing_valid': 0, 'sample_weight': None}
2026-02-25 09:50:46.748 - INFO - 43 - azureml.training.tabular.score._scoring_utilities.__init__:522 - No positive_label provided but detected a binary classification task
2026-02-25 09:50:46.748 - INFO - 43 - azureml.training.tabular.score._scoring_utilities.__init__:522 - No positive_label provided but detected a binary classification task
2026-02-25 09:50:46.750 - INFO - 43 - azureml.training.tabular.score._validation.log_classification_debug:194 - Classification metrics debug: {'y_test': (248,), 'y_pred_probs': (248, 2), 'unique_y_test': (2,), 'class_labels': (2,), 'train_labels': (2,), 'n_missing_train': 0, 'n_missing_valid': 0, 'sample_weight': None}
2026-02-25 09:50:46.750 - INFO - 43 - azureml.training.tabular.score._validation.log_classification_debug:194 - Classification metrics debug: {'y_test': (248,), 'y_pred_probs': (248, 2), 'unique_y_test': (2,), 'class_labels': (2,), 'train_labels': (2,), 'n_missing_train': 0, 'n_missing_valid': 0, 'sample_weight': None}
2026-02-25 09:50:46.750 - INFO - 43 - azureml.training.tabular.score._scoring_utilities.__init__:522 - No positive_label provided but detected a binary classification task
2026-02-25 09:50:46.750 - INFO - 43 - azureml.training.tabular.score._scoring_utilities.__init__:522 - No positive_label provided but detected a binary classification task
2026-02-25 09:50:46.752 - INFO - 43 - azureml.training.tabular.score._validation.log_classification_debug:194 - Classification metrics debug: {'y_test': (248,), 'y_pred_probs': (248, 2), 'unique_y_test': (2,), 'class_labels': (2,), 'train_labels': (2,), 'n_missing_train': 0, 'n_missing_valid': 0, 'sample_weight': None}
2026-02-25 09:50:46.752 - INFO - 43 - azureml.training.tabular.score._validation.log_classification_debug:194 - Classification metrics debug: {'y_test': (248,), 'y_pred_probs': (248, 2), 'unique_y_test': (2,), 'class_labels': (2,), 'train_labels': (2,), 'n_missing_train': 0, 'n_missing_valid': 0, 'sample_weight': None}
2026-02-25 09:50:46.753 - INFO - 43 - azureml.training.tabular.score._scoring_utilities.__init__:522 - No positive_label provided but detected a binary classification task
2026-02-25 09:50:46.753 - INFO - 43 - azureml.training.tabular.score._scoring_utilities.__init__:522 - No positive_label provided but detected a binary classification task
2026-02-25 09:50:46.754 - INFO - 43 - azureml.training.tabular.score._validation.log_classification_debug:194 - Classification metrics debug: {'y_test': (248,), 'y_pred_probs': (248, 2), 'unique_y_test': (2,), 'class_labels': (2,), 'train_labels': (2,), 'n_missing_train': 0, 'n_missing_valid': 0, 'sample_weight': None}
2026-02-25 09:50:46.754 - INFO - 43 - azureml.training.tabular.score._validation.log_classification_debug:194 - Classification metrics debug: {'y_test': (248,), 'y_pred_probs': (248, 2), 'unique_y_test': (2,), 'class_labels': (2,), 'train_labels': (2,), 'n_missing_train': 0, 'n_missing_valid': 0, 'sample_weight': None}
2026-02-25 09:50:46.755 - INFO - 43 - azureml.training.tabular.score._scoring_utilities.__init__:522 - No positive_label provided but detected a binary classification task
2026-02-25 09:50:46.755 - INFO - 43 - azureml.training.tabular.score._scoring_utilities.__init__:522 - No positive_label provided but detected a binary classification task
2026-02-25 09:50:46.757 - INFO - 43 - azureml.training.tabular.score._validation.log_classification_debug:194 - Classification metrics debug: {'y_test': (248,), 'y_pred_probs': (248, 2), 'unique_y_test': (2,), 'class_labels': (2,), 'train_labels': (2,), 'n_missing_train': 0, 'n_missing_valid': 0, 'sample_weight': None}
2026-02-25 09:50:46.757 - INFO - 43 - azureml.training.tabular.score._validation.log_classification_debug:194 - Classification metrics debug: {'y_test': (248,), 'y_pred_probs': (248, 2), 'unique_y_test': (2,), 'class_labels': (2,), 'train_labels': (2,), 'n_missing_train': 0, 'n_missing_valid': 0, 'sample_weight': None}
2026-02-25 09:50:46.757 - INFO - 43 - azureml.training.tabular.score._scoring_utilities.__init__:522 - No positive_label provided but detected a binary classification task
2026-02-25 09:50:46.757 - INFO - 43 - azureml.training.tabular.score._scoring_utilities.__init__:522 - No positive_label provided but detected a binary classification task
2026-02-25 09:50:46.759 - INFO - 43 - azureml.training.tabular.score._validation.log_classification_debug:194 - Classification metrics debug: {'y_test': (248,), 'y_pred_probs': (248, 2), 'unique_y_test': (2,), 'class_labels': (2,), 'train_labels': (2,), 'n_missing_train': 0, 'n_missing_valid': 0, 'sample_weight': None}
2026-02-25 09:50:46.759 - INFO - 43 - azureml.training.tabular.score._validation.log_classification_debug:194 - Classification metrics debug: {'y_test': (248,), 'y_pred_probs': (248, 2), 'unique_y_test': (2,), 'class_labels': (2,), 'train_labels': (2,), 'n_missing_train': 0, 'n_missing_valid': 0, 'sample_weight': None}
2026-02-25 09:50:46.760 - INFO - 43 - azureml.training.tabular.score._scoring_utilities.__init__:522 - No positive_label provided but detected a binary classification task
2026-02-25 09:50:46.760 - INFO - 43 - azureml.training.tabular.score._scoring_utilities.__init__:522 - No positive_label provided but detected a binary classification task
2026-02-25 09:50:46.761 - INFO - 43 - azureml.training.tabular.score._validation.log_classification_debug:194 - Classification metrics debug: {'y_test': (248,), 'y_pred_probs': (248, 2), 'unique_y_test': (2,), 'class_labels': (2,), 'train_labels': (2,), 'n_missing_train': 0, 'n_missing_valid': 0, 'sample_weight': None}
2026-02-25 09:50:46.761 - INFO - 43 - azureml.training.tabular.score._validation.log_classification_debug:194 - Classification metrics debug: {'y_test': (248,), 'y_pred_probs': (248, 2), 'unique_y_test': (2,), 'class_labels': (2,), 'train_labels': (2,), 'n_missing_train': 0, 'n_missing_valid': 0, 'sample_weight': None}
2026-02-25 09:50:46.762 - INFO - 43 - azureml.training.tabular.score._scoring_utilities.__init__:522 - No positive_label provided but detected a binary classification task
2026-02-25 09:50:46.762 - INFO - 43 - azureml.training.tabular.score._scoring_utilities.__init__:522 - No positive_label provided but detected a binary classification task
2026-02-25 09:50:46.764 - INFO - 43 - azureml.training.tabular.score._validation.log_classification_debug:194 - Classification metrics debug: {'y_test': (248,), 'y_pred_probs': (248, 2), 'unique_y_test': (2,), 'class_labels': (2,), 'train_labels': (2,), 'n_missing_train': 0, 'n_missing_valid': 0, 'sample_weight': None}
2026-02-25 09:50:46.764 - INFO - 43 - azureml.training.tabular.score._validation.log_classification_debug:194 - Classification metrics debug: {'y_test': (248,), 'y_pred_probs': (248, 2), 'unique_y_test': (2,), 'class_labels': (2,), 'train_labels': (2,), 'n_missing_train': 0, 'n_missing_valid': 0, 'sample_weight': None}
2026-02-25 09:50:46.764 - INFO - 43 - azureml.training.tabular.score._scoring_utilities.__init__:522 - No positive_label provided but detected a binary classification task
2026-02-25 09:50:46.764 - INFO - 43 - azureml.training.tabular.score._scoring_utilities.__init__:522 - No positive_label provided but detected a binary classification task
2026-02-25 09:50:46.766 - INFO - 43 - azureml.training.tabular.score._validation.log_classification_debug:194 - Classification metrics debug: {'y_test': (248,), 'y_pred_probs': (248, 2), 'unique_y_test': (2,), 'class_labels': (2,), 'train_labels': (2,), 'n_missing_train': 0, 'n_missing_valid': 0, 'sample_weight': None}
2026-02-25 09:50:46.766 - INFO - 43 - azureml.training.tabular.score._validation.log_classification_debug:194 - Classification metrics debug: {'y_test': (248,), 'y_pred_probs': (248, 2), 'unique_y_test': (2,), 'class_labels': (2,), 'train_labels': (2,), 'n_missing_train': 0, 'n_missing_valid': 0, 'sample_weight': None}
2026-02-25 09:50:46.767 - INFO - 43 - azureml.training.tabular.score._scoring_utilities.__init__:522 - No positive_label provided but detected a binary classification task
2026-02-25 09:50:46.767 - INFO - 43 - azureml.training.tabular.score._scoring_utilities.__init__:522 - No positive_label provided but detected a binary classification task
2026-02-25 09:50:46.780 - INFO - 43 - azureml.training.tabular.score._validation.log_classification_debug:194 - Classification metrics debug: {'y_test': (248,), 'y_pred_probs': (248, 2), 'unique_y_test': (2,), 'class_labels': (2,), 'train_labels': (2,), 'n_missing_train': 0, 'n_missing_valid': 0, 'sample_weight': None}
2026-02-25 09:50:46.780 - INFO - 43 - azureml.training.tabular.score._validation.log_classification_debug:194 - Classification metrics debug: {'y_test': (248,), 'y_pred_probs': (248, 2), 'unique_y_test': (2,), 'class_labels': (2,), 'train_labels': (2,), 'n_missing_train': 0, 'n_missing_valid': 0, 'sample_weight': None}
2026-02-25 09:50:46.780 - INFO - 43 - azureml.training.tabular.score._scoring_utilities.__init__:522 - No positive_label provided but detected a binary classification task
2026-02-25 09:50:46.780 - INFO - 43 - azureml.training.tabular.score._scoring_utilities.__init__:522 - No positive_label provided but detected a binary classification task
2026-02-25 09:50:46.782 - INFO - 43 - azureml.training.tabular.score._validation.log_classification_debug:194 - Classification metrics debug: {'y_test': (248,), 'y_pred_probs': (248, 2), 'unique_y_test': (2,), 'class_labels': (2,), 'train_labels': (2,), 'n_missing_train': 0, 'n_missing_valid': 0, 'sample_weight': None}
2026-02-25 09:50:46.782 - INFO - 43 - azureml.training.tabular.score._validation.log_classification_debug:194 - Classification metrics debug: {'y_test': (248,), 'y_pred_probs': (248, 2), 'unique_y_test': (2,), 'class_labels': (2,), 'train_labels': (2,), 'n_missing_train': 0, 'n_missing_valid': 0, 'sample_weight': None}
2026-02-25 09:50:46.783 - INFO - 43 - azureml.training.tabular.score._scoring_utilities.__init__:522 - No positive_label provided but detected a binary classification task
2026-02-25 09:50:46.783 - INFO - 43 - azureml.training.tabular.score._scoring_utilities.__init__:522 - No positive_label provided but detected a binary classification task
2026-02-25 09:50:46.784 - INFO - 43 - azureml.training.tabular.score._validation.log_classification_debug:194 - Classification metrics debug: {'y_test': (248,), 'y_pred_probs': (248, 2), 'unique_y_test': (2,), 'class_labels': (2,), 'train_labels': (2,), 'n_missing_train': 0, 'n_missing_valid': 0, 'sample_weight': None}
2026-02-25 09:50:46.784 - INFO - 43 - azureml.training.tabular.score._validation.log_classification_debug:194 - Classification metrics debug: {'y_test': (248,), 'y_pred_probs': (248, 2), 'unique_y_test': (2,), 'class_labels': (2,), 'train_labels': (2,), 'n_missing_train': 0, 'n_missing_valid': 0, 'sample_weight': None}
2026-02-25 09:50:46.785 - INFO - 43 - azureml.training.tabular.score._scoring_utilities.__init__:522 - No positive_label provided but detected a binary classification task
2026-02-25 09:50:46.785 - INFO - 43 - azureml.training.tabular.score._scoring_utilities.__init__:522 - No positive_label provided but detected a binary classification task
2026-02-25 09:50:46.787 - INFO - 43 - azureml.training.tabular.score._validation.log_classification_debug:194 - Classification metrics debug: {'y_test': (248,), 'y_pred_probs': (248, 2), 'unique_y_test': (2,), 'class_labels': (2,), 'train_labels': (2,), 'n_missing_train': 0, 'n_missing_valid': 0, 'sample_weight': None}
2026-02-25 09:50:46.787 - INFO - 43 - azureml.training.tabular.score._validation.log_classification_debug:194 - Classification metrics debug: {'y_test': (248,), 'y_pred_probs': (248, 2), 'unique_y_test': (2,), 'class_labels': (2,), 'train_labels': (2,), 'n_missing_train': 0, 'n_missing_valid': 0, 'sample_weight': None}
2026-02-25 09:50:46.787 - INFO - 43 - azureml.training.tabular.score._scoring_utilities.__init__:522 - No positive_label provided but detected a binary classification task
2026-02-25 09:50:46.787 - INFO - 43 - azureml.training.tabular.score._scoring_utilities.__init__:522 - No positive_label provided but detected a binary classification task
2026-02-25 09:50:46.789 - INFO - 43 - azureml.training.tabular.score._validation.log_classification_debug:194 - Classification metrics debug: {'y_test': (248,), 'y_pred_probs': (248, 2), 'unique_y_test': (2,), 'class_labels': (2,), 'train_labels': (2,), 'n_missing_train': 0, 'n_missing_valid': 0, 'sample_weight': None}
2026-02-25 09:50:46.789 - INFO - 43 - azureml.training.tabular.score._validation.log_classification_debug:194 - Classification metrics debug: {'y_test': (248,), 'y_pred_probs': (248, 2), 'unique_y_test': (2,), 'class_labels': (2,), 'train_labels': (2,), 'n_missing_train': 0, 'n_missing_valid': 0, 'sample_weight': None}
2026-02-25 09:50:46.790 - INFO - 43 - azureml.training.tabular.score._scoring_utilities.__init__:522 - No positive_label provided but detected a binary classification task
2026-02-25 09:50:46.790 - INFO - 43 - azureml.training.tabular.score._scoring_utilities.__init__:522 - No positive_label provided but detected a binary classification task
2026-02-25 09:50:46.792 - INFO - 43 - azureml.training.tabular.score._validation.log_classification_debug:194 - Classification metrics debug: {'y_test': (248,), 'y_pred_probs': (248, 2), 'unique_y_test': (2,), 'class_labels': (2,), 'train_labels': (2,), 'n_missing_train': 0, 'n_missing_valid': 0, 'sample_weight': None}
2026-02-25 09:50:46.792 - INFO - 43 - azureml.training.tabular.score._validation.log_classification_debug:194 - Classification metrics debug: {'y_test': (248,), 'y_pred_probs': (248, 2), 'unique_y_test': (2,), 'class_labels': (2,), 'train_labels': (2,), 'n_missing_train': 0, 'n_missing_valid': 0, 'sample_weight': None}
2026-02-25 09:50:46.792 - INFO - 43 - azureml.training.tabular.score._scoring_utilities.__init__:522 - No positive_label provided but detected a binary classification task
2026-02-25 09:50:46.792 - INFO - 43 - azureml.training.tabular.score._scoring_utilities.__init__:522 - No positive_label provided but detected a binary classification task
2026-02-25 09:50:46.794 - INFO - 43 - azureml.training.tabular.score._validation.log_classification_debug:194 - Classification metrics debug: {'y_test': (248,), 'y_pred_probs': (248, 2), 'unique_y_test': (2,), 'class_labels': (2,), 'train_labels': (2,), 'n_missing_train': 0, 'n_missing_valid': 0, 'sample_weight': None}
2026-02-25 09:50:46.794 - INFO - 43 - azureml.training.tabular.score._validation.log_classification_debug:194 - Classification metrics debug: {'y_test': (248,), 'y_pred_probs': (248, 2), 'unique_y_test': (2,), 'class_labels': (2,), 'train_labels': (2,), 'n_missing_train': 0, 'n_missing_valid': 0, 'sample_weight': None}
2026-02-25 09:50:46.795 - INFO - 43 - azureml.training.tabular.score._scoring_utilities.__init__:522 - No positive_label provided but detected a binary classification task
2026-02-25 09:50:46.795 - INFO - 43 - azureml.training.tabular.score._scoring_utilities.__init__:522 - No positive_label provided but detected a binary classification task
2026-02-25 09:50:46.797 - INFO - 43 - azureml.training.tabular.score._validation.log_classification_debug:194 - Classification metrics debug: {'y_test': (248,), 'y_pred_probs': (248, 2), 'unique_y_test': (2,), 'class_labels': (2,), 'train_labels': (2,), 'n_missing_train': 0, 'n_missing_valid': 0, 'sample_weight': None}
2026-02-25 09:50:46.797 - INFO - 43 - azureml.training.tabular.score._validation.log_classification_debug:194 - Classification metrics debug: {'y_test': (248,), 'y_pred_probs': (248, 2), 'unique_y_test': (2,), 'class_labels': (2,), 'train_labels': (2,), 'n_missing_train': 0, 'n_missing_valid': 0, 'sample_weight': None}
2026-02-25 09:50:46.798 - INFO - 43 - azureml.training.tabular.score._scoring_utilities.__init__:522 - No positive_label provided but detected a binary classification task
2026-02-25 09:50:46.798 - INFO - 43 - azureml.training.tabular.score._scoring_utilities.__init__:522 - No positive_label provided but detected a binary classification task
2026-02-25 09:50:46.799 - INFO - 43 - azureml.training.tabular.score._validation.log_classification_debug:194 - Classification metrics debug: {'y_test': (248,), 'y_pred_probs': (248, 2), 'unique_y_test': (2,), 'class_labels': (2,), 'train_labels': (2,), 'n_missing_train': 0, 'n_missing_valid': 0, 'sample_weight': None}
2026-02-25 09:50:46.799 - INFO - 43 - azureml.training.tabular.score._validation.log_classification_debug:194 - Classification metrics debug: {'y_test': (248,), 'y_pred_probs': (248, 2), 'unique_y_test': (2,), 'class_labels': (2,), 'train_labels': (2,), 'n_missing_train': 0, 'n_missing_valid': 0, 'sample_weight': None}
2026-02-25 09:50:46.800 - INFO - 43 - azureml.training.tabular.score._scoring_utilities.__init__:522 - No positive_label provided but detected a binary classification task
2026-02-25 09:50:46.800 - INFO - 43 - azureml.training.tabular.score._scoring_utilities.__init__:522 - No positive_label provided but detected a binary classification task
2026-02-25 09:50:46.802 - INFO - 43 - azureml.training.tabular.score._validation.log_classification_debug:194 - Classification metrics debug: {'y_test': (248,), 'y_pred_probs': (248, 2), 'unique_y_test': (2,), 'class_labels': (2,), 'train_labels': (2,), 'n_missing_train': 0, 'n_missing_valid': 0, 'sample_weight': None}
2026-02-25 09:50:46.802 - INFO - 43 - azureml.training.tabular.score._validation.log_classification_debug:194 - Classification metrics debug: {'y_test': (248,), 'y_pred_probs': (248, 2), 'unique_y_test': (2,), 'class_labels': (2,), 'train_labels': (2,), 'n_missing_train': 0, 'n_missing_valid': 0, 'sample_weight': None}
2026-02-25 09:50:46.802 - INFO - 43 - azureml.training.tabular.score._scoring_utilities.__init__:522 - No positive_label provided but detected a binary classification task
2026-02-25 09:50:46.802 - INFO - 43 - azureml.training.tabular.score._scoring_utilities.__init__:522 - No positive_label provided but detected a binary classification task
2026-02-25 09:50:46.817 - INFO - 43 - azureml.training.tabular.score._validation.log_classification_debug:194 - Classification metrics debug: {'y_test': (199,), 'y_pred_probs': (199, 2), 'unique_y_test': (2,), 'class_labels': (2,), 'train_labels': (2,), 'n_missing_train': 0, 'n_missing_valid': 0, 'sample_weight': None}
2026-02-25 09:50:46.817 - INFO - 43 - azureml.training.tabular.score._validation.log_classification_debug:194 - Classification metrics debug: {'y_test': (199,), 'y_pred_probs': (199, 2), 'unique_y_test': (2,), 'class_labels': (2,), 'train_labels': (2,), 'n_missing_train': 0, 'n_missing_valid': 0, 'sample_weight': None}
2026-02-25 09:50:46.817 - INFO - 43 - azureml.training.tabular.score._scoring_utilities.__init__:522 - No positive_label provided but detected a binary classification task
2026-02-25 09:50:46.817 - INFO - 43 - azureml.training.tabular.score._scoring_utilities.__init__:522 - No positive_label provided but detected a binary classification task
2026-02-25 09:50:46.819 - INFO - 43 - azureml.training.tabular.score._validation.log_classification_debug:194 - Classification metrics debug: {'y_test': (199,), 'y_pred_probs': (199, 2), 'unique_y_test': (2,), 'class_labels': (2,), 'train_labels': (2,), 'n_missing_train': 0, 'n_missing_valid': 0, 'sample_weight': None}
2026-02-25 09:50:46.819 - INFO - 43 - azureml.training.tabular.score._validation.log_classification_debug:194 - Classification metrics debug: {'y_test': (199,), 'y_pred_probs': (199, 2), 'unique_y_test': (2,), 'class_labels': (2,), 'train_labels': (2,), 'n_missing_train': 0, 'n_missing_valid': 0, 'sample_weight': None}
2026-02-25 09:50:46.820 - INFO - 43 - azureml.training.tabular.score._scoring_utilities.__init__:522 - No positive_label provided but detected a binary classification task
2026-02-25 09:50:46.820 - INFO - 43 - azureml.training.tabular.score._scoring_utilities.__init__:522 - No positive_label provided but detected a binary classification task
2026-02-25 09:50:46.821 - INFO - 43 - azureml.training.tabular.score._validation.log_classification_debug:194 - Classification metrics debug: {'y_test': (199,), 'y_pred_probs': (199, 2), 'unique_y_test': (2,), 'class_labels': (2,), 'train_labels': (2,), 'n_missing_train': 0, 'n_missing_valid': 0, 'sample_weight': None}
2026-02-25 09:50:46.821 - INFO - 43 - azureml.training.tabular.score._validation.log_classification_debug:194 - Classification metrics debug: {'y_test': (199,), 'y_pred_probs': (199, 2), 'unique_y_test': (2,), 'class_labels': (2,), 'train_labels': (2,), 'n_missing_train': 0, 'n_missing_valid': 0, 'sample_weight': None}
2026-02-25 09:50:46.822 - INFO - 43 - azureml.training.tabular.score._scoring_utilities.__init__:522 - No positive_label provided but detected a binary classification task
2026-02-25 09:50:46.822 - INFO - 43 - azureml.training.tabular.score._scoring_utilities.__init__:522 - No positive_label provided but detected a binary classification task
2026-02-25 09:50:46.824 - INFO - 43 - azureml.training.tabular.score._validation.log_classification_debug:194 - Classification metrics debug: {'y_test': (199,), 'y_pred_probs': (199, 2), 'unique_y_test': (2,), 'class_labels': (2,), 'train_labels': (2,), 'n_missing_train': 0, 'n_missing_valid': 0, 'sample_weight': None}
2026-02-25 09:50:46.824 - INFO - 43 - azureml.training.tabular.score._validation.log_classification_debug:194 - Classification metrics debug: {'y_test': (199,), 'y_pred_probs': (199, 2), 'unique_y_test': (2,), 'class_labels': (2,), 'train_labels': (2,), 'n_missing_train': 0, 'n_missing_valid': 0, 'sample_weight': None}
2026-02-25 09:50:46.824 - INFO - 43 - azureml.training.tabular.score._scoring_utilities.__init__:522 - No positive_label provided but detected a binary classification task
2026-02-25 09:50:46.824 - INFO - 43 - azureml.training.tabular.score._scoring_utilities.__init__:522 - No positive_label provided but detected a binary classification task
2026-02-25 09:50:46.826 - INFO - 43 - azureml.training.tabular.score._validation.log_classification_debug:194 - Classification metrics debug: {'y_test': (199,), 'y_pred_probs': (199, 2), 'unique_y_test': (2,), 'class_labels': (2,), 'train_labels': (2,), 'n_missing_train': 0, 'n_missing_valid': 0, 'sample_weight': None}
2026-02-25 09:50:46.826 - INFO - 43 - azureml.training.tabular.score._validation.log_classification_debug:194 - Classification metrics debug: {'y_test': (199,), 'y_pred_probs': (199, 2), 'unique_y_test': (2,), 'class_labels': (2,), 'train_labels': (2,), 'n_missing_train': 0, 'n_missing_valid': 0, 'sample_weight': None}
2026-02-25 09:50:46.827 - INFO - 43 - azureml.training.tabular.score._scoring_utilities.__init__:522 - No positive_label provided but detected a binary classification task
2026-02-25 09:50:46.827 - INFO - 43 - azureml.training.tabular.score._scoring_utilities.__init__:522 - No positive_label provided but detected a binary classification task
2026-02-25 09:50:46.828 - INFO - 43 - azureml.training.tabular.score._validation.log_classification_debug:194 - Classification metrics debug: {'y_test': (199,), 'y_pred_probs': (199, 2), 'unique_y_test': (2,), 'class_labels': (2,), 'train_labels': (2,), 'n_missing_train': 0, 'n_missing_valid': 0, 'sample_weight': None}
2026-02-25 09:50:46.828 - INFO - 43 - azureml.training.tabular.score._validation.log_classification_debug:194 - Classification metrics debug: {'y_test': (199,), 'y_pred_probs': (199, 2), 'unique_y_test': (2,), 'class_labels': (2,), 'train_labels': (2,), 'n_missing_train': 0, 'n_missing_valid': 0, 'sample_weight': None}
2026-02-25 09:50:46.829 - INFO - 43 - azureml.training.tabular.score._scoring_utilities.__init__:522 - No positive_label provided but detected a binary classification task
2026-02-25 09:50:46.829 - INFO - 43 - azureml.training.tabular.score._scoring_utilities.__init__:522 - No positive_label provided but detected a binary classification task
2026-02-25 09:50:46.831 - INFO - 43 - azureml.training.tabular.score._validation.log_classification_debug:194 - Classification metrics debug: {'y_test': (199,), 'y_pred_probs': (199, 2), 'unique_y_test': (2,), 'class_labels': (2,), 'train_labels': (2,), 'n_missing_train': 0, 'n_missing_valid': 0, 'sample_weight': None}
2026-02-25 09:50:46.831 - INFO - 43 - azureml.training.tabular.score._validation.log_classification_debug:194 - Classification metrics debug: {'y_test': (199,), 'y_pred_probs': (199, 2), 'unique_y_test': (2,), 'class_labels': (2,), 'train_labels': (2,), 'n_missing_train': 0, 'n_missing_valid': 0, 'sample_weight': None}
2026-02-25 09:50:46.831 - INFO - 43 - azureml.training.tabular.score._scoring_utilities.__init__:522 - No positive_label provided but detected a binary classification task
2026-02-25 09:50:46.831 - INFO - 43 - azureml.training.tabular.score._scoring_utilities.__init__:522 - No positive_label provided but detected a binary classification task
2026-02-25 09:50:46.833 - INFO - 43 - azureml.training.tabular.score._validation.log_classification_debug:194 - Classification metrics debug: {'y_test': (199,), 'y_pred_probs': (199, 2), 'unique_y_test': (2,), 'class_labels': (2,), 'train_labels': (2,), 'n_missing_train': 0, 'n_missing_valid': 0, 'sample_weight': None}
2026-02-25 09:50:46.833 - INFO - 43 - azureml.training.tabular.score._validation.log_classification_debug:194 - Classification metrics debug: {'y_test': (199,), 'y_pred_probs': (199, 2), 'unique_y_test': (2,), 'class_labels': (2,), 'train_labels': (2,), 'n_missing_train': 0, 'n_missing_valid': 0, 'sample_weight': None}
2026-02-25 09:50:46.834 - INFO - 43 - azureml.training.tabular.score._scoring_utilities.__init__:522 - No positive_label provided but detected a binary classification task
2026-02-25 09:50:46.834 - INFO - 43 - azureml.training.tabular.score._scoring_utilities.__init__:522 - No positive_label provided but detected a binary classification task
2026-02-25 09:50:46.838 - INFO - 43 - azureml.training.tabular.score._validation.log_classification_debug:194 - Classification metrics debug: {'y_test': (199,), 'y_pred_probs': (199, 2), 'unique_y_test': (2,), 'class_labels': (2,), 'train_labels': (2,), 'n_missing_train': 0, 'n_missing_valid': 0, 'sample_weight': None}
2026-02-25 09:50:46.838 - INFO - 43 - azureml.training.tabular.score._validation.log_classification_debug:194 - Classification metrics debug: {'y_test': (199,), 'y_pred_probs': (199, 2), 'unique_y_test': (2,), 'class_labels': (2,), 'train_labels': (2,), 'n_missing_train': 0, 'n_missing_valid': 0, 'sample_weight': None}
2026-02-25 09:50:46.838 - INFO - 43 - azureml.training.tabular.score._scoring_utilities.__init__:522 - No positive_label provided but detected a binary classification task
2026-02-25 09:50:46.838 - INFO - 43 - azureml.training.tabular.score._scoring_utilities.__init__:522 - No positive_label provided but detected a binary classification task
2026-02-25 09:50:46.840 - INFO - 43 - azureml.training.tabular.score._validation.log_classification_debug:194 - Classification metrics debug: {'y_test': (199,), 'y_pred_probs': (199, 2), 'unique_y_test': (2,), 'class_labels': (2,), 'train_labels': (2,), 'n_missing_train': 0, 'n_missing_valid': 0, 'sample_weight': None}
2026-02-25 09:50:46.840 - INFO - 43 - azureml.training.tabular.score._validation.log_classification_debug:194 - Classification metrics debug: {'y_test': (199,), 'y_pred_probs': (199, 2), 'unique_y_test': (2,), 'class_labels': (2,), 'train_labels': (2,), 'n_missing_train': 0, 'n_missing_valid': 0, 'sample_weight': None}
2026-02-25 09:50:46.841 - INFO - 43 - azureml.training.tabular.score._scoring_utilities.__init__:522 - No positive_label provided but detected a binary classification task
2026-02-25 09:50:46.841 - INFO - 43 - azureml.training.tabular.score._scoring_utilities.__init__:522 - No positive_label provided but detected a binary classification task
2026-02-25 09:50:46.852 - INFO - 43 - azureml.training.tabular.score._validation.log_classification_debug:194 - Classification metrics debug: {'y_test': (199,), 'y_pred_probs': (199, 2), 'unique_y_test': (2,), 'class_labels': (2,), 'train_labels': (2,), 'n_missing_train': 0, 'n_missing_valid': 0, 'sample_weight': None}
2026-02-25 09:50:46.852 - INFO - 43 - azureml.training.tabular.score._validation.log_classification_debug:194 - Classification metrics debug: {'y_test': (199,), 'y_pred_probs': (199, 2), 'unique_y_test': (2,), 'class_labels': (2,), 'train_labels': (2,), 'n_missing_train': 0, 'n_missing_valid': 0, 'sample_weight': None}
2026-02-25 09:50:46.852 - INFO - 43 - azureml.training.tabular.score._scoring_utilities.__init__:522 - No positive_label provided but detected a binary classification task
2026-02-25 09:50:46.852 - INFO - 43 - azureml.training.tabular.score._scoring_utilities.__init__:522 - No positive_label provided but detected a binary classification task
2026-02-25 09:50:46.854 - INFO - 43 - azureml.training.tabular.score._validation.log_classification_debug:194 - Classification metrics debug: {'y_test': (199,), 'y_pred_probs': (199, 2), 'unique_y_test': (2,), 'class_labels': (2,), 'train_labels': (2,), 'n_missing_train': 0, 'n_missing_valid': 0, 'sample_weight': None}
2026-02-25 09:50:46.854 - INFO - 43 - azureml.training.tabular.score._validation.log_classification_debug:194 - Classification metrics debug: {'y_test': (199,), 'y_pred_probs': (199, 2), 'unique_y_test': (2,), 'class_labels': (2,), 'train_labels': (2,), 'n_missing_train': 0, 'n_missing_valid': 0, 'sample_weight': None}
2026-02-25 09:50:46.855 - INFO - 43 - azureml.training.tabular.score._scoring_utilities.__init__:522 - No positive_label provided but detected a binary classification task
2026-02-25 09:50:46.855 - INFO - 43 - azureml.training.tabular.score._scoring_utilities.__init__:522 - No positive_label provided but detected a binary classification task
2026-02-25 09:50:46.857 - INFO - 43 - azureml.training.tabular.score._validation.log_classification_debug:194 - Classification metrics debug: {'y_test': (199,), 'y_pred_probs': (199, 2), 'unique_y_test': (2,), 'class_labels': (2,), 'train_labels': (2,), 'n_missing_train': 0, 'n_missing_valid': 0, 'sample_weight': None}
2026-02-25 09:50:46.857 - INFO - 43 - azureml.training.tabular.score._validation.log_classification_debug:194 - Classification metrics debug: {'y_test': (199,), 'y_pred_probs': (199, 2), 'unique_y_test': (2,), 'class_labels': (2,), 'train_labels': (2,), 'n_missing_train': 0, 'n_missing_valid': 0, 'sample_weight': None}
2026-02-25 09:50:46.857 - INFO - 43 - azureml.training.tabular.score._scoring_utilities.__init__:522 - No positive_label provided but detected a binary classification task
2026-02-25 09:50:46.857 - INFO - 43 - azureml.training.tabular.score._scoring_utilities.__init__:522 - No positive_label provided but detected a binary classification task
2026-02-25 09:50:46.859 - INFO - 43 - azureml.training.tabular.score._validation.log_classification_debug:194 - Classification metrics debug: {'y_test': (199,), 'y_pred_probs': (199, 2), 'unique_y_test': (2,), 'class_labels': (2,), 'train_labels': (2,), 'n_missing_train': 0, 'n_missing_valid': 0, 'sample_weight': None}
2026-02-25 09:50:46.859 - INFO - 43 - azureml.training.tabular.score._validation.log_classification_debug:194 - Classification metrics debug: {'y_test': (199,), 'y_pred_probs': (199, 2), 'unique_y_test': (2,), 'class_labels': (2,), 'train_labels': (2,), 'n_missing_train': 0, 'n_missing_valid': 0, 'sample_weight': None}
2026-02-25 09:50:46.860 - INFO - 43 - azureml.training.tabular.score._scoring_utilities.__init__:522 - No positive_label provided but detected a binary classification task
2026-02-25 09:50:46.860 - INFO - 43 - azureml.training.tabular.score._scoring_utilities.__init__:522 - No positive_label provided but detected a binary classification task
2026-02-25 09:50:46.862 - INFO - 43 - azureml.training.tabular.score._validation.log_classification_debug:194 - Classification metrics debug: {'y_test': (199,), 'y_pred_probs': (199, 2), 'unique_y_test': (2,), 'class_labels': (2,), 'train_labels': (2,), 'n_missing_train': 0, 'n_missing_valid': 0, 'sample_weight': None}
2026-02-25 09:50:46.862 - INFO - 43 - azureml.training.tabular.score._validation.log_classification_debug:194 - Classification metrics debug: {'y_test': (199,), 'y_pred_probs': (199, 2), 'unique_y_test': (2,), 'class_labels': (2,), 'train_labels': (2,), 'n_missing_train': 0, 'n_missing_valid': 0, 'sample_weight': None}
2026-02-25 09:50:46.862 - INFO - 43 - azureml.training.tabular.score._scoring_utilities.__init__:522 - No positive_label provided but detected a binary classification task
2026-02-25 09:50:46.862 - INFO - 43 - azureml.training.tabular.score._scoring_utilities.__init__:522 - No positive_label provided but detected a binary classification task
2026-02-25 09:50:46.864 - INFO - 43 - azureml.training.tabular.score._validation.log_classification_debug:194 - Classification metrics debug: {'y_test': (199,), 'y_pred_probs': (199, 2), 'unique_y_test': (2,), 'class_labels': (2,), 'train_labels': (2,), 'n_missing_train': 0, 'n_missing_valid': 0, 'sample_weight': None}
2026-02-25 09:50:46.864 - INFO - 43 - azureml.training.tabular.score._validation.log_classification_debug:194 - Classification metrics debug: {'y_test': (199,), 'y_pred_probs': (199, 2), 'unique_y_test': (2,), 'class_labels': (2,), 'train_labels': (2,), 'n_missing_train': 0, 'n_missing_valid': 0, 'sample_weight': None}
2026-02-25 09:50:46.865 - INFO - 43 - azureml.training.tabular.score._scoring_utilities.__init__:522 - No positive_label provided but detected a binary classification task
2026-02-25 09:50:46.865 - INFO - 43 - azureml.training.tabular.score._scoring_utilities.__init__:522 - No positive_label provided but detected a binary classification task
2026-02-25 09:50:46.867 - INFO - 43 - azureml.training.tabular.score._validation.log_classification_debug:194 - Classification metrics debug: {'y_test': (199,), 'y_pred_probs': (199, 2), 'unique_y_test': (2,), 'class_labels': (2,), 'train_labels': (2,), 'n_missing_train': 0, 'n_missing_valid': 0, 'sample_weight': None}
2026-02-25 09:50:46.867 - INFO - 43 - azureml.training.tabular.score._validation.log_classification_debug:194 - Classification metrics debug: {'y_test': (199,), 'y_pred_probs': (199, 2), 'unique_y_test': (2,), 'class_labels': (2,), 'train_labels': (2,), 'n_missing_train': 0, 'n_missing_valid': 0, 'sample_weight': None}
2026-02-25 09:50:46.867 - INFO - 43 - azureml.training.tabular.score._scoring_utilities.__init__:522 - No positive_label provided but detected a binary classification task
2026-02-25 09:50:46.867 - INFO - 43 - azureml.training.tabular.score._scoring_utilities.__init__:522 - No positive_label provided but detected a binary classification task
2026-02-25 09:50:46.869 - INFO - 43 - azureml.training.tabular.score._validation.log_classification_debug:194 - Classification metrics debug: {'y_test': (199,), 'y_pred_probs': (199, 2), 'unique_y_test': (2,), 'class_labels': (2,), 'train_labels': (2,), 'n_missing_train': 0, 'n_missing_valid': 0, 'sample_weight': None}
2026-02-25 09:50:46.869 - INFO - 43 - azureml.training.tabular.score._validation.log_classification_debug:194 - Classification metrics debug: {'y_test': (199,), 'y_pred_probs': (199, 2), 'unique_y_test': (2,), 'class_labels': (2,), 'train_labels': (2,), 'n_missing_train': 0, 'n_missing_valid': 0, 'sample_weight': None}
2026-02-25 09:50:46.870 - INFO - 43 - azureml.training.tabular.score._scoring_utilities.__init__:522 - No positive_label provided but detected a binary classification task
2026-02-25 09:50:46.870 - INFO - 43 - azureml.training.tabular.score._scoring_utilities.__init__:522 - No positive_label provided but detected a binary classification task
2026-02-25 09:50:46.872 - INFO - 43 - azureml.training.tabular.score._validation.log_classification_debug:194 - Classification metrics debug: {'y_test': (199,), 'y_pred_probs': (199, 2), 'unique_y_test': (2,), 'class_labels': (2,), 'train_labels': (2,), 'n_missing_train': 0, 'n_missing_valid': 0, 'sample_weight': None}
2026-02-25 09:50:46.872 - INFO - 43 - azureml.training.tabular.score._validation.log_classification_debug:194 - Classification metrics debug: {'y_test': (199,), 'y_pred_probs': (199, 2), 'unique_y_test': (2,), 'class_labels': (2,), 'train_labels': (2,), 'n_missing_train': 0, 'n_missing_valid': 0, 'sample_weight': None}
2026-02-25 09:50:46.873 - INFO - 43 - azureml.training.tabular.score._scoring_utilities.__init__:522 - No positive_label provided but detected a binary classification task
2026-02-25 09:50:46.873 - INFO - 43 - azureml.training.tabular.score._scoring_utilities.__init__:522 - No positive_label provided but detected a binary classification task
2026-02-25 09:50:46.874 - INFO - 43 - azureml.training.tabular.score._validation.log_classification_debug:194 - Classification metrics debug: {'y_test': (199,), 'y_pred_probs': (199, 2), 'unique_y_test': (2,), 'class_labels': (2,), 'train_labels': (2,), 'n_missing_train': 0, 'n_missing_valid': 0, 'sample_weight': None}
2026-02-25 09:50:46.874 - INFO - 43 - azureml.training.tabular.score._validation.log_classification_debug:194 - Classification metrics debug: {'y_test': (199,), 'y_pred_probs': (199, 2), 'unique_y_test': (2,), 'class_labels': (2,), 'train_labels': (2,), 'n_missing_train': 0, 'n_missing_valid': 0, 'sample_weight': None}
2026-02-25 09:50:46.875 - INFO - 43 - azureml.training.tabular.score._scoring_utilities.__init__:522 - No positive_label provided but detected a binary classification task
2026-02-25 09:50:46.875 - INFO - 43 - azureml.training.tabular.score._scoring_utilities.__init__:522 - No positive_label provided but detected a binary classification task
2026-02-25 09:50:46.887 - INFO - 43 - azureml.training.tabular.score._validation.log_classification_debug:194 - Classification metrics debug: {'y_test': (199,), 'y_pred_probs': (199, 2), 'unique_y_test': (2,), 'class_labels': (2,), 'train_labels': (2,), 'n_missing_train': 0, 'n_missing_valid': 0, 'sample_weight': None}
2026-02-25 09:50:46.887 - INFO - 43 - azureml.training.tabular.score._validation.log_classification_debug:194 - Classification metrics debug: {'y_test': (199,), 'y_pred_probs': (199, 2), 'unique_y_test': (2,), 'class_labels': (2,), 'train_labels': (2,), 'n_missing_train': 0, 'n_missing_valid': 0, 'sample_weight': None}
2026-02-25 09:50:46.888 - INFO - 43 - azureml.training.tabular.score._scoring_utilities.__init__:522 - No positive_label provided but detected a binary classification task
2026-02-25 09:50:46.888 - INFO - 43 - azureml.training.tabular.score._scoring_utilities.__init__:522 - No positive_label provided but detected a binary classification task
2026-02-25 09:50:46.890 - INFO - 43 - azureml.training.tabular.score._validation.log_classification_debug:194 - Classification metrics debug: {'y_test': (199,), 'y_pred_probs': (199, 2), 'unique_y_test': (2,), 'class_labels': (2,), 'train_labels': (2,), 'n_missing_train': 0, 'n_missing_valid': 0, 'sample_weight': None}
2026-02-25 09:50:46.890 - INFO - 43 - azureml.training.tabular.score._validation.log_classification_debug:194 - Classification metrics debug: {'y_test': (199,), 'y_pred_probs': (199, 2), 'unique_y_test': (2,), 'class_labels': (2,), 'train_labels': (2,), 'n_missing_train': 0, 'n_missing_valid': 0, 'sample_weight': None}
2026-02-25 09:50:46.891 - INFO - 43 - azureml.training.tabular.score._scoring_utilities.__init__:522 - No positive_label provided but detected a binary classification task
2026-02-25 09:50:46.891 - INFO - 43 - azureml.training.tabular.score._scoring_utilities.__init__:522 - No positive_label provided but detected a binary classification task
2026-02-25 09:50:46.893 - INFO - 43 - azureml.training.tabular.score._validation.log_classification_debug:194 - Classification metrics debug: {'y_test': (199,), 'y_pred_probs': (199, 2), 'unique_y_test': (2,), 'class_labels': (2,), 'train_labels': (2,), 'n_missing_train': 0, 'n_missing_valid': 0, 'sample_weight': None}
2026-02-25 09:50:46.893 - INFO - 43 - azureml.training.tabular.score._validation.log_classification_debug:194 - Classification metrics debug: {'y_test': (199,), 'y_pred_probs': (199, 2), 'unique_y_test': (2,), 'class_labels': (2,), 'train_labels': (2,), 'n_missing_train': 0, 'n_missing_valid': 0, 'sample_weight': None}
2026-02-25 09:50:46.894 - INFO - 43 - azureml.training.tabular.score._scoring_utilities.__init__:522 - No positive_label provided but detected a binary classification task
2026-02-25 09:50:46.894 - INFO - 43 - azureml.training.tabular.score._scoring_utilities.__init__:522 - No positive_label provided but detected a binary classification task
2026-02-25 09:50:46.896 - INFO - 43 - azureml.training.tabular.score._validation.log_classification_debug:194 - Classification metrics debug: {'y_test': (199,), 'y_pred_probs': (199, 2), 'unique_y_test': (2,), 'class_labels': (2,), 'train_labels': (2,), 'n_missing_train': 0, 'n_missing_valid': 0, 'sample_weight': None}
2026-02-25 09:50:46.896 - INFO - 43 - azureml.training.tabular.score._validation.log_classification_debug:194 - Classification metrics debug: {'y_test': (199,), 'y_pred_probs': (199, 2), 'unique_y_test': (2,), 'class_labels': (2,), 'train_labels': (2,), 'n_missing_train': 0, 'n_missing_valid': 0, 'sample_weight': None}
2026-02-25 09:50:46.896 - INFO - 43 - azureml.training.tabular.score._scoring_utilities.__init__:522 - No positive_label provided but detected a binary classification task
2026-02-25 09:50:46.896 - INFO - 43 - azureml.training.tabular.score._scoring_utilities.__init__:522 - No positive_label provided but detected a binary classification task
2026-02-25 09:50:46.898 - INFO - 43 - azureml.training.tabular.score._validation.log_classification_debug:194 - Classification metrics debug: {'y_test': (199,), 'y_pred_probs': (199, 2), 'unique_y_test': (2,), 'class_labels': (2,), 'train_labels': (2,), 'n_missing_train': 0, 'n_missing_valid': 0, 'sample_weight': None}
2026-02-25 09:50:46.898 - INFO - 43 - azureml.training.tabular.score._validation.log_classification_debug:194 - Classification metrics debug: {'y_test': (199,), 'y_pred_probs': (199, 2), 'unique_y_test': (2,), 'class_labels': (2,), 'train_labels': (2,), 'n_missing_train': 0, 'n_missing_valid': 0, 'sample_weight': None}
2026-02-25 09:50:46.899 - INFO - 43 - azureml.training.tabular.score._scoring_utilities.__init__:522 - No positive_label provided but detected a binary classification task
2026-02-25 09:50:46.899 - INFO - 43 - azureml.training.tabular.score._scoring_utilities.__init__:522 - No positive_label provided but detected a binary classification task
2026-02-25 09:50:46.900 - INFO - 43 - azureml.training.tabular.score._validation.log_classification_debug:194 - Classification metrics debug: {'y_test': (199,), 'y_pred_probs': (199, 2), 'unique_y_test': (2,), 'class_labels': (2,), 'train_labels': (2,), 'n_missing_train': 0, 'n_missing_valid': 0, 'sample_weight': None}
2026-02-25 09:50:46.900 - INFO - 43 - azureml.training.tabular.score._validation.log_classification_debug:194 - Classification metrics debug: {'y_test': (199,), 'y_pred_probs': (199, 2), 'unique_y_test': (2,), 'class_labels': (2,), 'train_labels': (2,), 'n_missing_train': 0, 'n_missing_valid': 0, 'sample_weight': None}
2026-02-25 09:50:46.901 - INFO - 43 - azureml.training.tabular.score._scoring_utilities.__init__:522 - No positive_label provided but detected a binary classification task
2026-02-25 09:50:46.901 - INFO - 43 - azureml.training.tabular.score._scoring_utilities.__init__:522 - No positive_label provided but detected a binary classification task
2026-02-25 09:50:46.903 - INFO - 43 - azureml.training.tabular.score._validation.log_classification_debug:194 - Classification metrics debug: {'y_test': (199,), 'y_pred_probs': (199, 2), 'unique_y_test': (2,), 'class_labels': (2,), 'train_labels': (2,), 'n_missing_train': 0, 'n_missing_valid': 0, 'sample_weight': None}
2026-02-25 09:50:46.903 - INFO - 43 - azureml.training.tabular.score._validation.log_classification_debug:194 - Classification metrics debug: {'y_test': (199,), 'y_pred_probs': (199, 2), 'unique_y_test': (2,), 'class_labels': (2,), 'train_labels': (2,), 'n_missing_train': 0, 'n_missing_valid': 0, 'sample_weight': None}
2026-02-25 09:50:46.903 - INFO - 43 - azureml.training.tabular.score._scoring_utilities.__init__:522 - No positive_label provided but detected a binary classification task
2026-02-25 09:50:46.903 - INFO - 43 - azureml.training.tabular.score._scoring_utilities.__init__:522 - No positive_label provided but detected a binary classification task
2026-02-25 09:50:46.905 - INFO - 43 - azureml.training.tabular.score._validation.log_classification_debug:194 - Classification metrics debug: {'y_test': (199,), 'y_pred_probs': (199, 2), 'unique_y_test': (2,), 'class_labels': (2,), 'train_labels': (2,), 'n_missing_train': 0, 'n_missing_valid': 0, 'sample_weight': None}
2026-02-25 09:50:46.905 - INFO - 43 - azureml.training.tabular.score._validation.log_classification_debug:194 - Classification metrics debug: {'y_test': (199,), 'y_pred_probs': (199, 2), 'unique_y_test': (2,), 'class_labels': (2,), 'train_labels': (2,), 'n_missing_train': 0, 'n_missing_valid': 0, 'sample_weight': None}
2026-02-25 09:50:46.906 - INFO - 43 - azureml.training.tabular.score._scoring_utilities.__init__:522 - No positive_label provided but detected a binary classification task
2026-02-25 09:50:46.906 - INFO - 43 - azureml.training.tabular.score._scoring_utilities.__init__:522 - No positive_label provided but detected a binary classification task
2026-02-25 09:50:46.907 - INFO - 43 - azureml.training.tabular.score._validation.log_classification_debug:194 - Classification metrics debug: {'y_test': (199,), 'y_pred_probs': (199, 2), 'unique_y_test': (2,), 'class_labels': (2,), 'train_labels': (2,), 'n_missing_train': 0, 'n_missing_valid': 0, 'sample_weight': None}
2026-02-25 09:50:46.907 - INFO - 43 - azureml.training.tabular.score._validation.log_classification_debug:194 - Classification metrics debug: {'y_test': (199,), 'y_pred_probs': (199, 2), 'unique_y_test': (2,), 'class_labels': (2,), 'train_labels': (2,), 'n_missing_train': 0, 'n_missing_valid': 0, 'sample_weight': None}
2026-02-25 09:50:46.908 - INFO - 43 - azureml.training.tabular.score._scoring_utilities.__init__:522 - No positive_label provided but detected a binary classification task
2026-02-25 09:50:46.908 - INFO - 43 - azureml.training.tabular.score._scoring_utilities.__init__:522 - No positive_label provided but detected a binary classification task
2026-02-25 09:50:46.910 - INFO - 43 - azureml.training.tabular.score._validation.log_classification_debug:194 - Classification metrics debug: {'y_test': (199,), 'y_pred_probs': (199, 2), 'unique_y_test': (2,), 'class_labels': (2,), 'train_labels': (2,), 'n_missing_train': 0, 'n_missing_valid': 0, 'sample_weight': None}
2026-02-25 09:50:46.910 - INFO - 43 - azureml.training.tabular.score._validation.log_classification_debug:194 - Classification metrics debug: {'y_test': (199,), 'y_pred_probs': (199, 2), 'unique_y_test': (2,), 'class_labels': (2,), 'train_labels': (2,), 'n_missing_train': 0, 'n_missing_valid': 0, 'sample_weight': None}
2026-02-25 09:50:46.910 - INFO - 43 - azureml.training.tabular.score._scoring_utilities.__init__:522 - No positive_label provided but detected a binary classification task
2026-02-25 09:50:46.910 - INFO - 43 - azureml.training.tabular.score._scoring_utilities.__init__:522 - No positive_label provided but detected a binary classification task
2026-02-25 09:50:46.921 - INFO - 43 - azureml.training.tabular.score._validation.log_classification_debug:194 - Classification metrics debug: {'y_test': (198,), 'y_pred_probs': (198, 2), 'unique_y_test': (2,), 'class_labels': (2,), 'train_labels': (2,), 'n_missing_train': 0, 'n_missing_valid': 0, 'sample_weight': None}
2026-02-25 09:50:46.921 - INFO - 43 - azureml.training.tabular.score._validation.log_classification_debug:194 - Classification metrics debug: {'y_test': (198,), 'y_pred_probs': (198, 2), 'unique_y_test': (2,), 'class_labels': (2,), 'train_labels': (2,), 'n_missing_train': 0, 'n_missing_valid': 0, 'sample_weight': None}
2026-02-25 09:50:46.922 - INFO - 43 - azureml.training.tabular.score._scoring_utilities.__init__:522 - No positive_label provided but detected a binary classification task
2026-02-25 09:50:46.922 - INFO - 43 - azureml.training.tabular.score._scoring_utilities.__init__:522 - No positive_label provided but detected a binary classification task
2026-02-25 09:50:46.923 - INFO - 43 - azureml.training.tabular.score._validation.log_classification_debug:194 - Classification metrics debug: {'y_test': (198,), 'y_pred_probs': (198, 2), 'unique_y_test': (2,), 'class_labels': (2,), 'train_labels': (2,), 'n_missing_train': 0, 'n_missing_valid': 0, 'sample_weight': None}
2026-02-25 09:50:46.923 - INFO - 43 - azureml.training.tabular.score._validation.log_classification_debug:194 - Classification metrics debug: {'y_test': (198,), 'y_pred_probs': (198, 2), 'unique_y_test': (2,), 'class_labels': (2,), 'train_labels': (2,), 'n_missing_train': 0, 'n_missing_valid': 0, 'sample_weight': None}
2026-02-25 09:50:46.924 - INFO - 43 - azureml.training.tabular.score._scoring_utilities.__init__:522 - No positive_label provided but detected a binary classification task
2026-02-25 09:50:46.924 - INFO - 43 - azureml.training.tabular.score._scoring_utilities.__init__:522 - No positive_label provided but detected a binary classification task
2026-02-25 09:50:46.926 - INFO - 43 - azureml.training.tabular.score._validation.log_classification_debug:194 - Classification metrics debug: {'y_test': (198,), 'y_pred_probs': (198, 2), 'unique_y_test': (2,), 'class_labels': (2,), 'train_labels': (2,), 'n_missing_train': 0, 'n_missing_valid': 0, 'sample_weight': None}
2026-02-25 09:50:46.926 - INFO - 43 - azureml.training.tabular.score._validation.log_classification_debug:194 - Classification metrics debug: {'y_test': (198,), 'y_pred_probs': (198, 2), 'unique_y_test': (2,), 'class_labels': (2,), 'train_labels': (2,), 'n_missing_train': 0, 'n_missing_valid': 0, 'sample_weight': None}
2026-02-25 09:50:46.926 - INFO - 43 - azureml.training.tabular.score._scoring_utilities.__init__:522 - No positive_label provided but detected a binary classification task
2026-02-25 09:50:46.926 - INFO - 43 - azureml.training.tabular.score._scoring_utilities.__init__:522 - No positive_label provided but detected a binary classification task
2026-02-25 09:50:46.928 - INFO - 43 - azureml.training.tabular.score._validation.log_classification_debug:194 - Classification metrics debug: {'y_test': (198,), 'y_pred_probs': (198, 2), 'unique_y_test': (2,), 'class_labels': (2,), 'train_labels': (2,), 'n_missing_train': 0, 'n_missing_valid': 0, 'sample_weight': None}
2026-02-25 09:50:46.928 - INFO - 43 - azureml.training.tabular.score._validation.log_classification_debug:194 - Classification metrics debug: {'y_test': (198,), 'y_pred_probs': (198, 2), 'unique_y_test': (2,), 'class_labels': (2,), 'train_labels': (2,), 'n_missing_train': 0, 'n_missing_valid': 0, 'sample_weight': None}
2026-02-25 09:50:46.929 - INFO - 43 - azureml.training.tabular.score._scoring_utilities.__init__:522 - No positive_label provided but detected a binary classification task
2026-02-25 09:50:46.929 - INFO - 43 - azureml.training.tabular.score._scoring_utilities.__init__:522 - No positive_label provided but detected a binary classification task
2026-02-25 09:50:46.930 - INFO - 43 - azureml.training.tabular.score._validation.log_classification_debug:194 - Classification metrics debug: {'y_test': (198,), 'y_pred_probs': (198, 2), 'unique_y_test': (2,), 'class_labels': (2,), 'train_labels': (2,), 'n_missing_train': 0, 'n_missing_valid': 0, 'sample_weight': None}
2026-02-25 09:50:46.930 - INFO - 43 - azureml.training.tabular.score._validation.log_classification_debug:194 - Classification metrics debug: {'y_test': (198,), 'y_pred_probs': (198, 2), 'unique_y_test': (2,), 'class_labels': (2,), 'train_labels': (2,), 'n_missing_train': 0, 'n_missing_valid': 0, 'sample_weight': None}
2026-02-25 09:50:46.931 - INFO - 43 - azureml.training.tabular.score._scoring_utilities.__init__:522 - No positive_label provided but detected a binary classification task
2026-02-25 09:50:46.931 - INFO - 43 - azureml.training.tabular.score._scoring_utilities.__init__:522 - No positive_label provided but detected a binary classification task
2026-02-25 09:50:46.933 - INFO - 43 - azureml.training.tabular.score._validation.log_classification_debug:194 - Classification metrics debug: {'y_test': (198,), 'y_pred_probs': (198, 2), 'unique_y_test': (2,), 'class_labels': (2,), 'train_labels': (2,), 'n_missing_train': 0, 'n_missing_valid': 0, 'sample_weight': None}
2026-02-25 09:50:46.933 - INFO - 43 - azureml.training.tabular.score._validation.log_classification_debug:194 - Classification metrics debug: {'y_test': (198,), 'y_pred_probs': (198, 2), 'unique_y_test': (2,), 'class_labels': (2,), 'train_labels': (2,), 'n_missing_train': 0, 'n_missing_valid': 0, 'sample_weight': None}
2026-02-25 09:50:46.933 - INFO - 43 - azureml.training.tabular.score._scoring_utilities.__init__:522 - No positive_label provided but detected a binary classification task
2026-02-25 09:50:46.933 - INFO - 43 - azureml.training.tabular.score._scoring_utilities.__init__:522 - No positive_label provided but detected a binary classification task
2026-02-25 09:50:46.935 - INFO - 43 - azureml.training.tabular.score._validation.log_classification_debug:194 - Classification metrics debug: {'y_test': (198,), 'y_pred_probs': (198, 2), 'unique_y_test': (2,), 'class_labels': (2,), 'train_labels': (2,), 'n_missing_train': 0, 'n_missing_valid': 0, 'sample_weight': None}
2026-02-25 09:50:46.935 - INFO - 43 - azureml.training.tabular.score._validation.log_classification_debug:194 - Classification metrics debug: {'y_test': (198,), 'y_pred_probs': (198, 2), 'unique_y_test': (2,), 'class_labels': (2,), 'train_labels': (2,), 'n_missing_train': 0, 'n_missing_valid': 0, 'sample_weight': None}
2026-02-25 09:50:46.936 - INFO - 43 - azureml.training.tabular.score._scoring_utilities.__init__:522 - No positive_label provided but detected a binary classification task
2026-02-25 09:50:46.936 - INFO - 43 - azureml.training.tabular.score._scoring_utilities.__init__:522 - No positive_label provided but detected a binary classification task
2026-02-25 09:50:46.937 - INFO - 43 - azureml.training.tabular.score._validation.log_classification_debug:194 - Classification metrics debug: {'y_test': (198,), 'y_pred_probs': (198, 2), 'unique_y_test': (2,), 'class_labels': (2,), 'train_labels': (2,), 'n_missing_train': 0, 'n_missing_valid': 0, 'sample_weight': None}
2026-02-25 09:50:46.937 - INFO - 43 - azureml.training.tabular.score._validation.log_classification_debug:194 - Classification metrics debug: {'y_test': (198,), 'y_pred_probs': (198, 2), 'unique_y_test': (2,), 'class_labels': (2,), 'train_labels': (2,), 'n_missing_train': 0, 'n_missing_valid': 0, 'sample_weight': None}
2026-02-25 09:50:46.938 - INFO - 43 - azureml.training.tabular.score._scoring_utilities.__init__:522 - No positive_label provided but detected a binary classification task
2026-02-25 09:50:46.938 - INFO - 43 - azureml.training.tabular.score._scoring_utilities.__init__:522 - No positive_label provided but detected a binary classification task
2026-02-25 09:50:46.940 - INFO - 43 - azureml.training.tabular.score._validation.log_classification_debug:194 - Classification metrics debug: {'y_test': (198,), 'y_pred_probs': (198, 2), 'unique_y_test': (2,), 'class_labels': (2,), 'train_labels': (2,), 'n_missing_train': 0, 'n_missing_valid': 0, 'sample_weight': None}
2026-02-25 09:50:46.940 - INFO - 43 - azureml.training.tabular.score._validation.log_classification_debug:194 - Classification metrics debug: {'y_test': (198,), 'y_pred_probs': (198, 2), 'unique_y_test': (2,), 'class_labels': (2,), 'train_labels': (2,), 'n_missing_train': 0, 'n_missing_valid': 0, 'sample_weight': None}
2026-02-25 09:50:46.940 - INFO - 43 - azureml.training.tabular.score._scoring_utilities.__init__:522 - No positive_label provided but detected a binary classification task
2026-02-25 09:50:46.940 - INFO - 43 - azureml.training.tabular.score._scoring_utilities.__init__:522 - No positive_label provided but detected a binary classification task
2026-02-25 09:50:46.942 - INFO - 43 - azureml.training.tabular.score._validation.log_classification_debug:194 - Classification metrics debug: {'y_test': (198,), 'y_pred_probs': (198, 2), 'unique_y_test': (2,), 'class_labels': (2,), 'train_labels': (2,), 'n_missing_train': 0, 'n_missing_valid': 0, 'sample_weight': None}
2026-02-25 09:50:46.942 - INFO - 43 - azureml.training.tabular.score._validation.log_classification_debug:194 - Classification metrics debug: {'y_test': (198,), 'y_pred_probs': (198, 2), 'unique_y_test': (2,), 'class_labels': (2,), 'train_labels': (2,), 'n_missing_train': 0, 'n_missing_valid': 0, 'sample_weight': None}
2026-02-25 09:50:46.943 - INFO - 43 - azureml.training.tabular.score._scoring_utilities.__init__:522 - No positive_label provided but detected a binary classification task
2026-02-25 09:50:46.943 - INFO - 43 - azureml.training.tabular.score._scoring_utilities.__init__:522 - No positive_label provided but detected a binary classification task
2026-02-25 09:50:46.953 - INFO - 43 - azureml.training.tabular.score._validation.log_classification_debug:194 - Classification metrics debug: {'y_test': (198,), 'y_pred_probs': (198, 2), 'unique_y_test': (2,), 'class_labels': (2,), 'train_labels': (2,), 'n_missing_train': 0, 'n_missing_valid': 0, 'sample_weight': None}
2026-02-25 09:50:46.953 - INFO - 43 - azureml.training.tabular.score._validation.log_classification_debug:194 - Classification metrics debug: {'y_test': (198,), 'y_pred_probs': (198, 2), 'unique_y_test': (2,), 'class_labels': (2,), 'train_labels': (2,), 'n_missing_train': 0, 'n_missing_valid': 0, 'sample_weight': None}
2026-02-25 09:50:46.953 - INFO - 43 - azureml.training.tabular.score._scoring_utilities.__init__:522 - No positive_label provided but detected a binary classification task
2026-02-25 09:50:46.953 - INFO - 43 - azureml.training.tabular.score._scoring_utilities.__init__:522 - No positive_label provided but detected a binary classification task
2026-02-25 09:50:46.955 - INFO - 43 - azureml.training.tabular.score._validation.log_classification_debug:194 - Classification metrics debug: {'y_test': (198,), 'y_pred_probs': (198, 2), 'unique_y_test': (2,), 'class_labels': (2,), 'train_labels': (2,), 'n_missing_train': 0, 'n_missing_valid': 0, 'sample_weight': None}
2026-02-25 09:50:46.955 - INFO - 43 - azureml.training.tabular.score._validation.log_classification_debug:194 - Classification metrics debug: {'y_test': (198,), 'y_pred_probs': (198, 2), 'unique_y_test': (2,), 'class_labels': (2,), 'train_labels': (2,), 'n_missing_train': 0, 'n_missing_valid': 0, 'sample_weight': None}
2026-02-25 09:50:46.956 - INFO - 43 - azureml.training.tabular.score._scoring_utilities.__init__:522 - No positive_label provided but detected a binary classification task
2026-02-25 09:50:46.956 - INFO - 43 - azureml.training.tabular.score._scoring_utilities.__init__:522 - No positive_label provided but detected a binary classification task
2026-02-25 09:50:46.958 - INFO - 43 - azureml.training.tabular.score._validation.log_classification_debug:194 - Classification metrics debug: {'y_test': (198,), 'y_pred_probs': (198, 2), 'unique_y_test': (2,), 'class_labels': (2,), 'train_labels': (2,), 'n_missing_train': 0, 'n_missing_valid': 0, 'sample_weight': None}
2026-02-25 09:50:46.958 - INFO - 43 - azureml.training.tabular.score._validation.log_classification_debug:194 - Classification metrics debug: {'y_test': (198,), 'y_pred_probs': (198, 2), 'unique_y_test': (2,), 'class_labels': (2,), 'train_labels': (2,), 'n_missing_train': 0, 'n_missing_valid': 0, 'sample_weight': None}
2026-02-25 09:50:46.958 - INFO - 43 - azureml.training.tabular.score._scoring_utilities.__init__:522 - No positive_label provided but detected a binary classification task
2026-02-25 09:50:46.958 - INFO - 43 - azureml.training.tabular.score._scoring_utilities.__init__:522 - No positive_label provided but detected a binary classification task
2026-02-25 09:50:46.960 - INFO - 43 - azureml.training.tabular.score._validation.log_classification_debug:194 - Classification metrics debug: {'y_test': (198,), 'y_pred_probs': (198, 2), 'unique_y_test': (2,), 'class_labels': (2,), 'train_labels': (2,), 'n_missing_train': 0, 'n_missing_valid': 0, 'sample_weight': None}
2026-02-25 09:50:46.960 - INFO - 43 - azureml.training.tabular.score._validation.log_classification_debug:194 - Classification metrics debug: {'y_test': (198,), 'y_pred_probs': (198, 2), 'unique_y_test': (2,), 'class_labels': (2,), 'train_labels': (2,), 'n_missing_train': 0, 'n_missing_valid': 0, 'sample_weight': None}
2026-02-25 09:50:46.961 - INFO - 43 - azureml.training.tabular.score._scoring_utilities.__init__:522 - No positive_label provided but detected a binary classification task
2026-02-25 09:50:46.961 - INFO - 43 - azureml.training.tabular.score._scoring_utilities.__init__:522 - No positive_label provided but detected a binary classification task
2026-02-25 09:50:46.962 - INFO - 43 - azureml.training.tabular.score._validation.log_classification_debug:194 - Classification metrics debug: {'y_test': (198,), 'y_pred_probs': (198, 2), 'unique_y_test': (2,), 'class_labels': (2,), 'train_labels': (2,), 'n_missing_train': 0, 'n_missing_valid': 0, 'sample_weight': None}
2026-02-25 09:50:46.962 - INFO - 43 - azureml.training.tabular.score._validation.log_classification_debug:194 - Classification metrics debug: {'y_test': (198,), 'y_pred_probs': (198, 2), 'unique_y_test': (2,), 'class_labels': (2,), 'train_labels': (2,), 'n_missing_train': 0, 'n_missing_valid': 0, 'sample_weight': None}
2026-02-25 09:50:46.963 - INFO - 43 - azureml.training.tabular.score._scoring_utilities.__init__:522 - No positive_label provided but detected a binary classification task
2026-02-25 09:50:46.963 - INFO - 43 - azureml.training.tabular.score._scoring_utilities.__init__:522 - No positive_label provided but detected a binary classification task
2026-02-25 09:50:46.965 - INFO - 43 - azureml.training.tabular.score._validation.log_classification_debug:194 - Classification metrics debug: {'y_test': (198,), 'y_pred_probs': (198, 2), 'unique_y_test': (2,), 'class_labels': (2,), 'train_labels': (2,), 'n_missing_train': 0, 'n_missing_valid': 0, 'sample_weight': None}
2026-02-25 09:50:46.965 - INFO - 43 - azureml.training.tabular.score._validation.log_classification_debug:194 - Classification metrics debug: {'y_test': (198,), 'y_pred_probs': (198, 2), 'unique_y_test': (2,), 'class_labels': (2,), 'train_labels': (2,), 'n_missing_train': 0, 'n_missing_valid': 0, 'sample_weight': None}
2026-02-25 09:50:46.965 - INFO - 43 - azureml.training.tabular.score._scoring_utilities.__init__:522 - No positive_label provided but detected a binary classification task
2026-02-25 09:50:46.965 - INFO - 43 - azureml.training.tabular.score._scoring_utilities.__init__:522 - No positive_label provided but detected a binary classification task
2026-02-25 09:50:46.967 - INFO - 43 - azureml.training.tabular.score._validation.log_classification_debug:194 - Classification metrics debug: {'y_test': (198,), 'y_pred_probs': (198, 2), 'unique_y_test': (2,), 'class_labels': (2,), 'train_labels': (2,), 'n_missing_train': 0, 'n_missing_valid': 0, 'sample_weight': None}
2026-02-25 09:50:46.967 - INFO - 43 - azureml.training.tabular.score._validation.log_classification_debug:194 - Classification metrics debug: {'y_test': (198,), 'y_pred_probs': (198, 2), 'unique_y_test': (2,), 'class_labels': (2,), 'train_labels': (2,), 'n_missing_train': 0, 'n_missing_valid': 0, 'sample_weight': None}
2026-02-25 09:50:46.968 - INFO - 43 - azureml.training.tabular.score._scoring_utilities.__init__:522 - No positive_label provided but detected a binary classification task
2026-02-25 09:50:46.968 - INFO - 43 - azureml.training.tabular.score._scoring_utilities.__init__:522 - No positive_label provided but detected a binary classification task
2026-02-25 09:50:46.969 - INFO - 43 - azureml.training.tabular.score._validation.log_classification_debug:194 - Classification metrics debug: {'y_test': (198,), 'y_pred_probs': (198, 2), 'unique_y_test': (2,), 'class_labels': (2,), 'train_labels': (2,), 'n_missing_train': 0, 'n_missing_valid': 0, 'sample_weight': None}
2026-02-25 09:50:46.969 - INFO - 43 - azureml.training.tabular.score._validation.log_classification_debug:194 - Classification metrics debug: {'y_test': (198,), 'y_pred_probs': (198, 2), 'unique_y_test': (2,), 'class_labels': (2,), 'train_labels': (2,), 'n_missing_train': 0, 'n_missing_valid': 0, 'sample_weight': None}
2026-02-25 09:50:46.970 - INFO - 43 - azureml.training.tabular.score._scoring_utilities.__init__:522 - No positive_label provided but detected a binary classification task
2026-02-25 09:50:46.970 - INFO - 43 - azureml.training.tabular.score._scoring_utilities.__init__:522 - No positive_label provided but detected a binary classification task
2026-02-25 09:50:46.972 - INFO - 43 - azureml.training.tabular.score._validation.log_classification_debug:194 - Classification metrics debug: {'y_test': (198,), 'y_pred_probs': (198, 2), 'unique_y_test': (2,), 'class_labels': (2,), 'train_labels': (2,), 'n_missing_train': 0, 'n_missing_valid': 0, 'sample_weight': None}
2026-02-25 09:50:46.972 - INFO - 43 - azureml.training.tabular.score._validation.log_classification_debug:194 - Classification metrics debug: {'y_test': (198,), 'y_pred_probs': (198, 2), 'unique_y_test': (2,), 'class_labels': (2,), 'train_labels': (2,), 'n_missing_train': 0, 'n_missing_valid': 0, 'sample_weight': None}
2026-02-25 09:50:46.972 - INFO - 43 - azureml.training.tabular.score._scoring_utilities.__init__:522 - No positive_label provided but detected a binary classification task
2026-02-25 09:50:46.972 - INFO - 43 - azureml.training.tabular.score._scoring_utilities.__init__:522 - No positive_label provided but detected a binary classification task
2026-02-25 09:50:46.974 - INFO - 43 - azureml.training.tabular.score._validation.log_classification_debug:194 - Classification metrics debug: {'y_test': (198,), 'y_pred_probs': (198, 2), 'unique_y_test': (2,), 'class_labels': (2,), 'train_labels': (2,), 'n_missing_train': 0, 'n_missing_valid': 0, 'sample_weight': None}
2026-02-25 09:50:46.974 - INFO - 43 - azureml.training.tabular.score._validation.log_classification_debug:194 - Classification metrics debug: {'y_test': (198,), 'y_pred_probs': (198, 2), 'unique_y_test': (2,), 'class_labels': (2,), 'train_labels': (2,), 'n_missing_train': 0, 'n_missing_valid': 0, 'sample_weight': None}
2026-02-25 09:50:46.974 - INFO - 43 - azureml.training.tabular.score._scoring_utilities.__init__:522 - No positive_label provided but detected a binary classification task
2026-02-25 09:50:46.974 - INFO - 43 - azureml.training.tabular.score._scoring_utilities.__init__:522 - No positive_label provided but detected a binary classification task
2026-02-25 09:50:46.988 - INFO - 43 - azureml.training.tabular.score._validation.log_classification_debug:194 - Classification metrics debug: {'y_test': (199,), 'y_pred_probs': (199, 2), 'unique_y_test': (2,), 'class_labels': (2,), 'train_labels': (2,), 'n_missing_train': 0, 'n_missing_valid': 0, 'sample_weight': None}
2026-02-25 09:50:46.988 - INFO - 43 - azureml.training.tabular.score._validation.log_classification_debug:194 - Classification metrics debug: {'y_test': (199,), 'y_pred_probs': (199, 2), 'unique_y_test': (2,), 'class_labels': (2,), 'train_labels': (2,), 'n_missing_train': 0, 'n_missing_valid': 0, 'sample_weight': None}
2026-02-25 09:50:46.989 - INFO - 43 - azureml.training.tabular.score._scoring_utilities.__init__:522 - No positive_label provided but detected a binary classification task
2026-02-25 09:50:46.989 - INFO - 43 - azureml.training.tabular.score._scoring_utilities.__init__:522 - No positive_label provided but detected a binary classification task
2026-02-25 09:50:46.991 - INFO - 43 - azureml.training.tabular.score._validation.log_classification_debug:194 - Classification metrics debug: {'y_test': (199,), 'y_pred_probs': (199, 2), 'unique_y_test': (2,), 'class_labels': (2,), 'train_labels': (2,), 'n_missing_train': 0, 'n_missing_valid': 0, 'sample_weight': None}
2026-02-25 09:50:46.991 - INFO - 43 - azureml.training.tabular.score._validation.log_classification_debug:194 - Classification metrics debug: {'y_test': (199,), 'y_pred_probs': (199, 2), 'unique_y_test': (2,), 'class_labels': (2,), 'train_labels': (2,), 'n_missing_train': 0, 'n_missing_valid': 0, 'sample_weight': None}
2026-02-25 09:50:46.991 - INFO - 43 - azureml.training.tabular.score._scoring_utilities.__init__:522 - No positive_label provided but detected a binary classification task
2026-02-25 09:50:46.991 - INFO - 43 - azureml.training.tabular.score._scoring_utilities.__init__:522 - No positive_label provided but detected a binary classification task
2026-02-25 09:50:46.993 - INFO - 43 - azureml.training.tabular.score._validation.log_classification_debug:194 - Classification metrics debug: {'y_test': (199,), 'y_pred_probs': (199, 2), 'unique_y_test': (2,), 'class_labels': (2,), 'train_labels': (2,), 'n_missing_train': 0, 'n_missing_valid': 0, 'sample_weight': None}
2026-02-25 09:50:46.993 - INFO - 43 - azureml.training.tabular.score._validation.log_classification_debug:194 - Classification metrics debug: {'y_test': (199,), 'y_pred_probs': (199, 2), 'unique_y_test': (2,), 'class_labels': (2,), 'train_labels': (2,), 'n_missing_train': 0, 'n_missing_valid': 0, 'sample_weight': None}
2026-02-25 09:50:46.994 - INFO - 43 - azureml.training.tabular.score._scoring_utilities.__init__:522 - No positive_label provided but detected a binary classification task
2026-02-25 09:50:46.994 - INFO - 43 - azureml.training.tabular.score._scoring_utilities.__init__:522 - No positive_label provided but detected a binary classification task
2026-02-25 09:50:46.995 - INFO - 43 - azureml.training.tabular.score._validation.log_classification_debug:194 - Classification metrics debug: {'y_test': (199,), 'y_pred_probs': (199, 2), 'unique_y_test': (2,), 'class_labels': (2,), 'train_labels': (2,), 'n_missing_train': 0, 'n_missing_valid': 0, 'sample_weight': None}
2026-02-25 09:50:46.995 - INFO - 43 - azureml.training.tabular.score._validation.log_classification_debug:194 - Classification metrics debug: {'y_test': (199,), 'y_pred_probs': (199, 2), 'unique_y_test': (2,), 'class_labels': (2,), 'train_labels': (2,), 'n_missing_train': 0, 'n_missing_valid': 0, 'sample_weight': None}
2026-02-25 09:50:46.996 - INFO - 43 - azureml.training.tabular.score._scoring_utilities.__init__:522 - No positive_label provided but detected a binary classification task
2026-02-25 09:50:46.996 - INFO - 43 - azureml.training.tabular.score._scoring_utilities.__init__:522 - No positive_label provided but detected a binary classification task
2026-02-25 09:50:46.998 - INFO - 43 - azureml.training.tabular.score._validation.log_classification_debug:194 - Classification metrics debug: {'y_test': (199,), 'y_pred_probs': (199, 2), 'unique_y_test': (2,), 'class_labels': (2,), 'train_labels': (2,), 'n_missing_train': 0, 'n_missing_valid': 0, 'sample_weight': None}
2026-02-25 09:50:46.998 - INFO - 43 - azureml.training.tabular.score._validation.log_classification_debug:194 - Classification metrics debug: {'y_test': (199,), 'y_pred_probs': (199, 2), 'unique_y_test': (2,), 'class_labels': (2,), 'train_labels': (2,), 'n_missing_train': 0, 'n_missing_valid': 0, 'sample_weight': None}
2026-02-25 09:50:46.998 - INFO - 43 - azureml.training.tabular.score._scoring_utilities.__init__:522 - No positive_label provided but detected a binary classification task
2026-02-25 09:50:46.998 - INFO - 43 - azureml.training.tabular.score._scoring_utilities.__init__:522 - No positive_label provided but detected a binary classification task
2026-02-25 09:50:47.000 - INFO - 43 - azureml.training.tabular.score._validation.log_classification_debug:194 - Classification metrics debug: {'y_test': (199,), 'y_pred_probs': (199, 2), 'unique_y_test': (2,), 'class_labels': (2,), 'train_labels': (2,), 'n_missing_train': 0, 'n_missing_valid': 0, 'sample_weight': None}
2026-02-25 09:50:47.000 - INFO - 43 - azureml.training.tabular.score._validation.log_classification_debug:194 - Classification metrics debug: {'y_test': (199,), 'y_pred_probs': (199, 2), 'unique_y_test': (2,), 'class_labels': (2,), 'train_labels': (2,), 'n_missing_train': 0, 'n_missing_valid': 0, 'sample_weight': None}
2026-02-25 09:50:47.001 - INFO - 43 - azureml.training.tabular.score._scoring_utilities.__init__:522 - No positive_label provided but detected a binary classification task
2026-02-25 09:50:47.001 - INFO - 43 - azureml.training.tabular.score._scoring_utilities.__init__:522 - No positive_label provided but detected a binary classification task
2026-02-25 09:50:47.002 - INFO - 43 - azureml.training.tabular.score._validation.log_classification_debug:194 - Classification metrics debug: {'y_test': (199,), 'y_pred_probs': (199, 2), 'unique_y_test': (2,), 'class_labels': (2,), 'train_labels': (2,), 'n_missing_train': 0, 'n_missing_valid': 0, 'sample_weight': None}
2026-02-25 09:50:47.002 - INFO - 43 - azureml.training.tabular.score._validation.log_classification_debug:194 - Classification metrics debug: {'y_test': (199,), 'y_pred_probs': (199, 2), 'unique_y_test': (2,), 'class_labels': (2,), 'train_labels': (2,), 'n_missing_train': 0, 'n_missing_valid': 0, 'sample_weight': None}
2026-02-25 09:50:47.003 - INFO - 43 - azureml.training.tabular.score._scoring_utilities.__init__:522 - No positive_label provided but detected a binary classification task
2026-02-25 09:50:47.003 - INFO - 43 - azureml.training.tabular.score._scoring_utilities.__init__:522 - No positive_label provided but detected a binary classification task
2026-02-25 09:50:47.005 - INFO - 43 - azureml.training.tabular.score._validation.log_classification_debug:194 - Classification metrics debug: {'y_test': (199,), 'y_pred_probs': (199, 2), 'unique_y_test': (2,), 'class_labels': (2,), 'train_labels': (2,), 'n_missing_train': 0, 'n_missing_valid': 0, 'sample_weight': None}
2026-02-25 09:50:47.005 - INFO - 43 - azureml.training.tabular.score._validation.log_classification_debug:194 - Classification metrics debug: {'y_test': (199,), 'y_pred_probs': (199, 2), 'unique_y_test': (2,), 'class_labels': (2,), 'train_labels': (2,), 'n_missing_train': 0, 'n_missing_valid': 0, 'sample_weight': None}
2026-02-25 09:50:47.005 - INFO - 43 - azureml.training.tabular.score._scoring_utilities.__init__:522 - No positive_label provided but detected a binary classification task
2026-02-25 09:50:47.005 - INFO - 43 - azureml.training.tabular.score._scoring_utilities.__init__:522 - No positive_label provided but detected a binary classification task
2026-02-25 09:50:47.007 - INFO - 43 - azureml.training.tabular.score._validation.log_classification_debug:194 - Classification metrics debug: {'y_test': (199,), 'y_pred_probs': (199, 2), 'unique_y_test': (2,), 'class_labels': (2,), 'train_labels': (2,), 'n_missing_train': 0, 'n_missing_valid': 0, 'sample_weight': None}
2026-02-25 09:50:47.007 - INFO - 43 - azureml.training.tabular.score._validation.log_classification_debug:194 - Classification metrics debug: {'y_test': (199,), 'y_pred_probs': (199, 2), 'unique_y_test': (2,), 'class_labels': (2,), 'train_labels': (2,), 'n_missing_train': 0, 'n_missing_valid': 0, 'sample_weight': None}
2026-02-25 09:50:47.008 - INFO - 43 - azureml.training.tabular.score._scoring_utilities.__init__:522 - No positive_label provided but detected a binary classification task
2026-02-25 09:50:47.008 - INFO - 43 - azureml.training.tabular.score._scoring_utilities.__init__:522 - No positive_label provided but detected a binary classification task
2026-02-25 09:50:47.009 - INFO - 43 - azureml.training.tabular.score._validation.log_classification_debug:194 - Classification metrics debug: {'y_test': (199,), 'y_pred_probs': (199, 2), 'unique_y_test': (2,), 'class_labels': (2,), 'train_labels': (2,), 'n_missing_train': 0, 'n_missing_valid': 0, 'sample_weight': None}
2026-02-25 09:50:47.009 - INFO - 43 - azureml.training.tabular.score._validation.log_classification_debug:194 - Classification metrics debug: {'y_test': (199,), 'y_pred_probs': (199, 2), 'unique_y_test': (2,), 'class_labels': (2,), 'train_labels': (2,), 'n_missing_train': 0, 'n_missing_valid': 0, 'sample_weight': None}
2026-02-25 09:50:47.010 - INFO - 43 - azureml.training.tabular.score._scoring_utilities.__init__:522 - No positive_label provided but detected a binary classification task
2026-02-25 09:50:47.010 - INFO - 43 - azureml.training.tabular.score._scoring_utilities.__init__:522 - No positive_label provided but detected a binary classification task
2026-02-25 09:50:47.021 - INFO - 43 - azureml.training.tabular.score._validation.log_classification_debug:194 - Classification metrics debug: {'y_test': (199,), 'y_pred_probs': (199, 2), 'unique_y_test': (2,), 'class_labels': (2,), 'train_labels': (2,), 'n_missing_train': 0, 'n_missing_valid': 0, 'sample_weight': None}
2026-02-25 09:50:47.021 - INFO - 43 - azureml.training.tabular.score._validation.log_classification_debug:194 - Classification metrics debug: {'y_test': (199,), 'y_pred_probs': (199, 2), 'unique_y_test': (2,), 'class_labels': (2,), 'train_labels': (2,), 'n_missing_train': 0, 'n_missing_valid': 0, 'sample_weight': None}
2026-02-25 09:50:47.022 - INFO - 43 - azureml.training.tabular.score._scoring_utilities.__init__:522 - No positive_label provided but detected a binary classification task
2026-02-25 09:50:47.022 - INFO - 43 - azureml.training.tabular.score._scoring_utilities.__init__:522 - No positive_label provided but detected a binary classification task
2026-02-25 09:50:47.023 - INFO - 43 - azureml.training.tabular.score._validation.log_classification_debug:194 - Classification metrics debug: {'y_test': (199,), 'y_pred_probs': (199, 2), 'unique_y_test': (2,), 'class_labels': (2,), 'train_labels': (2,), 'n_missing_train': 0, 'n_missing_valid': 0, 'sample_weight': None}
2026-02-25 09:50:47.023 - INFO - 43 - azureml.training.tabular.score._validation.log_classification_debug:194 - Classification metrics debug: {'y_test': (199,), 'y_pred_probs': (199, 2), 'unique_y_test': (2,), 'class_labels': (2,), 'train_labels': (2,), 'n_missing_train': 0, 'n_missing_valid': 0, 'sample_weight': None}
2026-02-25 09:50:47.024 - INFO - 43 - azureml.training.tabular.score._scoring_utilities.__init__:522 - No positive_label provided but detected a binary classification task
2026-02-25 09:50:47.024 - INFO - 43 - azureml.training.tabular.score._scoring_utilities.__init__:522 - No positive_label provided but detected a binary classification task
2026-02-25 09:50:47.026 - INFO - 43 - azureml.training.tabular.score._validation.log_classification_debug:194 - Classification metrics debug: {'y_test': (199,), 'y_pred_probs': (199, 2), 'unique_y_test': (2,), 'class_labels': (2,), 'train_labels': (2,), 'n_missing_train': 0, 'n_missing_valid': 0, 'sample_weight': None}
2026-02-25 09:50:47.026 - INFO - 43 - azureml.training.tabular.score._validation.log_classification_debug:194 - Classification metrics debug: {'y_test': (199,), 'y_pred_probs': (199, 2), 'unique_y_test': (2,), 'class_labels': (2,), 'train_labels': (2,), 'n_missing_train': 0, 'n_missing_valid': 0, 'sample_weight': None}
2026-02-25 09:50:47.026 - INFO - 43 - azureml.training.tabular.score._scoring_utilities.__init__:522 - No positive_label provided but detected a binary classification task
2026-02-25 09:50:47.026 - INFO - 43 - azureml.training.tabular.score._scoring_utilities.__init__:522 - No positive_label provided but detected a binary classification task
2026-02-25 09:50:47.028 - INFO - 43 - azureml.training.tabular.score._validation.log_classification_debug:194 - Classification metrics debug: {'y_test': (199,), 'y_pred_probs': (199, 2), 'unique_y_test': (2,), 'class_labels': (2,), 'train_labels': (2,), 'n_missing_train': 0, 'n_missing_valid': 0, 'sample_weight': None}
2026-02-25 09:50:47.028 - INFO - 43 - azureml.training.tabular.score._validation.log_classification_debug:194 - Classification metrics debug: {'y_test': (199,), 'y_pred_probs': (199, 2), 'unique_y_test': (2,), 'class_labels': (2,), 'train_labels': (2,), 'n_missing_train': 0, 'n_missing_valid': 0, 'sample_weight': None}
2026-02-25 09:50:47.029 - INFO - 43 - azureml.training.tabular.score._scoring_utilities.__init__:522 - No positive_label provided but detected a binary classification task
2026-02-25 09:50:47.029 - INFO - 43 - azureml.training.tabular.score._scoring_utilities.__init__:522 - No positive_label provided but detected a binary classification task
2026-02-25 09:50:47.030 - INFO - 43 - azureml.training.tabular.score._validation.log_classification_debug:194 - Classification metrics debug: {'y_test': (199,), 'y_pred_probs': (199, 2), 'unique_y_test': (2,), 'class_labels': (2,), 'train_labels': (2,), 'n_missing_train': 0, 'n_missing_valid': 0, 'sample_weight': None}
2026-02-25 09:50:47.030 - INFO - 43 - azureml.training.tabular.score._validation.log_classification_debug:194 - Classification metrics debug: {'y_test': (199,), 'y_pred_probs': (199, 2), 'unique_y_test': (2,), 'class_labels': (2,), 'train_labels': (2,), 'n_missing_train': 0, 'n_missing_valid': 0, 'sample_weight': None}
2026-02-25 09:50:47.031 - INFO - 43 - azureml.training.tabular.score._scoring_utilities.__init__:522 - No positive_label provided but detected a binary classification task
2026-02-25 09:50:47.031 - INFO - 43 - azureml.training.tabular.score._scoring_utilities.__init__:522 - No positive_label provided but detected a binary classification task
2026-02-25 09:50:47.033 - INFO - 43 - azureml.training.tabular.score._validation.log_classification_debug:194 - Classification metrics debug: {'y_test': (199,), 'y_pred_probs': (199, 2), 'unique_y_test': (2,), 'class_labels': (2,), 'train_labels': (2,), 'n_missing_train': 0, 'n_missing_valid': 0, 'sample_weight': None}
2026-02-25 09:50:47.033 - INFO - 43 - azureml.training.tabular.score._validation.log_classification_debug:194 - Classification metrics debug: {'y_test': (199,), 'y_pred_probs': (199, 2), 'unique_y_test': (2,), 'class_labels': (2,), 'train_labels': (2,), 'n_missing_train': 0, 'n_missing_valid': 0, 'sample_weight': None}
2026-02-25 09:50:47.033 - INFO - 43 - azureml.training.tabular.score._scoring_utilities.__init__:522 - No positive_label provided but detected a binary classification task
2026-02-25 09:50:47.033 - INFO - 43 - azureml.training.tabular.score._scoring_utilities.__init__:522 - No positive_label provided but detected a binary classification task
2026-02-25 09:50:47.035 - INFO - 43 - azureml.training.tabular.score._validation.log_classification_debug:194 - Classification metrics debug: {'y_test': (199,), 'y_pred_probs': (199, 2), 'unique_y_test': (2,), 'class_labels': (2,), 'train_labels': (2,), 'n_missing_train': 0, 'n_missing_valid': 0, 'sample_weight': None}
2026-02-25 09:50:47.035 - INFO - 43 - azureml.training.tabular.score._validation.log_classification_debug:194 - Classification metrics debug: {'y_test': (199,), 'y_pred_probs': (199, 2), 'unique_y_test': (2,), 'class_labels': (2,), 'train_labels': (2,), 'n_missing_train': 0, 'n_missing_valid': 0, 'sample_weight': None}
2026-02-25 09:50:47.036 - INFO - 43 - azureml.training.tabular.score._scoring_utilities.__init__:522 - No positive_label provided but detected a binary classification task
2026-02-25 09:50:47.036 - INFO - 43 - azureml.training.tabular.score._scoring_utilities.__init__:522 - No positive_label provided but detected a binary classification task
2026-02-25 09:50:47.038 - INFO - 43 - azureml.training.tabular.score._validation.log_classification_debug:194 - Classification metrics debug: {'y_test': (199,), 'y_pred_probs': (199, 2), 'unique_y_test': (2,), 'class_labels': (2,), 'train_labels': (2,), 'n_missing_train': 0, 'n_missing_valid': 0, 'sample_weight': None}
2026-02-25 09:50:47.038 - INFO - 43 - azureml.training.tabular.score._validation.log_classification_debug:194 - Classification metrics debug: {'y_test': (199,), 'y_pred_probs': (199, 2), 'unique_y_test': (2,), 'class_labels': (2,), 'train_labels': (2,), 'n_missing_train': 0, 'n_missing_valid': 0, 'sample_weight': None}
2026-02-25 09:50:47.038 - INFO - 43 - azureml.training.tabular.score._scoring_utilities.__init__:522 - No positive_label provided but detected a binary classification task
2026-02-25 09:50:47.038 - INFO - 43 - azureml.training.tabular.score._scoring_utilities.__init__:522 - No positive_label provided but detected a binary classification task
2026-02-25 09:50:47.040 - INFO - 43 - azureml.training.tabular.score._validation.log_classification_debug:194 - Classification metrics debug: {'y_test': (199,), 'y_pred_probs': (199, 2), 'unique_y_test': (2,), 'class_labels': (2,), 'train_labels': (2,), 'n_missing_train': 0, 'n_missing_valid': 0, 'sample_weight': None}
2026-02-25 09:50:47.040 - INFO - 43 - azureml.training.tabular.score._validation.log_classification_debug:194 - Classification metrics debug: {'y_test': (199,), 'y_pred_probs': (199, 2), 'unique_y_test': (2,), 'class_labels': (2,), 'train_labels': (2,), 'n_missing_train': 0, 'n_missing_valid': 0, 'sample_weight': None}
2026-02-25 09:50:47.040 - INFO - 43 - azureml.training.tabular.score._scoring_utilities.__init__:522 - No positive_label provided but detected a binary classification task
2026-02-25 09:50:47.040 - INFO - 43 - azureml.training.tabular.score._scoring_utilities.__init__:522 - No positive_label provided but detected a binary classification task
2026-02-25 09:50:47.042 - INFO - 43 - azureml.training.tabular.score._validation.log_classification_debug:194 - Classification metrics debug: {'y_test': (199,), 'y_pred_probs': (199, 2), 'unique_y_test': (2,), 'class_labels': (2,), 'train_labels': (2,), 'n_missing_train': 0, 'n_missing_valid': 0, 'sample_weight': None}
2026-02-25 09:50:47.042 - INFO - 43 - azureml.training.tabular.score._validation.log_classification_debug:194 - Classification metrics debug: {'y_test': (199,), 'y_pred_probs': (199, 2), 'unique_y_test': (2,), 'class_labels': (2,), 'train_labels': (2,), 'n_missing_train': 0, 'n_missing_valid': 0, 'sample_weight': None}
2026-02-25 09:50:47.043 - INFO - 43 - azureml.training.tabular.score._scoring_utilities.__init__:522 - No positive_label provided but detected a binary classification task
2026-02-25 09:50:47.043 - INFO - 43 - azureml.training.tabular.score._scoring_utilities.__init__:522 - No positive_label provided but detected a binary classification task
2026-02-25 09:50:47.057 - INFO - 43 - azureml.training.tabular.score._validation.log_classification_debug:194 - Classification metrics debug: {'y_test': (199,), 'y_pred_probs': (199, 2), 'unique_y_test': (2,), 'class_labels': (2,), 'train_labels': (2,), 'n_missing_train': 0, 'n_missing_valid': 0, 'sample_weight': None}
2026-02-25 09:50:47.057 - INFO - 43 - azureml.training.tabular.score._validation.log_classification_debug:194 - Classification metrics debug: {'y_test': (199,), 'y_pred_probs': (199, 2), 'unique_y_test': (2,), 'class_labels': (2,), 'train_labels': (2,), 'n_missing_train': 0, 'n_missing_valid': 0, 'sample_weight': None}
2026-02-25 09:50:47.058 - INFO - 43 - azureml.training.tabular.score._scoring_utilities.__init__:522 - No positive_label provided but detected a binary classification task
2026-02-25 09:50:47.058 - INFO - 43 - azureml.training.tabular.score._scoring_utilities.__init__:522 - No positive_label provided but detected a binary classification task
2026-02-25 09:50:47.060 - INFO - 43 - azureml.training.tabular.score._validation.log_classification_debug:194 - Classification metrics debug: {'y_test': (199,), 'y_pred_probs': (199, 2), 'unique_y_test': (2,), 'class_labels': (2,), 'train_labels': (2,), 'n_missing_train': 0, 'n_missing_valid': 0, 'sample_weight': None}
2026-02-25 09:50:47.060 - INFO - 43 - azureml.training.tabular.score._validation.log_classification_debug:194 - Classification metrics debug: {'y_test': (199,), 'y_pred_probs': (199, 2), 'unique_y_test': (2,), 'class_labels': (2,), 'train_labels': (2,), 'n_missing_train': 0, 'n_missing_valid': 0, 'sample_weight': None}
2026-02-25 09:50:47.060 - INFO - 43 - azureml.training.tabular.score._scoring_utilities.__init__:522 - No positive_label provided but detected a binary classification task
2026-02-25 09:50:47.060 - INFO - 43 - azureml.training.tabular.score._scoring_utilities.__init__:522 - No positive_label provided but detected a binary classification task
2026-02-25 09:50:47.062 - INFO - 43 - azureml.training.tabular.score._validation.log_classification_debug:194 - Classification metrics debug: {'y_test': (199,), 'y_pred_probs': (199, 2), 'unique_y_test': (2,), 'class_labels': (2,), 'train_labels': (2,), 'n_missing_train': 0, 'n_missing_valid': 0, 'sample_weight': None}
2026-02-25 09:50:47.062 - INFO - 43 - azureml.training.tabular.score._validation.log_classification_debug:194 - Classification metrics debug: {'y_test': (199,), 'y_pred_probs': (199, 2), 'unique_y_test': (2,), 'class_labels': (2,), 'train_labels': (2,), 'n_missing_train': 0, 'n_missing_valid': 0, 'sample_weight': None}
2026-02-25 09:50:47.063 - INFO - 43 - azureml.training.tabular.score._scoring_utilities.__init__:522 - No positive_label provided but detected a binary classification task
2026-02-25 09:50:47.063 - INFO - 43 - azureml.training.tabular.score._scoring_utilities.__init__:522 - No positive_label provided but detected a binary classification task
2026-02-25 09:50:47.064 - INFO - 43 - azureml.training.tabular.score._validation.log_classification_debug:194 - Classification metrics debug: {'y_test': (199,), 'y_pred_probs': (199, 2), 'unique_y_test': (2,), 'class_labels': (2,), 'train_labels': (2,), 'n_missing_train': 0, 'n_missing_valid': 0, 'sample_weight': None}
2026-02-25 09:50:47.064 - INFO - 43 - azureml.training.tabular.score._validation.log_classification_debug:194 - Classification metrics debug: {'y_test': (199,), 'y_pred_probs': (199, 2), 'unique_y_test': (2,), 'class_labels': (2,), 'train_labels': (2,), 'n_missing_train': 0, 'n_missing_valid': 0, 'sample_weight': None}
2026-02-25 09:50:47.065 - INFO - 43 - azureml.training.tabular.score._scoring_utilities.__init__:522 - No positive_label provided but detected a binary classification task
2026-02-25 09:50:47.065 - INFO - 43 - azureml.training.tabular.score._scoring_utilities.__init__:522 - No positive_label provided but detected a binary classification task
2026-02-25 09:50:47.067 - INFO - 43 - azureml.training.tabular.score._validation.log_classification_debug:194 - Classification metrics debug: {'y_test': (199,), 'y_pred_probs': (199, 2), 'unique_y_test': (2,), 'class_labels': (2,), 'train_labels': (2,), 'n_missing_train': 0, 'n_missing_valid': 0, 'sample_weight': None}
2026-02-25 09:50:47.067 - INFO - 43 - azureml.training.tabular.score._validation.log_classification_debug:194 - Classification metrics debug: {'y_test': (199,), 'y_pred_probs': (199, 2), 'unique_y_test': (2,), 'class_labels': (2,), 'train_labels': (2,), 'n_missing_train': 0, 'n_missing_valid': 0, 'sample_weight': None}
2026-02-25 09:50:47.068 - INFO - 43 - azureml.training.tabular.score._scoring_utilities.__init__:522 - No positive_label provided but detected a binary classification task
2026-02-25 09:50:47.068 - INFO - 43 - azureml.training.tabular.score._scoring_utilities.__init__:522 - No positive_label provided but detected a binary classification task
2026-02-25 09:50:47.069 - INFO - 43 - azureml.training.tabular.score._validation.log_classification_debug:194 - Classification metrics debug: {'y_test': (199,), 'y_pred_probs': (199, 2), 'unique_y_test': (2,), 'class_labels': (2,), 'train_labels': (2,), 'n_missing_train': 0, 'n_missing_valid': 0, 'sample_weight': None}
2026-02-25 09:50:47.069 - INFO - 43 - azureml.training.tabular.score._validation.log_classification_debug:194 - Classification metrics debug: {'y_test': (199,), 'y_pred_probs': (199, 2), 'unique_y_test': (2,), 'class_labels': (2,), 'train_labels': (2,), 'n_missing_train': 0, 'n_missing_valid': 0, 'sample_weight': None}
2026-02-25 09:50:47.070 - INFO - 43 - azureml.training.tabular.score._scoring_utilities.__init__:522 - No positive_label provided but detected a binary classification task
2026-02-25 09:50:47.070 - INFO - 43 - azureml.training.tabular.score._scoring_utilities.__init__:522 - No positive_label provided but detected a binary classification task
2026-02-25 09:50:47.072 - INFO - 43 - azureml.training.tabular.score._validation.log_classification_debug:194 - Classification metrics debug: {'y_test': (199,), 'y_pred_probs': (199, 2), 'unique_y_test': (2,), 'class_labels': (2,), 'train_labels': (2,), 'n_missing_train': 0, 'n_missing_valid': 0, 'sample_weight': None}
2026-02-25 09:50:47.072 - INFO - 43 - azureml.training.tabular.score._validation.log_classification_debug:194 - Classification metrics debug: {'y_test': (199,), 'y_pred_probs': (199, 2), 'unique_y_test': (2,), 'class_labels': (2,), 'train_labels': (2,), 'n_missing_train': 0, 'n_missing_valid': 0, 'sample_weight': None}
2026-02-25 09:50:47.072 - INFO - 43 - azureml.training.tabular.score._scoring_utilities.__init__:522 - No positive_label provided but detected a binary classification task
2026-02-25 09:50:47.072 - INFO - 43 - azureml.training.tabular.score._scoring_utilities.__init__:522 - No positive_label provided but detected a binary classification task
2026-02-25 09:50:47.074 - INFO - 43 - azureml.training.tabular.score._validation.log_classification_debug:194 - Classification metrics debug: {'y_test': (199,), 'y_pred_probs': (199, 2), 'unique_y_test': (2,), 'class_labels': (2,), 'train_labels': (2,), 'n_missing_train': 0, 'n_missing_valid': 0, 'sample_weight': None}
2026-02-25 09:50:47.074 - INFO - 43 - azureml.training.tabular.score._validation.log_classification_debug:194 - Classification metrics debug: {'y_test': (199,), 'y_pred_probs': (199, 2), 'unique_y_test': (2,), 'class_labels': (2,), 'train_labels': (2,), 'n_missing_train': 0, 'n_missing_valid': 0, 'sample_weight': None}
2026-02-25 09:50:47.075 - INFO - 43 - azureml.training.tabular.score._scoring_utilities.__init__:522 - No positive_label provided but detected a binary classification task
2026-02-25 09:50:47.075 - INFO - 43 - azureml.training.tabular.score._scoring_utilities.__init__:522 - No positive_label provided but detected a binary classification task
2026-02-25 09:50:47.077 - INFO - 43 - azureml.training.tabular.score._validation.log_classification_debug:194 - Classification metrics debug: {'y_test': (199,), 'y_pred_probs': (199, 2), 'unique_y_test': (2,), 'class_labels': (2,), 'train_labels': (2,), 'n_missing_train': 0, 'n_missing_valid': 0, 'sample_weight': None}
2026-02-25 09:50:47.077 - INFO - 43 - azureml.training.tabular.score._validation.log_classification_debug:194 - Classification metrics debug: {'y_test': (199,), 'y_pred_probs': (199, 2), 'unique_y_test': (2,), 'class_labels': (2,), 'train_labels': (2,), 'n_missing_train': 0, 'n_missing_valid': 0, 'sample_weight': None}
2026-02-25 09:50:47.078 - INFO - 43 - azureml.training.tabular.score._scoring_utilities.__init__:522 - No positive_label provided but detected a binary classification task
2026-02-25 09:50:47.078 - INFO - 43 - azureml.training.tabular.score._scoring_utilities.__init__:522 - No positive_label provided but detected a binary classification task
2026-02-25 09:50:47.080 - INFO - 43 - azureml.training.tabular.score._validation.log_classification_debug:194 - Classification metrics debug: {'y_test': (199,), 'y_pred_probs': (199, 2), 'unique_y_test': (2,), 'class_labels': (2,), 'train_labels': (2,), 'n_missing_train': 0, 'n_missing_valid': 0, 'sample_weight': None}
2026-02-25 09:50:47.080 - INFO - 43 - azureml.training.tabular.score._validation.log_classification_debug:194 - Classification metrics debug: {'y_test': (199,), 'y_pred_probs': (199, 2), 'unique_y_test': (2,), 'class_labels': (2,), 'train_labels': (2,), 'n_missing_train': 0, 'n_missing_valid': 0, 'sample_weight': None}
2026-02-25 09:50:47.081 - INFO - 43 - azureml.training.tabular.score._scoring_utilities.__init__:522 - No positive_label provided but detected a binary classification task
2026-02-25 09:50:47.081 - INFO - 43 - azureml.training.tabular.score._scoring_utilities.__init__:522 - No positive_label provided but detected a binary classification task
2026-02-25 09:50:47.094 - INFO - 43 - azureml.training.tabular.score._validation.log_classification_debug:194 - Classification metrics debug: {'y_test': (198,), 'y_pred_probs': (198, 2), 'unique_y_test': (2,), 'class_labels': (2,), 'train_labels': (2,), 'n_missing_train': 0, 'n_missing_valid': 0, 'sample_weight': None}
2026-02-25 09:50:47.094 - INFO - 43 - azureml.training.tabular.score._validation.log_classification_debug:194 - Classification metrics debug: {'y_test': (198,), 'y_pred_probs': (198, 2), 'unique_y_test': (2,), 'class_labels': (2,), 'train_labels': (2,), 'n_missing_train': 0, 'n_missing_valid': 0, 'sample_weight': None}
2026-02-25 09:50:47.095 - INFO - 43 - azureml.training.tabular.score._scoring_utilities.__init__:522 - No positive_label provided but detected a binary classification task
2026-02-25 09:50:47.095 - INFO - 43 - azureml.training.tabular.score._scoring_utilities.__init__:522 - No positive_label provided but detected a binary classification task
2026-02-25 09:50:47.097 - INFO - 43 - azureml.training.tabular.score._validation.log_classification_debug:194 - Classification metrics debug: {'y_test': (198,), 'y_pred_probs': (198, 2), 'unique_y_test': (2,), 'class_labels': (2,), 'train_labels': (2,), 'n_missing_train': 0, 'n_missing_valid': 0, 'sample_weight': None}
2026-02-25 09:50:47.097 - INFO - 43 - azureml.training.tabular.score._validation.log_classification_debug:194 - Classification metrics debug: {'y_test': (198,), 'y_pred_probs': (198, 2), 'unique_y_test': (2,), 'class_labels': (2,), 'train_labels': (2,), 'n_missing_train': 0, 'n_missing_valid': 0, 'sample_weight': None}
2026-02-25 09:50:47.098 - INFO - 43 - azureml.training.tabular.score._scoring_utilities.__init__:522 - No positive_label provided but detected a binary classification task
2026-02-25 09:50:47.098 - INFO - 43 - azureml.training.tabular.score._scoring_utilities.__init__:522 - No positive_label provided but detected a binary classification task
2026-02-25 09:50:47.100 - INFO - 43 - azureml.training.tabular.score._validation.log_classification_debug:194 - Classification metrics debug: {'y_test': (198,), 'y_pred_probs': (198, 2), 'unique_y_test': (2,), 'class_labels': (2,), 'train_labels': (2,), 'n_missing_train': 0, 'n_missing_valid': 0, 'sample_weight': None}
2026-02-25 09:50:47.100 - INFO - 43 - azureml.training.tabular.score._validation.log_classification_debug:194 - Classification metrics debug: {'y_test': (198,), 'y_pred_probs': (198, 2), 'unique_y_test': (2,), 'class_labels': (2,), 'train_labels': (2,), 'n_missing_train': 0, 'n_missing_valid': 0, 'sample_weight': None}
2026-02-25 09:50:47.100 - INFO - 43 - azureml.training.tabular.score._scoring_utilities.__init__:522 - No positive_label provided but detected a binary classification task
2026-02-25 09:50:47.100 - INFO - 43 - azureml.training.tabular.score._scoring_utilities.__init__:522 - No positive_label provided but detected a binary classification task
2026-02-25 09:50:47.102 - INFO - 43 - azureml.training.tabular.score._validation.log_classification_debug:194 - Classification metrics debug: {'y_test': (198,), 'y_pred_probs': (198, 2), 'unique_y_test': (2,), 'class_labels': (2,), 'train_labels': (2,), 'n_missing_train': 0, 'n_missing_valid': 0, 'sample_weight': None}
2026-02-25 09:50:47.102 - INFO - 43 - azureml.training.tabular.score._validation.log_classification_debug:194 - Classification metrics debug: {'y_test': (198,), 'y_pred_probs': (198, 2), 'unique_y_test': (2,), 'class_labels': (2,), 'train_labels': (2,), 'n_missing_train': 0, 'n_missing_valid': 0, 'sample_weight': None}
2026-02-25 09:50:47.103 - INFO - 43 - azureml.training.tabular.score._scoring_utilities.__init__:522 - No positive_label provided but detected a binary classification task
2026-02-25 09:50:47.103 - INFO - 43 - azureml.training.tabular.score._scoring_utilities.__init__:522 - No positive_label provided but detected a binary classification task
2026-02-25 09:50:47.104 - INFO - 43 - azureml.training.tabular.score._validation.log_classification_debug:194 - Classification metrics debug: {'y_test': (198,), 'y_pred_probs': (198, 2), 'unique_y_test': (2,), 'class_labels': (2,), 'train_labels': (2,), 'n_missing_train': 0, 'n_missing_valid': 0, 'sample_weight': None}
2026-02-25 09:50:47.104 - INFO - 43 - azureml.training.tabular.score._validation.log_classification_debug:194 - Classification metrics debug: {'y_test': (198,), 'y_pred_probs': (198, 2), 'unique_y_test': (2,), 'class_labels': (2,), 'train_labels': (2,), 'n_missing_train': 0, 'n_missing_valid': 0, 'sample_weight': None}
2026-02-25 09:50:47.105 - INFO - 43 - azureml.training.tabular.score._scoring_utilities.__init__:522 - No positive_label provided but detected a binary classification task
2026-02-25 09:50:47.105 - INFO - 43 - azureml.training.tabular.score._scoring_utilities.__init__:522 - No positive_label provided but detected a binary classification task
2026-02-25 09:50:47.107 - INFO - 43 - azureml.training.tabular.score._validation.log_classification_debug:194 - Classification metrics debug: {'y_test': (198,), 'y_pred_probs': (198, 2), 'unique_y_test': (2,), 'class_labels': (2,), 'train_labels': (2,), 'n_missing_train': 0, 'n_missing_valid': 0, 'sample_weight': None}
2026-02-25 09:50:47.107 - INFO - 43 - azureml.training.tabular.score._validation.log_classification_debug:194 - Classification metrics debug: {'y_test': (198,), 'y_pred_probs': (198, 2), 'unique_y_test': (2,), 'class_labels': (2,), 'train_labels': (2,), 'n_missing_train': 0, 'n_missing_valid': 0, 'sample_weight': None}
2026-02-25 09:50:47.107 - INFO - 43 - azureml.training.tabular.score._scoring_utilities.__init__:522 - No positive_label provided but detected a binary classification task
2026-02-25 09:50:47.107 - INFO - 43 - azureml.training.tabular.score._scoring_utilities.__init__:522 - No positive_label provided but detected a binary classification task
2026-02-25 09:50:47.109 - INFO - 43 - azureml.training.tabular.score._validation.log_classification_debug:194 - Classification metrics debug: {'y_test': (198,), 'y_pred_probs': (198, 2), 'unique_y_test': (2,), 'class_labels': (2,), 'train_labels': (2,), 'n_missing_train': 0, 'n_missing_valid': 0, 'sample_weight': None}
2026-02-25 09:50:47.109 - INFO - 43 - azureml.training.tabular.score._validation.log_classification_debug:194 - Classification metrics debug: {'y_test': (198,), 'y_pred_probs': (198, 2), 'unique_y_test': (2,), 'class_labels': (2,), 'train_labels': (2,), 'n_missing_train': 0, 'n_missing_valid': 0, 'sample_weight': None}
2026-02-25 09:50:47.110 - INFO - 43 - azureml.training.tabular.score._scoring_utilities.__init__:522 - No positive_label provided but detected a binary classification task
2026-02-25 09:50:47.110 - INFO - 43 - azureml.training.tabular.score._scoring_utilities.__init__:522 - No positive_label provided but detected a binary classification task
2026-02-25 09:50:47.111 - INFO - 43 - azureml.training.tabular.score._validation.log_classification_debug:194 - Classification metrics debug: {'y_test': (198,), 'y_pred_probs': (198, 2), 'unique_y_test': (2,), 'class_labels': (2,), 'train_labels': (2,), 'n_missing_train': 0, 'n_missing_valid': 0, 'sample_weight': None}
2026-02-25 09:50:47.111 - INFO - 43 - azureml.training.tabular.score._validation.log_classification_debug:194 - Classification metrics debug: {'y_test': (198,), 'y_pred_probs': (198, 2), 'unique_y_test': (2,), 'class_labels': (2,), 'train_labels': (2,), 'n_missing_train': 0, 'n_missing_valid': 0, 'sample_weight': None}
2026-02-25 09:50:47.112 - INFO - 43 - azureml.training.tabular.score._scoring_utilities.__init__:522 - No positive_label provided but detected a binary classification task
2026-02-25 09:50:47.112 - INFO - 43 - azureml.training.tabular.score._scoring_utilities.__init__:522 - No positive_label provided but detected a binary classification task
2026-02-25 09:50:47.114 - INFO - 43 - azureml.training.tabular.score._validation.log_classification_debug:194 - Classification metrics debug: {'y_test': (198,), 'y_pred_probs': (198, 2), 'unique_y_test': (2,), 'class_labels': (2,), 'train_labels': (2,), 'n_missing_train': 0, 'n_missing_valid': 0, 'sample_weight': None}
2026-02-25 09:50:47.114 - INFO - 43 - azureml.training.tabular.score._validation.log_classification_debug:194 - Classification metrics debug: {'y_test': (198,), 'y_pred_probs': (198, 2), 'unique_y_test': (2,), 'class_labels': (2,), 'train_labels': (2,), 'n_missing_train': 0, 'n_missing_valid': 0, 'sample_weight': None}
2026-02-25 09:50:47.114 - INFO - 43 - azureml.training.tabular.score._scoring_utilities.__init__:522 - No positive_label provided but detected a binary classification task
2026-02-25 09:50:47.114 - INFO - 43 - azureml.training.tabular.score._scoring_utilities.__init__:522 - No positive_label provided but detected a binary classification task
2026-02-25 09:50:47.116 - INFO - 43 - azureml.training.tabular.score._validation.log_classification_debug:194 - Classification metrics debug: {'y_test': (198,), 'y_pred_probs': (198, 2), 'unique_y_test': (2,), 'class_labels': (2,), 'train_labels': (2,), 'n_missing_train': 0, 'n_missing_valid': 0, 'sample_weight': None}
2026-02-25 09:50:47.116 - INFO - 43 - azureml.training.tabular.score._validation.log_classification_debug:194 - Classification metrics debug: {'y_test': (198,), 'y_pred_probs': (198, 2), 'unique_y_test': (2,), 'class_labels': (2,), 'train_labels': (2,), 'n_missing_train': 0, 'n_missing_valid': 0, 'sample_weight': None}
2026-02-25 09:50:47.117 - INFO - 43 - azureml.training.tabular.score._scoring_utilities.__init__:522 - No positive_label provided but detected a binary classification task
2026-02-25 09:50:47.117 - INFO - 43 - azureml.training.tabular.score._scoring_utilities.__init__:522 - No positive_label provided but detected a binary classification task
2026-02-25 09:50:47.127 - INFO - 43 - azureml.training.tabular.score._validation.log_classification_debug:194 - Classification metrics debug: {'y_test': (198,), 'y_pred_probs': (198, 2), 'unique_y_test': (2,), 'class_labels': (2,), 'train_labels': (2,), 'n_missing_train': 0, 'n_missing_valid': 0, 'sample_weight': None}
2026-02-25 09:50:47.127 - INFO - 43 - azureml.training.tabular.score._validation.log_classification_debug:194 - Classification metrics debug: {'y_test': (198,), 'y_pred_probs': (198, 2), 'unique_y_test': (2,), 'class_labels': (2,), 'train_labels': (2,), 'n_missing_train': 0, 'n_missing_valid': 0, 'sample_weight': None}
2026-02-25 09:50:47.128 - INFO - 43 - azureml.training.tabular.score._scoring_utilities.__init__:522 - No positive_label provided but detected a binary classification task
2026-02-25 09:50:47.128 - INFO - 43 - azureml.training.tabular.score._scoring_utilities.__init__:522 - No positive_label provided but detected a binary classification task
2026-02-25 09:50:47.130 - INFO - 43 - azureml.training.tabular.score._validation.log_classification_debug:194 - Classification metrics debug: {'y_test': (198,), 'y_pred_probs': (198, 2), 'unique_y_test': (2,), 'class_labels': (2,), 'train_labels': (2,), 'n_missing_train': 0, 'n_missing_valid': 0, 'sample_weight': None}
2026-02-25 09:50:47.130 - INFO - 43 - azureml.training.tabular.score._validation.log_classification_debug:194 - Classification metrics debug: {'y_test': (198,), 'y_pred_probs': (198, 2), 'unique_y_test': (2,), 'class_labels': (2,), 'train_labels': (2,), 'n_missing_train': 0, 'n_missing_valid': 0, 'sample_weight': None}
2026-02-25 09:50:47.130 - INFO - 43 - azureml.training.tabular.score._scoring_utilities.__init__:522 - No positive_label provided but detected a binary classification task
2026-02-25 09:50:47.130 - INFO - 43 - azureml.training.tabular.score._scoring_utilities.__init__:522 - No positive_label provided but detected a binary classification task
2026-02-25 09:50:47.132 - INFO - 43 - azureml.training.tabular.score._validation.log_classification_debug:194 - Classification metrics debug: {'y_test': (198,), 'y_pred_probs': (198, 2), 'unique_y_test': (2,), 'class_labels': (2,), 'train_labels': (2,), 'n_missing_train': 0, 'n_missing_valid': 0, 'sample_weight': None}
2026-02-25 09:50:47.132 - INFO - 43 - azureml.training.tabular.score._validation.log_classification_debug:194 - Classification metrics debug: {'y_test': (198,), 'y_pred_probs': (198, 2), 'unique_y_test': (2,), 'class_labels': (2,), 'train_labels': (2,), 'n_missing_train': 0, 'n_missing_valid': 0, 'sample_weight': None}
2026-02-25 09:50:47.133 - INFO - 43 - azureml.training.tabular.score._scoring_utilities.__init__:522 - No positive_label provided but detected a binary classification task
2026-02-25 09:50:47.133 - INFO - 43 - azureml.training.tabular.score._scoring_utilities.__init__:522 - No positive_label provided but detected a binary classification task
2026-02-25 09:50:47.134 - INFO - 43 - azureml.training.tabular.score._validation.log_classification_debug:194 - Classification metrics debug: {'y_test': (198,), 'y_pred_probs': (198, 2), 'unique_y_test': (2,), 'class_labels': (2,), 'train_labels': (2,), 'n_missing_train': 0, 'n_missing_valid': 0, 'sample_weight': None}
2026-02-25 09:50:47.134 - INFO - 43 - azureml.training.tabular.score._validation.log_classification_debug:194 - Classification metrics debug: {'y_test': (198,), 'y_pred_probs': (198, 2), 'unique_y_test': (2,), 'class_labels': (2,), 'train_labels': (2,), 'n_missing_train': 0, 'n_missing_valid': 0, 'sample_weight': None}
2026-02-25 09:50:47.135 - INFO - 43 - azureml.training.tabular.score._scoring_utilities.__init__:522 - No positive_label provided but detected a binary classification task
2026-02-25 09:50:47.135 - INFO - 43 - azureml.training.tabular.score._scoring_utilities.__init__:522 - No positive_label provided but detected a binary classification task
2026-02-25 09:50:47.137 - INFO - 43 - azureml.training.tabular.score._validation.log_classification_debug:194 - Classification metrics debug: {'y_test': (198,), 'y_pred_probs': (198, 2), 'unique_y_test': (2,), 'class_labels': (2,), 'train_labels': (2,), 'n_missing_train': 0, 'n_missing_valid': 0, 'sample_weight': None}
2026-02-25 09:50:47.137 - INFO - 43 - azureml.training.tabular.score._validation.log_classification_debug:194 - Classification metrics debug: {'y_test': (198,), 'y_pred_probs': (198, 2), 'unique_y_test': (2,), 'class_labels': (2,), 'train_labels': (2,), 'n_missing_train': 0, 'n_missing_valid': 0, 'sample_weight': None}
2026-02-25 09:50:47.137 - INFO - 43 - azureml.training.tabular.score._scoring_utilities.__init__:522 - No positive_label provided but detected a binary classification task
2026-02-25 09:50:47.137 - INFO - 43 - azureml.training.tabular.score._scoring_utilities.__init__:522 - No positive_label provided but detected a binary classification task
2026-02-25 09:50:47.139 - INFO - 43 - azureml.training.tabular.score._validation.log_classification_debug:194 - Classification metrics debug: {'y_test': (198,), 'y_pred_probs': (198, 2), 'unique_y_test': (2,), 'class_labels': (2,), 'train_labels': (2,), 'n_missing_train': 0, 'n_missing_valid': 0, 'sample_weight': None}
2026-02-25 09:50:47.139 - INFO - 43 - azureml.training.tabular.score._validation.log_classification_debug:194 - Classification metrics debug: {'y_test': (198,), 'y_pred_probs': (198, 2), 'unique_y_test': (2,), 'class_labels': (2,), 'train_labels': (2,), 'n_missing_train': 0, 'n_missing_valid': 0, 'sample_weight': None}
2026-02-25 09:50:47.140 - INFO - 43 - azureml.training.tabular.score._scoring_utilities.__init__:522 - No positive_label provided but detected a binary classification task
2026-02-25 09:50:47.140 - INFO - 43 - azureml.training.tabular.score._scoring_utilities.__init__:522 - No positive_label provided but detected a binary classification task
2026-02-25 09:50:47.141 - INFO - 43 - azureml.training.tabular.score._validation.log_classification_debug:194 - Classification metrics debug: {'y_test': (198,), 'y_pred_probs': (198, 2), 'unique_y_test': (2,), 'class_labels': (2,), 'train_labels': (2,), 'n_missing_train': 0, 'n_missing_valid': 0, 'sample_weight': None}
2026-02-25 09:50:47.141 - INFO - 43 - azureml.training.tabular.score._validation.log_classification_debug:194 - Classification metrics debug: {'y_test': (198,), 'y_pred_probs': (198, 2), 'unique_y_test': (2,), 'class_labels': (2,), 'train_labels': (2,), 'n_missing_train': 0, 'n_missing_valid': 0, 'sample_weight': None}
2026-02-25 09:50:47.142 - INFO - 43 - azureml.training.tabular.score._scoring_utilities.__init__:522 - No positive_label provided but detected a binary classification task
2026-02-25 09:50:47.142 - INFO - 43 - azureml.training.tabular.score._scoring_utilities.__init__:522 - No positive_label provided but detected a binary classification task
2026-02-25 09:50:47.144 - INFO - 43 - azureml.training.tabular.score._validation.log_classification_debug:194 - Classification metrics debug: {'y_test': (198,), 'y_pred_probs': (198, 2), 'unique_y_test': (2,), 'class_labels': (2,), 'train_labels': (2,), 'n_missing_train': 0, 'n_missing_valid': 0, 'sample_weight': None}
2026-02-25 09:50:47.144 - INFO - 43 - azureml.training.tabular.score._validation.log_classification_debug:194 - Classification metrics debug: {'y_test': (198,), 'y_pred_probs': (198, 2), 'unique_y_test': (2,), 'class_labels': (2,), 'train_labels': (2,), 'n_missing_train': 0, 'n_missing_valid': 0, 'sample_weight': None}
2026-02-25 09:50:47.144 - INFO - 43 - azureml.training.tabular.score._scoring_utilities.__init__:522 - No positive_label provided but detected a binary classification task
2026-02-25 09:50:47.144 - INFO - 43 - azureml.training.tabular.score._scoring_utilities.__init__:522 - No positive_label provided but detected a binary classification task
2026-02-25 09:50:47.146 - INFO - 43 - azureml.training.tabular.score._validation.log_classification_debug:194 - Classification metrics debug: {'y_test': (198,), 'y_pred_probs': (198, 2), 'unique_y_test': (2,), 'class_labels': (2,), 'train_labels': (2,), 'n_missing_train': 0, 'n_missing_valid': 0, 'sample_weight': None}
2026-02-25 09:50:47.146 - INFO - 43 - azureml.training.tabular.score._validation.log_classification_debug:194 - Classification metrics debug: {'y_test': (198,), 'y_pred_probs': (198, 2), 'unique_y_test': (2,), 'class_labels': (2,), 'train_labels': (2,), 'n_missing_train': 0, 'n_missing_valid': 0, 'sample_weight': None}
2026-02-25 09:50:47.147 - INFO - 43 - azureml.training.tabular.score._scoring_utilities.__init__:522 - No positive_label provided but detected a binary classification task
2026-02-25 09:50:47.147 - INFO - 43 - azureml.training.tabular.score._scoring_utilities.__init__:522 - No positive_label provided but detected a binary classification task
2026-02-25 09:50:47.148 - INFO - 43 - azureml.training.tabular.score._validation.log_classification_debug:194 - Classification metrics debug: {'y_test': (198,), 'y_pred_probs': (198, 2), 'unique_y_test': (2,), 'class_labels': (2,), 'train_labels': (2,), 'n_missing_train': 0, 'n_missing_valid': 0, 'sample_weight': None}
2026-02-25 09:50:47.148 - INFO - 43 - azureml.training.tabular.score._validation.log_classification_debug:194 - Classification metrics debug: {'y_test': (198,), 'y_pred_probs': (198, 2), 'unique_y_test': (2,), 'class_labels': (2,), 'train_labels': (2,), 'n_missing_train': 0, 'n_missing_valid': 0, 'sample_weight': None}
2026-02-25 09:50:47.149 - INFO - 43 - azureml.training.tabular.score._scoring_utilities.__init__:522 - No positive_label provided but detected a binary classification task
2026-02-25 09:50:47.149 - INFO - 43 - azureml.training.tabular.score._scoring_utilities.__init__:522 - No positive_label provided but detected a binary classification task
2026-02-25 09:50:47.163 - INFO - 43 - azureml.training.tabular.score._validation.log_classification_debug:194 - Classification metrics debug: {'y_test': (199,), 'y_pred_probs': (199, 2), 'unique_y_test': (2,), 'class_labels': (2,), 'train_labels': (2,), 'n_missing_train': 0, 'n_missing_valid': 0, 'sample_weight': None}
2026-02-25 09:50:47.163 - INFO - 43 - azureml.training.tabular.score._validation.log_classification_debug:194 - Classification metrics debug: {'y_test': (199,), 'y_pred_probs': (199, 2), 'unique_y_test': (2,), 'class_labels': (2,), 'train_labels': (2,), 'n_missing_train': 0, 'n_missing_valid': 0, 'sample_weight': None}
2026-02-25 09:50:47.163 - INFO - 43 - azureml.training.tabular.score._scoring_utilities.__init__:522 - No positive_label provided but detected a binary classification task
2026-02-25 09:50:47.163 - INFO - 43 - azureml.training.tabular.score._scoring_utilities.__init__:522 - No positive_label provided but detected a binary classification task
2026-02-25 09:50:47.165 - INFO - 43 - azureml.training.tabular.score._validation.log_classification_debug:194 - Classification metrics debug: {'y_test': (199,), 'y_pred_probs': (199, 2), 'unique_y_test': (2,), 'class_labels': (2,), 'train_labels': (2,), 'n_missing_train': 0, 'n_missing_valid': 0, 'sample_weight': None}
2026-02-25 09:50:47.165 - INFO - 43 - azureml.training.tabular.score._validation.log_classification_debug:194 - Classification metrics debug: {'y_test': (199,), 'y_pred_probs': (199, 2), 'unique_y_test': (2,), 'class_labels': (2,), 'train_labels': (2,), 'n_missing_train': 0, 'n_missing_valid': 0, 'sample_weight': None}
2026-02-25 09:50:47.166 - INFO - 43 - azureml.training.tabular.score._scoring_utilities.__init__:522 - No positive_label provided but detected a binary classification task
2026-02-25 09:50:47.166 - INFO - 43 - azureml.training.tabular.score._scoring_utilities.__init__:522 - No positive_label provided but detected a binary classification task
2026-02-25 09:50:47.167 - INFO - 43 - azureml.training.tabular.score._validation.log_classification_debug:194 - Classification metrics debug: {'y_test': (199,), 'y_pred_probs': (199, 2), 'unique_y_test': (2,), 'class_labels': (2,), 'train_labels': (2,), 'n_missing_train': 0, 'n_missing_valid': 0, 'sample_weight': None}
2026-02-25 09:50:47.167 - INFO - 43 - azureml.training.tabular.score._validation.log_classification_debug:194 - Classification metrics debug: {'y_test': (199,), 'y_pred_probs': (199, 2), 'unique_y_test': (2,), 'class_labels': (2,), 'train_labels': (2,), 'n_missing_train': 0, 'n_missing_valid': 0, 'sample_weight': None}
2026-02-25 09:50:47.168 - INFO - 43 - azureml.training.tabular.score._scoring_utilities.__init__:522 - No positive_label provided but detected a binary classification task
2026-02-25 09:50:47.168 - INFO - 43 - azureml.training.tabular.score._scoring_utilities.__init__:522 - No positive_label provided but detected a binary classification task
2026-02-25 09:50:47.170 - INFO - 43 - azureml.training.tabular.score._validation.log_classification_debug:194 - Classification metrics debug: {'y_test': (199,), 'y_pred_probs': (199, 2), 'unique_y_test': (2,), 'class_labels': (2,), 'train_labels': (2,), 'n_missing_train': 0, 'n_missing_valid': 0, 'sample_weight': None}
2026-02-25 09:50:47.170 - INFO - 43 - azureml.training.tabular.score._validation.log_classification_debug:194 - Classification metrics debug: {'y_test': (199,), 'y_pred_probs': (199, 2), 'unique_y_test': (2,), 'class_labels': (2,), 'train_labels': (2,), 'n_missing_train': 0, 'n_missing_valid': 0, 'sample_weight': None}
2026-02-25 09:50:47.170 - INFO - 43 - azureml.training.tabular.score._scoring_utilities.__init__:522 - No positive_label provided but detected a binary classification task
2026-02-25 09:50:47.170 - INFO - 43 - azureml.training.tabular.score._scoring_utilities.__init__:522 - No positive_label provided but detected a binary classification task
2026-02-25 09:50:47.172 - INFO - 43 - azureml.training.tabular.score._validation.log_classification_debug:194 - Classification metrics debug: {'y_test': (199,), 'y_pred_probs': (199, 2), 'unique_y_test': (2,), 'class_labels': (2,), 'train_labels': (2,), 'n_missing_train': 0, 'n_missing_valid': 0, 'sample_weight': None}
2026-02-25 09:50:47.172 - INFO - 43 - azureml.training.tabular.score._validation.log_classification_debug:194 - Classification metrics debug: {'y_test': (199,), 'y_pred_probs': (199, 2), 'unique_y_test': (2,), 'class_labels': (2,), 'train_labels': (2,), 'n_missing_train': 0, 'n_missing_valid': 0, 'sample_weight': None}
2026-02-25 09:50:47.173 - INFO - 43 - azureml.training.tabular.score._scoring_utilities.__init__:522 - No positive_label provided but detected a binary classification task
2026-02-25 09:50:47.173 - INFO - 43 - azureml.training.tabular.score._scoring_utilities.__init__:522 - No positive_label provided but detected a binary classification task
2026-02-25 09:50:47.174 - INFO - 43 - azureml.training.tabular.score._validation.log_classification_debug:194 - Classification metrics debug: {'y_test': (199,), 'y_pred_probs': (199, 2), 'unique_y_test': (2,), 'class_labels': (2,), 'train_labels': (2,), 'n_missing_train': 0, 'n_missing_valid': 0, 'sample_weight': None}
2026-02-25 09:50:47.174 - INFO - 43 - azureml.training.tabular.score._validation.log_classification_debug:194 - Classification metrics debug: {'y_test': (199,), 'y_pred_probs': (199, 2), 'unique_y_test': (2,), 'class_labels': (2,), 'train_labels': (2,), 'n_missing_train': 0, 'n_missing_valid': 0, 'sample_weight': None}
2026-02-25 09:50:47.175 - INFO - 43 - azureml.training.tabular.score._scoring_utilities.__init__:522 - No positive_label provided but detected a binary classification task
2026-02-25 09:50:47.175 - INFO - 43 - azureml.training.tabular.score._scoring_utilities.__init__:522 - No positive_label provided but detected a binary classification task
2026-02-25 09:50:47.177 - INFO - 43 - azureml.training.tabular.score._validation.log_classification_debug:194 - Classification metrics debug: {'y_test': (199,), 'y_pred_probs': (199, 2), 'unique_y_test': (2,), 'class_labels': (2,), 'train_labels': (2,), 'n_missing_train': 0, 'n_missing_valid': 0, 'sample_weight': None}
2026-02-25 09:50:47.177 - INFO - 43 - azureml.training.tabular.score._validation.log_classification_debug:194 - Classification metrics debug: {'y_test': (199,), 'y_pred_probs': (199, 2), 'unique_y_test': (2,), 'class_labels': (2,), 'train_labels': (2,), 'n_missing_train': 0, 'n_missing_valid': 0, 'sample_weight': None}
2026-02-25 09:50:47.177 - INFO - 43 - azureml.training.tabular.score._scoring_utilities.__init__:522 - No positive_label provided but detected a binary classification task
2026-02-25 09:50:47.177 - INFO - 43 - azureml.training.tabular.score._scoring_utilities.__init__:522 - No positive_label provided but detected a binary classification task
2026-02-25 09:50:47.179 - INFO - 43 - azureml.training.tabular.score._validation.log_classification_debug:194 - Classification metrics debug: {'y_test': (199,), 'y_pred_probs': (199, 2), 'unique_y_test': (2,), 'class_labels': (2,), 'train_labels': (2,), 'n_missing_train': 0, 'n_missing_valid': 0, 'sample_weight': None}
2026-02-25 09:50:47.179 - INFO - 43 - azureml.training.tabular.score._validation.log_classification_debug:194 - Classification metrics debug: {'y_test': (199,), 'y_pred_probs': (199, 2), 'unique_y_test': (2,), 'class_labels': (2,), 'train_labels': (2,), 'n_missing_train': 0, 'n_missing_valid': 0, 'sample_weight': None}
2026-02-25 09:50:47.180 - INFO - 43 - azureml.training.tabular.score._scoring_utilities.__init__:522 - No positive_label provided but detected a binary classification task
2026-02-25 09:50:47.180 - INFO - 43 - azureml.training.tabular.score._scoring_utilities.__init__:522 - No positive_label provided but detected a binary classification task
2026-02-25 09:50:47.182 - INFO - 43 - azureml.training.tabular.score._validation.log_classification_debug:194 - Classification metrics debug: {'y_test': (199,), 'y_pred_probs': (199, 2), 'unique_y_test': (2,), 'class_labels': (2,), 'train_labels': (2,), 'n_missing_train': 0, 'n_missing_valid': 0, 'sample_weight': None}
2026-02-25 09:50:47.182 - INFO - 43 - azureml.training.tabular.score._validation.log_classification_debug:194 - Classification metrics debug: {'y_test': (199,), 'y_pred_probs': (199, 2), 'unique_y_test': (2,), 'class_labels': (2,), 'train_labels': (2,), 'n_missing_train': 0, 'n_missing_valid': 0, 'sample_weight': None}
2026-02-25 09:50:47.183 - INFO - 43 - azureml.training.tabular.score._scoring_utilities.__init__:522 - No positive_label provided but detected a binary classification task
2026-02-25 09:50:47.183 - INFO - 43 - azureml.training.tabular.score._scoring_utilities.__init__:522 - No positive_label provided but detected a binary classification task
2026-02-25 09:50:47.185 - INFO - 43 - azureml.training.tabular.score._validation.log_classification_debug:194 - Classification metrics debug: {'y_test': (199,), 'y_pred_probs': (199, 2), 'unique_y_test': (2,), 'class_labels': (2,), 'train_labels': (2,), 'n_missing_train': 0, 'n_missing_valid': 0, 'sample_weight': None}
2026-02-25 09:50:47.185 - INFO - 43 - azureml.training.tabular.score._validation.log_classification_debug:194 - Classification metrics debug: {'y_test': (199,), 'y_pred_probs': (199, 2), 'unique_y_test': (2,), 'class_labels': (2,), 'train_labels': (2,), 'n_missing_train': 0, 'n_missing_valid': 0, 'sample_weight': None}
2026-02-25 09:50:47.186 - INFO - 43 - azureml.training.tabular.score._scoring_utilities.__init__:522 - No positive_label provided but detected a binary classification task
2026-02-25 09:50:47.186 - INFO - 43 - azureml.training.tabular.score._scoring_utilities.__init__:522 - No positive_label provided but detected a binary classification task
2026-02-25 09:50:47.196 - INFO - 43 - azureml.training.tabular.score._validation.log_classification_debug:194 - Classification metrics debug: {'y_test': (199,), 'y_pred_probs': (199, 2), 'unique_y_test': (2,), 'class_labels': (2,), 'train_labels': (2,), 'n_missing_train': 0, 'n_missing_valid': 0, 'sample_weight': None}
2026-02-25 09:50:47.196 - INFO - 43 - azureml.training.tabular.score._validation.log_classification_debug:194 - Classification metrics debug: {'y_test': (199,), 'y_pred_probs': (199, 2), 'unique_y_test': (2,), 'class_labels': (2,), 'train_labels': (2,), 'n_missing_train': 0, 'n_missing_valid': 0, 'sample_weight': None}
2026-02-25 09:50:47.197 - INFO - 43 - azureml.training.tabular.score._scoring_utilities.__init__:522 - No positive_label provided but detected a binary classification task
2026-02-25 09:50:47.197 - INFO - 43 - azureml.training.tabular.score._scoring_utilities.__init__:522 - No positive_label provided but detected a binary classification task
2026-02-25 09:50:47.198 - INFO - 43 - azureml.training.tabular.score._validation.log_classification_debug:194 - Classification metrics debug: {'y_test': (199,), 'y_pred_probs': (199, 2), 'unique_y_test': (2,), 'class_labels': (2,), 'train_labels': (2,), 'n_missing_train': 0, 'n_missing_valid': 0, 'sample_weight': None}
2026-02-25 09:50:47.198 - INFO - 43 - azureml.training.tabular.score._validation.log_classification_debug:194 - Classification metrics debug: {'y_test': (199,), 'y_pred_probs': (199, 2), 'unique_y_test': (2,), 'class_labels': (2,), 'train_labels': (2,), 'n_missing_train': 0, 'n_missing_valid': 0, 'sample_weight': None}
2026-02-25 09:50:47.199 - INFO - 43 - azureml.training.tabular.score._scoring_utilities.__init__:522 - No positive_label provided but detected a binary classification task
2026-02-25 09:50:47.199 - INFO - 43 - azureml.training.tabular.score._scoring_utilities.__init__:522 - No positive_label provided but detected a binary classification task
2026-02-25 09:50:47.201 - INFO - 43 - azureml.training.tabular.score._validation.log_classification_debug:194 - Classification metrics debug: {'y_test': (199,), 'y_pred_probs': (199, 2), 'unique_y_test': (2,), 'class_labels': (2,), 'train_labels': (2,), 'n_missing_train': 0, 'n_missing_valid': 0, 'sample_weight': None}
2026-02-25 09:50:47.201 - INFO - 43 - azureml.training.tabular.score._validation.log_classification_debug:194 - Classification metrics debug: {'y_test': (199,), 'y_pred_probs': (199, 2), 'unique_y_test': (2,), 'class_labels': (2,), 'train_labels': (2,), 'n_missing_train': 0, 'n_missing_valid': 0, 'sample_weight': None}
2026-02-25 09:50:47.201 - INFO - 43 - azureml.training.tabular.score._scoring_utilities.__init__:522 - No positive_label provided but detected a binary classification task
2026-02-25 09:50:47.201 - INFO - 43 - azureml.training.tabular.score._scoring_utilities.__init__:522 - No positive_label provided but detected a binary classification task
2026-02-25 09:50:47.203 - INFO - 43 - azureml.training.tabular.score._validation.log_classification_debug:194 - Classification metrics debug: {'y_test': (199,), 'y_pred_probs': (199, 2), 'unique_y_test': (2,), 'class_labels': (2,), 'train_labels': (2,), 'n_missing_train': 0, 'n_missing_valid': 0, 'sample_weight': None}
2026-02-25 09:50:47.203 - INFO - 43 - azureml.training.tabular.score._validation.log_classification_debug:194 - Classification metrics debug: {'y_test': (199,), 'y_pred_probs': (199, 2), 'unique_y_test': (2,), 'class_labels': (2,), 'train_labels': (2,), 'n_missing_train': 0, 'n_missing_valid': 0, 'sample_weight': None}
2026-02-25 09:50:47.204 - INFO - 43 - azureml.training.tabular.score._scoring_utilities.__init__:522 - No positive_label provided but detected a binary classification task
2026-02-25 09:50:47.204 - INFO - 43 - azureml.training.tabular.score._scoring_utilities.__init__:522 - No positive_label provided but detected a binary classification task
2026-02-25 09:50:47.205 - INFO - 43 - azureml.training.tabular.score._validation.log_classification_debug:194 - Classification metrics debug: {'y_test': (199,), 'y_pred_probs': (199, 2), 'unique_y_test': (2,), 'class_labels': (2,), 'train_labels': (2,), 'n_missing_train': 0, 'n_missing_valid': 0, 'sample_weight': None}
2026-02-25 09:50:47.205 - INFO - 43 - azureml.training.tabular.score._validation.log_classification_debug:194 - Classification metrics debug: {'y_test': (199,), 'y_pred_probs': (199, 2), 'unique_y_test': (2,), 'class_labels': (2,), 'train_labels': (2,), 'n_missing_train': 0, 'n_missing_valid': 0, 'sample_weight': None}
2026-02-25 09:50:47.206 - INFO - 43 - azureml.training.tabular.score._scoring_utilities.__init__:522 - No positive_label provided but detected a binary classification task
2026-02-25 09:50:47.206 - INFO - 43 - azureml.training.tabular.score._scoring_utilities.__init__:522 - No positive_label provided but detected a binary classification task
2026-02-25 09:50:47.208 - INFO - 43 - azureml.training.tabular.score._validation.log_classification_debug:194 - Classification metrics debug: {'y_test': (199,), 'y_pred_probs': (199, 2), 'unique_y_test': (2,), 'class_labels': (2,), 'train_labels': (2,), 'n_missing_train': 0, 'n_missing_valid': 0, 'sample_weight': None}
2026-02-25 09:50:47.208 - INFO - 43 - azureml.training.tabular.score._validation.log_classification_debug:194 - Classification metrics debug: {'y_test': (199,), 'y_pred_probs': (199, 2), 'unique_y_test': (2,), 'class_labels': (2,), 'train_labels': (2,), 'n_missing_train': 0, 'n_missing_valid': 0, 'sample_weight': None}
2026-02-25 09:50:47.208 - INFO - 43 - azureml.training.tabular.score._scoring_utilities.__init__:522 - No positive_label provided but detected a binary classification task
2026-02-25 09:50:47.208 - INFO - 43 - azureml.training.tabular.score._scoring_utilities.__init__:522 - No positive_label provided but detected a binary classification task
2026-02-25 09:50:47.210 - INFO - 43 - azureml.training.tabular.score._validation.log_classification_debug:194 - Classification metrics debug: {'y_test': (199,), 'y_pred_probs': (199, 2), 'unique_y_test': (2,), 'class_labels': (2,), 'train_labels': (2,), 'n_missing_train': 0, 'n_missing_valid': 0, 'sample_weight': None}
2026-02-25 09:50:47.210 - INFO - 43 - azureml.training.tabular.score._validation.log_classification_debug:194 - Classification metrics debug: {'y_test': (199,), 'y_pred_probs': (199, 2), 'unique_y_test': (2,), 'class_labels': (2,), 'train_labels': (2,), 'n_missing_train': 0, 'n_missing_valid': 0, 'sample_weight': None}
2026-02-25 09:50:47.211 - INFO - 43 - azureml.training.tabular.score._scoring_utilities.__init__:522 - No positive_label provided but detected a binary classification task
2026-02-25 09:50:47.211 - INFO - 43 - azureml.training.tabular.score._scoring_utilities.__init__:522 - No positive_label provided but detected a binary classification task
2026-02-25 09:50:47.212 - INFO - 43 - azureml.training.tabular.score._validation.log_classification_debug:194 - Classification metrics debug: {'y_test': (199,), 'y_pred_probs': (199, 2), 'unique_y_test': (2,), 'class_labels': (2,), 'train_labels': (2,), 'n_missing_train': 0, 'n_missing_valid': 0, 'sample_weight': None}
2026-02-25 09:50:47.212 - INFO - 43 - azureml.training.tabular.score._validation.log_classification_debug:194 - Classification metrics debug: {'y_test': (199,), 'y_pred_probs': (199, 2), 'unique_y_test': (2,), 'class_labels': (2,), 'train_labels': (2,), 'n_missing_train': 0, 'n_missing_valid': 0, 'sample_weight': None}
2026-02-25 09:50:47.213 - INFO - 43 - azureml.training.tabular.score._scoring_utilities.__init__:522 - No positive_label provided but detected a binary classification task
2026-02-25 09:50:47.213 - INFO - 43 - azureml.training.tabular.score._scoring_utilities.__init__:522 - No positive_label provided but detected a binary classification task
2026-02-25 09:50:47.215 - INFO - 43 - azureml.training.tabular.score._validation.log_classification_debug:194 - Classification metrics debug: {'y_test': (199,), 'y_pred_probs': (199, 2), 'unique_y_test': (2,), 'class_labels': (2,), 'train_labels': (2,), 'n_missing_train': 0, 'n_missing_valid': 0, 'sample_weight': None}
2026-02-25 09:50:47.215 - INFO - 43 - azureml.training.tabular.score._validation.log_classification_debug:194 - Classification metrics debug: {'y_test': (199,), 'y_pred_probs': (199, 2), 'unique_y_test': (2,), 'class_labels': (2,), 'train_labels': (2,), 'n_missing_train': 0, 'n_missing_valid': 0, 'sample_weight': None}
2026-02-25 09:50:47.215 - INFO - 43 - azureml.training.tabular.score._scoring_utilities.__init__:522 - No positive_label provided but detected a binary classification task
2026-02-25 09:50:47.215 - INFO - 43 - azureml.training.tabular.score._scoring_utilities.__init__:522 - No positive_label provided but detected a binary classification task
2026-02-25 09:50:47.217 - INFO - 43 - azureml.training.tabular.score._validation.log_classification_debug:194 - Classification metrics debug: {'y_test': (199,), 'y_pred_probs': (199, 2), 'unique_y_test': (2,), 'class_labels': (2,), 'train_labels': (2,), 'n_missing_train': 0, 'n_missing_valid': 0, 'sample_weight': None}
2026-02-25 09:50:47.217 - INFO - 43 - azureml.training.tabular.score._validation.log_classification_debug:194 - Classification metrics debug: {'y_test': (199,), 'y_pred_probs': (199, 2), 'unique_y_test': (2,), 'class_labels': (2,), 'train_labels': (2,), 'n_missing_train': 0, 'n_missing_valid': 0, 'sample_weight': None}
2026-02-25 09:50:47.218 - INFO - 43 - azureml.training.tabular.score._scoring_utilities.__init__:522 - No positive_label provided but detected a binary classification task
2026-02-25 09:50:47.218 - INFO - 43 - azureml.training.tabular.score._scoring_utilities.__init__:522 - No positive_label provided but detected a binary classification task
2026-02-25 09:50:47.229 - INFO - 43 - azureml.training.tabular.score._validation.log_classification_debug:194 - Classification metrics debug: {'y_test': (199,), 'y_pred_probs': (199, 2), 'unique_y_test': (2,), 'class_labels': (2,), 'train_labels': (2,), 'n_missing_train': 0, 'n_missing_valid': 0, 'sample_weight': None}
2026-02-25 09:50:47.229 - INFO - 43 - azureml.training.tabular.score._validation.log_classification_debug:194 - Classification metrics debug: {'y_test': (199,), 'y_pred_probs': (199, 2), 'unique_y_test': (2,), 'class_labels': (2,), 'train_labels': (2,), 'n_missing_train': 0, 'n_missing_valid': 0, 'sample_weight': None}
2026-02-25 09:50:47.229 - INFO - 43 - azureml.training.tabular.score._scoring_utilities.__init__:522 - No positive_label provided but detected a binary classification task
2026-02-25 09:50:47.229 - INFO - 43 - azureml.training.tabular.score._scoring_utilities.__init__:522 - No positive_label provided but detected a binary classification task
2026-02-25 09:50:47.231 - INFO - 43 - azureml.training.tabular.score._validation.log_classification_debug:194 - Classification metrics debug: {'y_test': (199,), 'y_pred_probs': (199, 2), 'unique_y_test': (2,), 'class_labels': (2,), 'train_labels': (2,), 'n_missing_train': 0, 'n_missing_valid': 0, 'sample_weight': None}
2026-02-25 09:50:47.231 - INFO - 43 - azureml.training.tabular.score._validation.log_classification_debug:194 - Classification metrics debug: {'y_test': (199,), 'y_pred_probs': (199, 2), 'unique_y_test': (2,), 'class_labels': (2,), 'train_labels': (2,), 'n_missing_train': 0, 'n_missing_valid': 0, 'sample_weight': None}
2026-02-25 09:50:47.232 - INFO - 43 - azureml.training.tabular.score._scoring_utilities.__init__:522 - No positive_label provided but detected a binary classification task
2026-02-25 09:50:47.232 - INFO - 43 - azureml.training.tabular.score._scoring_utilities.__init__:522 - No positive_label provided but detected a binary classification task
2026-02-25 09:50:47.233 - INFO - 43 - azureml.training.tabular.score._validation.log_classification_debug:194 - Classification metrics debug: {'y_test': (199,), 'y_pred_probs': (199, 2), 'unique_y_test': (2,), 'class_labels': (2,), 'train_labels': (2,), 'n_missing_train': 0, 'n_missing_valid': 0, 'sample_weight': None}
2026-02-25 09:50:47.233 - INFO - 43 - azureml.training.tabular.score._validation.log_classification_debug:194 - Classification metrics debug: {'y_test': (199,), 'y_pred_probs': (199, 2), 'unique_y_test': (2,), 'class_labels': (2,), 'train_labels': (2,), 'n_missing_train': 0, 'n_missing_valid': 0, 'sample_weight': None}
2026-02-25 09:50:47.234 - INFO - 43 - azureml.training.tabular.score._scoring_utilities.__init__:522 - No positive_label provided but detected a binary classification task
2026-02-25 09:50:47.234 - INFO - 43 - azureml.training.tabular.score._scoring_utilities.__init__:522 - No positive_label provided but detected a binary classification task
2026-02-25 09:50:47.236 - INFO - 43 - azureml.training.tabular.score._validation.log_classification_debug:194 - Classification metrics debug: {'y_test': (199,), 'y_pred_probs': (199, 2), 'unique_y_test': (2,), 'class_labels': (2,), 'train_labels': (2,), 'n_missing_train': 0, 'n_missing_valid': 0, 'sample_weight': None}
2026-02-25 09:50:47.236 - INFO - 43 - azureml.training.tabular.score._validation.log_classification_debug:194 - Classification metrics debug: {'y_test': (199,), 'y_pred_probs': (199, 2), 'unique_y_test': (2,), 'class_labels': (2,), 'train_labels': (2,), 'n_missing_train': 0, 'n_missing_valid': 0, 'sample_weight': None}
2026-02-25 09:50:47.236 - INFO - 43 - azureml.training.tabular.score._scoring_utilities.__init__:522 - No positive_label provided but detected a binary classification task
2026-02-25 09:50:47.236 - INFO - 43 - azureml.training.tabular.score._scoring_utilities.__init__:522 - No positive_label provided but detected a binary classification task
2026-02-25 09:50:47.238 - INFO - 43 - azureml.training.tabular.score._validation.log_classification_debug:194 - Classification metrics debug: {'y_test': (199,), 'y_pred_probs': (199, 2), 'unique_y_test': (2,), 'class_labels': (2,), 'train_labels': (2,), 'n_missing_train': 0, 'n_missing_valid': 0, 'sample_weight': None}
2026-02-25 09:50:47.238 - INFO - 43 - azureml.training.tabular.score._validation.log_classification_debug:194 - Classification metrics debug: {'y_test': (199,), 'y_pred_probs': (199, 2), 'unique_y_test': (2,), 'class_labels': (2,), 'train_labels': (2,), 'n_missing_train': 0, 'n_missing_valid': 0, 'sample_weight': None}
2026-02-25 09:50:47.239 - INFO - 43 - azureml.training.tabular.score._scoring_utilities.__init__:522 - No positive_label provided but detected a binary classification task
2026-02-25 09:50:47.239 - INFO - 43 - azureml.training.tabular.score._scoring_utilities.__init__:522 - No positive_label provided but detected a binary classification task
2026-02-25 09:50:47.240 - INFO - 43 - azureml.training.tabular.score._validation.log_classification_debug:194 - Classification metrics debug: {'y_test': (199,), 'y_pred_probs': (199, 2), 'unique_y_test': (2,), 'class_labels': (2,), 'train_labels': (2,), 'n_missing_train': 0, 'n_missing_valid': 0, 'sample_weight': None}
2026-02-25 09:50:47.240 - INFO - 43 - azureml.training.tabular.score._validation.log_classification_debug:194 - Classification metrics debug: {'y_test': (199,), 'y_pred_probs': (199, 2), 'unique_y_test': (2,), 'class_labels': (2,), 'train_labels': (2,), 'n_missing_train': 0, 'n_missing_valid': 0, 'sample_weight': None}
2026-02-25 09:50:47.241 - INFO - 43 - azureml.training.tabular.score._scoring_utilities.__init__:522 - No positive_label provided but detected a binary classification task
2026-02-25 09:50:47.241 - INFO - 43 - azureml.training.tabular.score._scoring_utilities.__init__:522 - No positive_label provided but detected a binary classification task
2026-02-25 09:50:47.243 - INFO - 43 - azureml.training.tabular.score._validation.log_classification_debug:194 - Classification metrics debug: {'y_test': (199,), 'y_pred_probs': (199, 2), 'unique_y_test': (2,), 'class_labels': (2,), 'train_labels': (2,), 'n_missing_train': 0, 'n_missing_valid': 0, 'sample_weight': None}
2026-02-25 09:50:47.243 - INFO - 43 - azureml.training.tabular.score._validation.log_classification_debug:194 - Classification metrics debug: {'y_test': (199,), 'y_pred_probs': (199, 2), 'unique_y_test': (2,), 'class_labels': (2,), 'train_labels': (2,), 'n_missing_train': 0, 'n_missing_valid': 0, 'sample_weight': None}
2026-02-25 09:50:47.243 - INFO - 43 - azureml.training.tabular.score._scoring_utilities.__init__:522 - No positive_label provided but detected a binary classification task
2026-02-25 09:50:47.243 - INFO - 43 - azureml.training.tabular.score._scoring_utilities.__init__:522 - No positive_label provided but detected a binary classification task
2026-02-25 09:50:47.245 - INFO - 43 - azureml.training.tabular.score._validation.log_classification_debug:194 - Classification metrics debug: {'y_test': (199,), 'y_pred_probs': (199, 2), 'unique_y_test': (2,), 'class_labels': (2,), 'train_labels': (2,), 'n_missing_train': 0, 'n_missing_valid': 0, 'sample_weight': None}
2026-02-25 09:50:47.245 - INFO - 43 - azureml.training.tabular.score._validation.log_classification_debug:194 - Classification metrics debug: {'y_test': (199,), 'y_pred_probs': (199, 2), 'unique_y_test': (2,), 'class_labels': (2,), 'train_labels': (2,), 'n_missing_train': 0, 'n_missing_valid': 0, 'sample_weight': None}
2026-02-25 09:50:47.246 - INFO - 43 - azureml.training.tabular.score._scoring_utilities.__init__:522 - No positive_label provided but detected a binary classification task
2026-02-25 09:50:47.246 - INFO - 43 - azureml.training.tabular.score._scoring_utilities.__init__:522 - No positive_label provided but detected a binary classification task
2026-02-25 09:50:47.248 - INFO - 43 - azureml.training.tabular.score._validation.log_classification_debug:194 - Classification metrics debug: {'y_test': (199,), 'y_pred_probs': (199, 2), 'unique_y_test': (2,), 'class_labels': (2,), 'train_labels': (2,), 'n_missing_train': 0, 'n_missing_valid': 0, 'sample_weight': None}
2026-02-25 09:50:47.248 - INFO - 43 - azureml.training.tabular.score._validation.log_classification_debug:194 - Classification metrics debug: {'y_test': (199,), 'y_pred_probs': (199, 2), 'unique_y_test': (2,), 'class_labels': (2,), 'train_labels': (2,), 'n_missing_train': 0, 'n_missing_valid': 0, 'sample_weight': None}
2026-02-25 09:50:47.248 - INFO - 43 - azureml.training.tabular.score._scoring_utilities.__init__:522 - No positive_label provided but detected a binary classification task
2026-02-25 09:50:47.248 - INFO - 43 - azureml.training.tabular.score._scoring_utilities.__init__:522 - No positive_label provided but detected a binary classification task
2026-02-25 09:50:47.250 - INFO - 43 - azureml.training.tabular.score._validation.log_classification_debug:194 - Classification metrics debug: {'y_test': (199,), 'y_pred_probs': (199, 2), 'unique_y_test': (2,), 'class_labels': (2,), 'train_labels': (2,), 'n_missing_train': 0, 'n_missing_valid': 0, 'sample_weight': None}
2026-02-25 09:50:47.250 - INFO - 43 - azureml.training.tabular.score._validation.log_classification_debug:194 - Classification metrics debug: {'y_test': (199,), 'y_pred_probs': (199, 2), 'unique_y_test': (2,), 'class_labels': (2,), 'train_labels': (2,), 'n_missing_train': 0, 'n_missing_valid': 0, 'sample_weight': None}
2026-02-25 09:50:47.251 - INFO - 43 - azureml.training.tabular.score._scoring_utilities.__init__:522 - No positive_label provided but detected a binary classification task
2026-02-25 09:50:47.251 - INFO - 43 - azureml.training.tabular.score._scoring_utilities.__init__:522 - No positive_label provided but detected a binary classification task
2026-02-25 09:50:47.263 - INFO - 43 - azureml.training.tabular.score._validation.log_classification_debug:194 - Classification metrics debug: {'y_test': (199,), 'y_pred_probs': (199, 2), 'unique_y_test': (2,), 'class_labels': (2,), 'train_labels': (2,), 'n_missing_train': 0, 'n_missing_valid': 0, 'sample_weight': None}
2026-02-25 09:50:47.263 - INFO - 43 - azureml.training.tabular.score._validation.log_classification_debug:194 - Classification metrics debug: {'y_test': (199,), 'y_pred_probs': (199, 2), 'unique_y_test': (2,), 'class_labels': (2,), 'train_labels': (2,), 'n_missing_train': 0, 'n_missing_valid': 0, 'sample_weight': None}
2026-02-25 09:50:47.264 - INFO - 43 - azureml.training.tabular.score._scoring_utilities.__init__:522 - No positive_label provided but detected a binary classification task
2026-02-25 09:50:47.264 - INFO - 43 - azureml.training.tabular.score._scoring_utilities.__init__:522 - No positive_label provided but detected a binary classification task
2026-02-25 09:50:47.266 - INFO - 43 - azureml.training.tabular.score._validation.log_classification_debug:194 - Classification metrics debug: {'y_test': (199,), 'y_pred_probs': (199, 2), 'unique_y_test': (2,), 'class_labels': (2,), 'train_labels': (2,), 'n_missing_train': 0, 'n_missing_valid': 0, 'sample_weight': None}
2026-02-25 09:50:47.266 - INFO - 43 - azureml.training.tabular.score._validation.log_classification_debug:194 - Classification metrics debug: {'y_test': (199,), 'y_pred_probs': (199, 2), 'unique_y_test': (2,), 'class_labels': (2,), 'train_labels': (2,), 'n_missing_train': 0, 'n_missing_valid': 0, 'sample_weight': None}
2026-02-25 09:50:47.267 - INFO - 43 - azureml.training.tabular.score._scoring_utilities.__init__:522 - No positive_label provided but detected a binary classification task
2026-02-25 09:50:47.267 - INFO - 43 - azureml.training.tabular.score._scoring_utilities.__init__:522 - No positive_label provided but detected a binary classification task
2026-02-25 09:50:47.269 - INFO - 43 - azureml.training.tabular.score._validation.log_classification_debug:194 - Classification metrics debug: {'y_test': (199,), 'y_pred_probs': (199, 2), 'unique_y_test': (2,), 'class_labels': (2,), 'train_labels': (2,), 'n_missing_train': 0, 'n_missing_valid': 0, 'sample_weight': None}
2026-02-25 09:50:47.269 - INFO - 43 - azureml.training.tabular.score._validation.log_classification_debug:194 - Classification metrics debug: {'y_test': (199,), 'y_pred_probs': (199, 2), 'unique_y_test': (2,), 'class_labels': (2,), 'train_labels': (2,), 'n_missing_train': 0, 'n_missing_valid': 0, 'sample_weight': None}
2026-02-25 09:50:47.269 - INFO - 43 - azureml.training.tabular.score._scoring_utilities.__init__:522 - No positive_label provided but detected a binary classification task
2026-02-25 09:50:47.269 - INFO - 43 - azureml.training.tabular.score._scoring_utilities.__init__:522 - No positive_label provided but detected a binary classification task
2026-02-25 09:50:47.271 - INFO - 43 - azureml.training.tabular.score._validation.log_classification_debug:194 - Classification metrics debug: {'y_test': (199,), 'y_pred_probs': (199, 2), 'unique_y_test': (2,), 'class_labels': (2,), 'train_labels': (2,), 'n_missing_train': 0, 'n_missing_valid': 0, 'sample_weight': None}
2026-02-25 09:50:47.271 - INFO - 43 - azureml.training.tabular.score._validation.log_classification_debug:194 - Classification metrics debug: {'y_test': (199,), 'y_pred_probs': (199, 2), 'unique_y_test': (2,), 'class_labels': (2,), 'train_labels': (2,), 'n_missing_train': 0, 'n_missing_valid': 0, 'sample_weight': None}
2026-02-25 09:50:47.272 - INFO - 43 - azureml.training.tabular.score._scoring_utilities.__init__:522 - No positive_label provided but detected a binary classification task
2026-02-25 09:50:47.272 - INFO - 43 - azureml.training.tabular.score._scoring_utilities.__init__:522 - No positive_label provided but detected a binary classification task
2026-02-25 09:50:47.273 - INFO - 43 - azureml.training.tabular.score._validation.log_classification_debug:194 - Classification metrics debug: {'y_test': (199,), 'y_pred_probs': (199, 2), 'unique_y_test': (2,), 'class_labels': (2,), 'train_labels': (2,), 'n_missing_train': 0, 'n_missing_valid': 0, 'sample_weight': None}
2026-02-25 09:50:47.273 - INFO - 43 - azureml.training.tabular.score._validation.log_classification_debug:194 - Classification metrics debug: {'y_test': (199,), 'y_pred_probs': (199, 2), 'unique_y_test': (2,), 'class_labels': (2,), 'train_labels': (2,), 'n_missing_train': 0, 'n_missing_valid': 0, 'sample_weight': None}
2026-02-25 09:50:47.274 - INFO - 43 - azureml.training.tabular.score._scoring_utilities.__init__:522 - No positive_label provided but detected a binary classification task
2026-02-25 09:50:47.274 - INFO - 43 - azureml.training.tabular.score._scoring_utilities.__init__:522 - No positive_label provided but detected a binary classification task
2026-02-25 09:50:47.276 - INFO - 43 - azureml.training.tabular.score._validation.log_classification_debug:194 - Classification metrics debug: {'y_test': (199,), 'y_pred_probs': (199, 2), 'unique_y_test': (2,), 'class_labels': (2,), 'train_labels': (2,), 'n_missing_train': 0, 'n_missing_valid': 0, 'sample_weight': None}
2026-02-25 09:50:47.276 - INFO - 43 - azureml.training.tabular.score._validation.log_classification_debug:194 - Classification metrics debug: {'y_test': (199,), 'y_pred_probs': (199, 2), 'unique_y_test': (2,), 'class_labels': (2,), 'train_labels': (2,), 'n_missing_train': 0, 'n_missing_valid': 0, 'sample_weight': None}
2026-02-25 09:50:47.276 - INFO - 43 - azureml.training.tabular.score._scoring_utilities.__init__:522 - No positive_label provided but detected a binary classification task
2026-02-25 09:50:47.276 - INFO - 43 - azureml.training.tabular.score._scoring_utilities.__init__:522 - No positive_label provided but detected a binary classification task
2026-02-25 09:50:47.278 - INFO - 43 - azureml.training.tabular.score._validation.log_classification_debug:194 - Classification metrics debug: {'y_test': (199,), 'y_pred_probs': (199, 2), 'unique_y_test': (2,), 'class_labels': (2,), 'train_labels': (2,), 'n_missing_train': 0, 'n_missing_valid': 0, 'sample_weight': None}
2026-02-25 09:50:47.278 - INFO - 43 - azureml.training.tabular.score._validation.log_classification_debug:194 - Classification metrics debug: {'y_test': (199,), 'y_pred_probs': (199, 2), 'unique_y_test': (2,), 'class_labels': (2,), 'train_labels': (2,), 'n_missing_train': 0, 'n_missing_valid': 0, 'sample_weight': None}
2026-02-25 09:50:47.279 - INFO - 43 - azureml.training.tabular.score._scoring_utilities.__init__:522 - No positive_label provided but detected a binary classification task
2026-02-25 09:50:47.279 - INFO - 43 - azureml.training.tabular.score._scoring_utilities.__init__:522 - No positive_label provided but detected a binary classification task
2026-02-25 09:50:47.281 - INFO - 43 - azureml.training.tabular.score._validation.log_classification_debug:194 - Classification metrics debug: {'y_test': (199,), 'y_pred_probs': (199, 2), 'unique_y_test': (2,), 'class_labels': (2,), 'train_labels': (2,), 'n_missing_train': 0, 'n_missing_valid': 0, 'sample_weight': None}
2026-02-25 09:50:47.281 - INFO - 43 - azureml.training.tabular.score._validation.log_classification_debug:194 - Classification metrics debug: {'y_test': (199,), 'y_pred_probs': (199, 2), 'unique_y_test': (2,), 'class_labels': (2,), 'train_labels': (2,), 'n_missing_train': 0, 'n_missing_valid': 0, 'sample_weight': None}
2026-02-25 09:50:47.282 - INFO - 43 - azureml.training.tabular.score._scoring_utilities.__init__:522 - No positive_label provided but detected a binary classification task
2026-02-25 09:50:47.282 - INFO - 43 - azureml.training.tabular.score._scoring_utilities.__init__:522 - No positive_label provided but detected a binary classification task
2026-02-25 09:50:47.283 - INFO - 43 - azureml.training.tabular.score._validation.log_classification_debug:194 - Classification metrics debug: {'y_test': (199,), 'y_pred_probs': (199, 2), 'unique_y_test': (2,), 'class_labels': (2,), 'train_labels': (2,), 'n_missing_train': 0, 'n_missing_valid': 0, 'sample_weight': None}
2026-02-25 09:50:47.283 - INFO - 43 - azureml.training.tabular.score._validation.log_classification_debug:194 - Classification metrics debug: {'y_test': (199,), 'y_pred_probs': (199, 2), 'unique_y_test': (2,), 'class_labels': (2,), 'train_labels': (2,), 'n_missing_train': 0, 'n_missing_valid': 0, 'sample_weight': None}
2026-02-25 09:50:47.284 - INFO - 43 - azureml.training.tabular.score._scoring_utilities.__init__:522 - No positive_label provided but detected a binary classification task
2026-02-25 09:50:47.284 - INFO - 43 - azureml.training.tabular.score._scoring_utilities.__init__:522 - No positive_label provided but detected a binary classification task
2026-02-25 09:50:47.286 - INFO - 43 - azureml.training.tabular.score._validation.log_classification_debug:194 - Classification metrics debug: {'y_test': (199,), 'y_pred_probs': (199, 2), 'unique_y_test': (2,), 'class_labels': (2,), 'train_labels': (2,), 'n_missing_train': 0, 'n_missing_valid': 0, 'sample_weight': None}
2026-02-25 09:50:47.286 - INFO - 43 - azureml.training.tabular.score._validation.log_classification_debug:194 - Classification metrics debug: {'y_test': (199,), 'y_pred_probs': (199, 2), 'unique_y_test': (2,), 'class_labels': (2,), 'train_labels': (2,), 'n_missing_train': 0, 'n_missing_valid': 0, 'sample_weight': None}
2026-02-25 09:50:47.286 - INFO - 43 - azureml.training.tabular.score._scoring_utilities.__init__:522 - No positive_label provided but detected a binary classification task
2026-02-25 09:50:47.286 - INFO - 43 - azureml.training.tabular.score._scoring_utilities.__init__:522 - No positive_label provided but detected a binary classification task
2026-02-25 09:50:47.297 - INFO - 43 - azureml.training.tabular.score._validation.log_classification_debug:194 - Classification metrics debug: {'y_test': (198,), 'y_pred_probs': (198, 2), 'unique_y_test': (2,), 'class_labels': (2,), 'train_labels': (2,), 'n_missing_train': 0, 'n_missing_valid': 0, 'sample_weight': None}
2026-02-25 09:50:47.297 - INFO - 43 - azureml.training.tabular.score._validation.log_classification_debug:194 - Classification metrics debug: {'y_test': (198,), 'y_pred_probs': (198, 2), 'unique_y_test': (2,), 'class_labels': (2,), 'train_labels': (2,), 'n_missing_train': 0, 'n_missing_valid': 0, 'sample_weight': None}
2026-02-25 09:50:47.298 - INFO - 43 - azureml.training.tabular.score._scoring_utilities.__init__:522 - No positive_label provided but detected a binary classification task
2026-02-25 09:50:47.298 - INFO - 43 - azureml.training.tabular.score._scoring_utilities.__init__:522 - No positive_label provided but detected a binary classification task
2026-02-25 09:50:47.300 - INFO - 43 - azureml.training.tabular.score._validation.log_classification_debug:194 - Classification metrics debug: {'y_test': (198,), 'y_pred_probs': (198, 2), 'unique_y_test': (2,), 'class_labels': (2,), 'train_labels': (2,), 'n_missing_train': 0, 'n_missing_valid': 0, 'sample_weight': None}
2026-02-25 09:50:47.300 - INFO - 43 - azureml.training.tabular.score._validation.log_classification_debug:194 - Classification metrics debug: {'y_test': (198,), 'y_pred_probs': (198, 2), 'unique_y_test': (2,), 'class_labels': (2,), 'train_labels': (2,), 'n_missing_train': 0, 'n_missing_valid': 0, 'sample_weight': None}
2026-02-25 09:50:47.300 - INFO - 43 - azureml.training.tabular.score._scoring_utilities.__init__:522 - No positive_label provided but detected a binary classification task
2026-02-25 09:50:47.300 - INFO - 43 - azureml.training.tabular.score._scoring_utilities.__init__:522 - No positive_label provided but detected a binary classification task
2026-02-25 09:50:47.302 - INFO - 43 - azureml.training.tabular.score._validation.log_classification_debug:194 - Classification metrics debug: {'y_test': (198,), 'y_pred_probs': (198, 2), 'unique_y_test': (2,), 'class_labels': (2,), 'train_labels': (2,), 'n_missing_train': 0, 'n_missing_valid': 0, 'sample_weight': None}
2026-02-25 09:50:47.302 - INFO - 43 - azureml.training.tabular.score._validation.log_classification_debug:194 - Classification metrics debug: {'y_test': (198,), 'y_pred_probs': (198, 2), 'unique_y_test': (2,), 'class_labels': (2,), 'train_labels': (2,), 'n_missing_train': 0, 'n_missing_valid': 0, 'sample_weight': None}
2026-02-25 09:50:47.303 - INFO - 43 - azureml.training.tabular.score._scoring_utilities.__init__:522 - No positive_label provided but detected a binary classification task
2026-02-25 09:50:47.303 - INFO - 43 - azureml.training.tabular.score._scoring_utilities.__init__:522 - No positive_label provided but detected a binary classification task
2026-02-25 09:50:47.305 - INFO - 43 - azureml.training.tabular.score._validation.log_classification_debug:194 - Classification metrics debug: {'y_test': (198,), 'y_pred_probs': (198, 2), 'unique_y_test': (2,), 'class_labels': (2,), 'train_labels': (2,), 'n_missing_train': 0, 'n_missing_valid': 0, 'sample_weight': None}
2026-02-25 09:50:47.305 - INFO - 43 - azureml.training.tabular.score._validation.log_classification_debug:194 - Classification metrics debug: {'y_test': (198,), 'y_pred_probs': (198, 2), 'unique_y_test': (2,), 'class_labels': (2,), 'train_labels': (2,), 'n_missing_train': 0, 'n_missing_valid': 0, 'sample_weight': None}
2026-02-25 09:50:47.306 - INFO - 43 - azureml.training.tabular.score._scoring_utilities.__init__:522 - No positive_label provided but detected a binary classification task
2026-02-25 09:50:47.306 - INFO - 43 - azureml.training.tabular.score._scoring_utilities.__init__:522 - No positive_label provided but detected a binary classification task
2026-02-25 09:50:47.307 - INFO - 43 - azureml.training.tabular.score._validation.log_classification_debug:194 - Classification metrics debug: {'y_test': (198,), 'y_pred_probs': (198, 2), 'unique_y_test': (2,), 'class_labels': (2,), 'train_labels': (2,), 'n_missing_train': 0, 'n_missing_valid': 0, 'sample_weight': None}
2026-02-25 09:50:47.307 - INFO - 43 - azureml.training.tabular.score._validation.log_classification_debug:194 - Classification metrics debug: {'y_test': (198,), 'y_pred_probs': (198, 2), 'unique_y_test': (2,), 'class_labels': (2,), 'train_labels': (2,), 'n_missing_train': 0, 'n_missing_valid': 0, 'sample_weight': None}
2026-02-25 09:50:47.308 - INFO - 43 - azureml.training.tabular.score._scoring_utilities.__init__:522 - No positive_label provided but detected a binary classification task
2026-02-25 09:50:47.308 - INFO - 43 - azureml.training.tabular.score._scoring_utilities.__init__:522 - No positive_label provided but detected a binary classification task
2026-02-25 09:50:47.310 - INFO - 43 - azureml.training.tabular.score._validation.log_classification_debug:194 - Classification metrics debug: {'y_test': (198,), 'y_pred_probs': (198, 2), 'unique_y_test': (2,), 'class_labels': (2,), 'train_labels': (2,), 'n_missing_train': 0, 'n_missing_valid': 0, 'sample_weight': None}
2026-02-25 09:50:47.310 - INFO - 43 - azureml.training.tabular.score._validation.log_classification_debug:194 - Classification metrics debug: {'y_test': (198,), 'y_pred_probs': (198, 2), 'unique_y_test': (2,), 'class_labels': (2,), 'train_labels': (2,), 'n_missing_train': 0, 'n_missing_valid': 0, 'sample_weight': None}
2026-02-25 09:50:47.310 - INFO - 43 - azureml.training.tabular.score._scoring_utilities.__init__:522 - No positive_label provided but detected a binary classification task
2026-02-25 09:50:47.310 - INFO - 43 - azureml.training.tabular.score._scoring_utilities.__init__:522 - No positive_label provided but detected a binary classification task
2026-02-25 09:50:47.312 - INFO - 43 - azureml.training.tabular.score._validation.log_classification_debug:194 - Classification metrics debug: {'y_test': (198,), 'y_pred_probs': (198, 2), 'unique_y_test': (2,), 'class_labels': (2,), 'train_labels': (2,), 'n_missing_train': 0, 'n_missing_valid': 0, 'sample_weight': None}
2026-02-25 09:50:47.312 - INFO - 43 - azureml.training.tabular.score._validation.log_classification_debug:194 - Classification metrics debug: {'y_test': (198,), 'y_pred_probs': (198, 2), 'unique_y_test': (2,), 'class_labels': (2,), 'train_labels': (2,), 'n_missing_train': 0, 'n_missing_valid': 0, 'sample_weight': None}
2026-02-25 09:50:47.313 - INFO - 43 - azureml.training.tabular.score._scoring_utilities.__init__:522 - No positive_label provided but detected a binary classification task
2026-02-25 09:50:47.313 - INFO - 43 - azureml.training.tabular.score._scoring_utilities.__init__:522 - No positive_label provided but detected a binary classification task
2026-02-25 09:50:47.315 - INFO - 43 - azureml.training.tabular.score._validation.log_classification_debug:194 - Classification metrics debug: {'y_test': (198,), 'y_pred_probs': (198, 2), 'unique_y_test': (2,), 'class_labels': (2,), 'train_labels': (2,), 'n_missing_train': 0, 'n_missing_valid': 0, 'sample_weight': None}
2026-02-25 09:50:47.315 - INFO - 43 - azureml.training.tabular.score._validation.log_classification_debug:194 - Classification metrics debug: {'y_test': (198,), 'y_pred_probs': (198, 2), 'unique_y_test': (2,), 'class_labels': (2,), 'train_labels': (2,), 'n_missing_train': 0, 'n_missing_valid': 0, 'sample_weight': None}
2026-02-25 09:50:47.315 - INFO - 43 - azureml.training.tabular.score._scoring_utilities.__init__:522 - No positive_label provided but detected a binary classification task
2026-02-25 09:50:47.315 - INFO - 43 - azureml.training.tabular.score._scoring_utilities.__init__:522 - No positive_label provided but detected a binary classification task
2026-02-25 09:50:47.317 - INFO - 43 - azureml.training.tabular.score._validation.log_classification_debug:194 - Classification metrics debug: {'y_test': (198,), 'y_pred_probs': (198, 2), 'unique_y_test': (2,), 'class_labels': (2,), 'train_labels': (2,), 'n_missing_train': 0, 'n_missing_valid': 0, 'sample_weight': None}
2026-02-25 09:50:47.317 - INFO - 43 - azureml.training.tabular.score._validation.log_classification_debug:194 - Classification metrics debug: {'y_test': (198,), 'y_pred_probs': (198, 2), 'unique_y_test': (2,), 'class_labels': (2,), 'train_labels': (2,), 'n_missing_train': 0, 'n_missing_valid': 0, 'sample_weight': None}
2026-02-25 09:50:47.318 - INFO - 43 - azureml.training.tabular.score._scoring_utilities.__init__:522 - No positive_label provided but detected a binary classification task
2026-02-25 09:50:47.318 - INFO - 43 - azureml.training.tabular.score._scoring_utilities.__init__:522 - No positive_label provided but detected a binary classification task
2026-02-25 09:50:47.319 - INFO - 43 - azureml.training.tabular.score._validation.log_classification_debug:194 - Classification metrics debug: {'y_test': (198,), 'y_pred_probs': (198, 2), 'unique_y_test': (2,), 'class_labels': (2,), 'train_labels': (2,), 'n_missing_train': 0, 'n_missing_valid': 0, 'sample_weight': None}
2026-02-25 09:50:47.319 - INFO - 43 - azureml.training.tabular.score._validation.log_classification_debug:194 - Classification metrics debug: {'y_test': (198,), 'y_pred_probs': (198, 2), 'unique_y_test': (2,), 'class_labels': (2,), 'train_labels': (2,), 'n_missing_train': 0, 'n_missing_valid': 0, 'sample_weight': None}
2026-02-25 09:50:47.320 - INFO - 43 - azureml.training.tabular.score._scoring_utilities.__init__:522 - No positive_label provided but detected a binary classification task
2026-02-25 09:50:47.320 - INFO - 43 - azureml.training.tabular.score._scoring_utilities.__init__:522 - No positive_label provided but detected a binary classification task
2026-02-25 09:50:47.335 - INFO - 43 - azureml.training.tabular.score._validation.log_classification_debug:194 - Classification metrics debug: {'y_test': (199,), 'y_pred_probs': (199, 2), 'unique_y_test': (2,), 'class_labels': (2,), 'train_labels': (2,), 'n_missing_train': 0, 'n_missing_valid': 0, 'sample_weight': None}
2026-02-25 09:50:47.335 - INFO - 43 - azureml.training.tabular.score._validation.log_classification_debug:194 - Classification metrics debug: {'y_test': (199,), 'y_pred_probs': (199, 2), 'unique_y_test': (2,), 'class_labels': (2,), 'train_labels': (2,), 'n_missing_train': 0, 'n_missing_valid': 0, 'sample_weight': None}
2026-02-25 09:50:47.335 - INFO - 43 - azureml.training.tabular.score._scoring_utilities.__init__:522 - No positive_label provided but detected a binary classification task
2026-02-25 09:50:47.335 - INFO - 43 - azureml.training.tabular.score._scoring_utilities.__init__:522 - No positive_label provided but detected a binary classification task
2026-02-25 09:50:47.337 - INFO - 43 - azureml.training.tabular.score._validation.log_classification_debug:194 - Classification metrics debug: {'y_test': (199,), 'y_pred_probs': (199, 2), 'unique_y_test': (2,), 'class_labels': (2,), 'train_labels': (2,), 'n_missing_train': 0, 'n_missing_valid': 0, 'sample_weight': None}
2026-02-25 09:50:47.337 - INFO - 43 - azureml.training.tabular.score._validation.log_classification_debug:194 - Classification metrics debug: {'y_test': (199,), 'y_pred_probs': (199, 2), 'unique_y_test': (2,), 'class_labels': (2,), 'train_labels': (2,), 'n_missing_train': 0, 'n_missing_valid': 0, 'sample_weight': None}
2026-02-25 09:50:47.338 - INFO - 43 - azureml.training.tabular.score._scoring_utilities.__init__:522 - No positive_label provided but detected a binary classification task
2026-02-25 09:50:47.338 - INFO - 43 - azureml.training.tabular.score._scoring_utilities.__init__:522 - No positive_label provided but detected a binary classification task
2026-02-25 09:50:47.340 - INFO - 43 - azureml.training.tabular.score._validation.log_classification_debug:194 - Classification metrics debug: {'y_test': (199,), 'y_pred_probs': (199, 2), 'unique_y_test': (2,), 'class_labels': (2,), 'train_labels': (2,), 'n_missing_train': 0, 'n_missing_valid': 0, 'sample_weight': None}
2026-02-25 09:50:47.340 - INFO - 43 - azureml.training.tabular.score._validation.log_classification_debug:194 - Classification metrics debug: {'y_test': (199,), 'y_pred_probs': (199, 2), 'unique_y_test': (2,), 'class_labels': (2,), 'train_labels': (2,), 'n_missing_train': 0, 'n_missing_valid': 0, 'sample_weight': None}
2026-02-25 09:50:47.340 - INFO - 43 - azureml.training.tabular.score._scoring_utilities.__init__:522 - No positive_label provided but detected a binary classification task
2026-02-25 09:50:47.340 - INFO - 43 - azureml.training.tabular.score._scoring_utilities.__init__:522 - No positive_label provided but detected a binary classification task
2026-02-25 09:50:47.342 - INFO - 43 - azureml.training.tabular.score._validation.log_classification_debug:194 - Classification metrics debug: {'y_test': (199,), 'y_pred_probs': (199, 2), 'unique_y_test': (2,), 'class_labels': (2,), 'train_labels': (2,), 'n_missing_train': 0, 'n_missing_valid': 0, 'sample_weight': None}
2026-02-25 09:50:47.342 - INFO - 43 - azureml.training.tabular.score._validation.log_classification_debug:194 - Classification metrics debug: {'y_test': (199,), 'y_pred_probs': (199, 2), 'unique_y_test': (2,), 'class_labels': (2,), 'train_labels': (2,), 'n_missing_train': 0, 'n_missing_valid': 0, 'sample_weight': None}
2026-02-25 09:50:47.342 - INFO - 43 - azureml.training.tabular.score._scoring_utilities.__init__:522 - No positive_label provided but detected a binary classification task
2026-02-25 09:50:47.342 - INFO - 43 - azureml.training.tabular.score._scoring_utilities.__init__:522 - No positive_label provided but detected a binary classification task
2026-02-25 09:50:47.344 - INFO - 43 - azureml.training.tabular.score._validation.log_classification_debug:194 - Classification metrics debug: {'y_test': (199,), 'y_pred_probs': (199, 2), 'unique_y_test': (2,), 'class_labels': (2,), 'train_labels': (2,), 'n_missing_train': 0, 'n_missing_valid': 0, 'sample_weight': None}
2026-02-25 09:50:47.344 - INFO - 43 - azureml.training.tabular.score._validation.log_classification_debug:194 - Classification metrics debug: {'y_test': (199,), 'y_pred_probs': (199, 2), 'unique_y_test': (2,), 'class_labels': (2,), 'train_labels': (2,), 'n_missing_train': 0, 'n_missing_valid': 0, 'sample_weight': None}
2026-02-25 09:50:47.345 - INFO - 43 - azureml.training.tabular.score._scoring_utilities.__init__:522 - No positive_label provided but detected a binary classification task
2026-02-25 09:50:47.345 - INFO - 43 - azureml.training.tabular.score._scoring_utilities.__init__:522 - No positive_label provided but detected a binary classification task
2026-02-25 09:50:47.347 - INFO - 43 - azureml.training.tabular.score._validation.log_classification_debug:194 - Classification metrics debug: {'y_test': (199,), 'y_pred_probs': (199, 2), 'unique_y_test': (2,), 'class_labels': (2,), 'train_labels': (2,), 'n_missing_train': 0, 'n_missing_valid': 0, 'sample_weight': None}
2026-02-25 09:50:47.347 - INFO - 43 - azureml.training.tabular.score._validation.log_classification_debug:194 - Classification metrics debug: {'y_test': (199,), 'y_pred_probs': (199, 2), 'unique_y_test': (2,), 'class_labels': (2,), 'train_labels': (2,), 'n_missing_train': 0, 'n_missing_valid': 0, 'sample_weight': None}
2026-02-25 09:50:47.347 - INFO - 43 - azureml.training.tabular.score._scoring_utilities.__init__:522 - No positive_label provided but detected a binary classification task
2026-02-25 09:50:47.347 - INFO - 43 - azureml.training.tabular.score._scoring_utilities.__init__:522 - No positive_label provided but detected a binary classification task
2026-02-25 09:50:47.349 - INFO - 43 - azureml.training.tabular.score._validation.log_classification_debug:194 - Classification metrics debug: {'y_test': (199,), 'y_pred_probs': (199, 2), 'unique_y_test': (2,), 'class_labels': (2,), 'train_labels': (2,), 'n_missing_train': 0, 'n_missing_valid': 0, 'sample_weight': None}
2026-02-25 09:50:47.349 - INFO - 43 - azureml.training.tabular.score._validation.log_classification_debug:194 - Classification metrics debug: {'y_test': (199,), 'y_pred_probs': (199, 2), 'unique_y_test': (2,), 'class_labels': (2,), 'train_labels': (2,), 'n_missing_train': 0, 'n_missing_valid': 0, 'sample_weight': None}
2026-02-25 09:50:47.349 - INFO - 43 - azureml.training.tabular.score._scoring_utilities.__init__:522 - No positive_label provided but detected a binary classification task
2026-02-25 09:50:47.349 - INFO - 43 - azureml.training.tabular.score._scoring_utilities.__init__:522 - No positive_label provided but detected a binary classification task
2026-02-25 09:50:47.351 - INFO - 43 - azureml.training.tabular.score._validation.log_classification_debug:194 - Classification metrics debug: {'y_test': (199,), 'y_pred_probs': (199, 2), 'unique_y_test': (2,), 'class_labels': (2,), 'train_labels': (2,), 'n_missing_train': 0, 'n_missing_valid': 0, 'sample_weight': None}
2026-02-25 09:50:47.351 - INFO - 43 - azureml.training.tabular.score._validation.log_classification_debug:194 - Classification metrics debug: {'y_test': (199,), 'y_pred_probs': (199, 2), 'unique_y_test': (2,), 'class_labels': (2,), 'train_labels': (2,), 'n_missing_train': 0, 'n_missing_valid': 0, 'sample_weight': None}
2026-02-25 09:50:47.352 - INFO - 43 - azureml.training.tabular.score._scoring_utilities.__init__:522 - No positive_label provided but detected a binary classification task
2026-02-25 09:50:47.352 - INFO - 43 - azureml.training.tabular.score._scoring_utilities.__init__:522 - No positive_label provided but detected a binary classification task
2026-02-25 09:50:47.353 - INFO - 43 - azureml.training.tabular.score._validation.log_classification_debug:194 - Classification metrics debug: {'y_test': (199,), 'y_pred_probs': (199, 2), 'unique_y_test': (2,), 'class_labels': (2,), 'train_labels': (2,), 'n_missing_train': 0, 'n_missing_valid': 0, 'sample_weight': None}
2026-02-25 09:50:47.353 - INFO - 43 - azureml.training.tabular.score._validation.log_classification_debug:194 - Classification metrics debug: {'y_test': (199,), 'y_pred_probs': (199, 2), 'unique_y_test': (2,), 'class_labels': (2,), 'train_labels': (2,), 'n_missing_train': 0, 'n_missing_valid': 0, 'sample_weight': None}
2026-02-25 09:50:47.354 - INFO - 43 - azureml.training.tabular.score._scoring_utilities.__init__:522 - No positive_label provided but detected a binary classification task
2026-02-25 09:50:47.354 - INFO - 43 - azureml.training.tabular.score._scoring_utilities.__init__:522 - No positive_label provided but detected a binary classification task
2026-02-25 09:50:47.356 - INFO - 43 - azureml.training.tabular.score._validation.log_classification_debug:194 - Classification metrics debug: {'y_test': (199,), 'y_pred_probs': (199, 2), 'unique_y_test': (2,), 'class_labels': (2,), 'train_labels': (2,), 'n_missing_train': 0, 'n_missing_valid': 0, 'sample_weight': None}
2026-02-25 09:50:47.356 - INFO - 43 - azureml.training.tabular.score._validation.log_classification_debug:194 - Classification metrics debug: {'y_test': (199,), 'y_pred_probs': (199, 2), 'unique_y_test': (2,), 'class_labels': (2,), 'train_labels': (2,), 'n_missing_train': 0, 'n_missing_valid': 0, 'sample_weight': None}
2026-02-25 09:50:47.356 - INFO - 43 - azureml.training.tabular.score._scoring_utilities.__init__:522 - No positive_label provided but detected a binary classification task
2026-02-25 09:50:47.356 - INFO - 43 - azureml.training.tabular.score._scoring_utilities.__init__:522 - No positive_label provided but detected a binary classification task
2026-02-25 09:50:47.367 - INFO - 43 - azureml.training.tabular.score._validation.log_classification_debug:194 - Classification metrics debug: {'y_test': (199,), 'y_pred_probs': (199, 2), 'unique_y_test': (2,), 'class_labels': (2,), 'train_labels': (2,), 'n_missing_train': 0, 'n_missing_valid': 0, 'sample_weight': None}
2026-02-25 09:50:47.367 - INFO - 43 - azureml.training.tabular.score._validation.log_classification_debug:194 - Classification metrics debug: {'y_test': (199,), 'y_pred_probs': (199, 2), 'unique_y_test': (2,), 'class_labels': (2,), 'train_labels': (2,), 'n_missing_train': 0, 'n_missing_valid': 0, 'sample_weight': None}
2026-02-25 09:50:47.368 - INFO - 43 - azureml.training.tabular.score._scoring_utilities.__init__:522 - No positive_label provided but detected a binary classification task
2026-02-25 09:50:47.368 - INFO - 43 - azureml.training.tabular.score._scoring_utilities.__init__:522 - No positive_label provided but detected a binary classification task
2026-02-25 09:50:47.369 - INFO - 43 - azureml.training.tabular.score._validation.log_classification_debug:194 - Classification metrics debug: {'y_test': (199,), 'y_pred_probs': (199, 2), 'unique_y_test': (2,), 'class_labels': (2,), 'train_labels': (2,), 'n_missing_train': 0, 'n_missing_valid': 0, 'sample_weight': None}
2026-02-25 09:50:47.369 - INFO - 43 - azureml.training.tabular.score._validation.log_classification_debug:194 - Classification metrics debug: {'y_test': (199,), 'y_pred_probs': (199, 2), 'unique_y_test': (2,), 'class_labels': (2,), 'train_labels': (2,), 'n_missing_train': 0, 'n_missing_valid': 0, 'sample_weight': None}
2026-02-25 09:50:47.370 - INFO - 43 - azureml.training.tabular.score._scoring_utilities.__init__:522 - No positive_label provided but detected a binary classification task
2026-02-25 09:50:47.370 - INFO - 43 - azureml.training.tabular.score._scoring_utilities.__init__:522 - No positive_label provided but detected a binary classification task
2026-02-25 09:50:47.372 - INFO - 43 - azureml.training.tabular.score._validation.log_classification_debug:194 - Classification metrics debug: {'y_test': (199,), 'y_pred_probs': (199, 2), 'unique_y_test': (2,), 'class_labels': (2,), 'train_labels': (2,), 'n_missing_train': 0, 'n_missing_valid': 0, 'sample_weight': None}
2026-02-25 09:50:47.372 - INFO - 43 - azureml.training.tabular.score._validation.log_classification_debug:194 - Classification metrics debug: {'y_test': (199,), 'y_pred_probs': (199, 2), 'unique_y_test': (2,), 'class_labels': (2,), 'train_labels': (2,), 'n_missing_train': 0, 'n_missing_valid': 0, 'sample_weight': None}
2026-02-25 09:50:47.372 - INFO - 43 - azureml.training.tabular.score._scoring_utilities.__init__:522 - No positive_label provided but detected a binary classification task
2026-02-25 09:50:47.372 - INFO - 43 - azureml.training.tabular.score._scoring_utilities.__init__:522 - No positive_label provided but detected a binary classification task
2026-02-25 09:50:47.374 - INFO - 43 - azureml.training.tabular.score._validation.log_classification_debug:194 - Classification metrics debug: {'y_test': (199,), 'y_pred_probs': (199, 2), 'unique_y_test': (2,), 'class_labels': (2,), 'train_labels': (2,), 'n_missing_train': 0, 'n_missing_valid': 0, 'sample_weight': None}
2026-02-25 09:50:47.374 - INFO - 43 - azureml.training.tabular.score._validation.log_classification_debug:194 - Classification metrics debug: {'y_test': (199,), 'y_pred_probs': (199, 2), 'unique_y_test': (2,), 'class_labels': (2,), 'train_labels': (2,), 'n_missing_train': 0, 'n_missing_valid': 0, 'sample_weight': None}
2026-02-25 09:50:47.375 - INFO - 43 - azureml.training.tabular.score._scoring_utilities.__init__:522 - No positive_label provided but detected a binary classification task
2026-02-25 09:50:47.375 - INFO - 43 - azureml.training.tabular.score._scoring_utilities.__init__:522 - No positive_label provided but detected a binary classification task
2026-02-25 09:50:47.376 - INFO - 43 - azureml.training.tabular.score._validation.log_classification_debug:194 - Classification metrics debug: {'y_test': (199,), 'y_pred_probs': (199, 2), 'unique_y_test': (2,), 'class_labels': (2,), 'train_labels': (2,), 'n_missing_train': 0, 'n_missing_valid': 0, 'sample_weight': None}
2026-02-25 09:50:47.376 - INFO - 43 - azureml.training.tabular.score._validation.log_classification_debug:194 - Classification metrics debug: {'y_test': (199,), 'y_pred_probs': (199, 2), 'unique_y_test': (2,), 'class_labels': (2,), 'train_labels': (2,), 'n_missing_train': 0, 'n_missing_valid': 0, 'sample_weight': None}
2026-02-25 09:50:47.377 - INFO - 43 - azureml.training.tabular.score._scoring_utilities.__init__:522 - No positive_label provided but detected a binary classification task
2026-02-25 09:50:47.377 - INFO - 43 - azureml.training.tabular.score._scoring_utilities.__init__:522 - No positive_label provided but detected a binary classification task
2026-02-25 09:50:47.379 - INFO - 43 - azureml.training.tabular.score._validation.log_classification_debug:194 - Classification metrics debug: {'y_test': (199,), 'y_pred_probs': (199, 2), 'unique_y_test': (2,), 'class_labels': (2,), 'train_labels': (2,), 'n_missing_train': 0, 'n_missing_valid': 0, 'sample_weight': None}
2026-02-25 09:50:47.379 - INFO - 43 - azureml.training.tabular.score._validation.log_classification_debug:194 - Classification metrics debug: {'y_test': (199,), 'y_pred_probs': (199, 2), 'unique_y_test': (2,), 'class_labels': (2,), 'train_labels': (2,), 'n_missing_train': 0, 'n_missing_valid': 0, 'sample_weight': None}
2026-02-25 09:50:47.379 - INFO - 43 - azureml.training.tabular.score._scoring_utilities.__init__:522 - No positive_label provided but detected a binary classification task
2026-02-25 09:50:47.379 - INFO - 43 - azureml.training.tabular.score._scoring_utilities.__init__:522 - No positive_label provided but detected a binary classification task
2026-02-25 09:50:47.381 - INFO - 43 - azureml.training.tabular.score._validation.log_classification_debug:194 - Classification metrics debug: {'y_test': (199,), 'y_pred_probs': (199, 2), 'unique_y_test': (2,), 'class_labels': (2,), 'train_labels': (2,), 'n_missing_train': 0, 'n_missing_valid': 0, 'sample_weight': None}
2026-02-25 09:50:47.381 - INFO - 43 - azureml.training.tabular.score._validation.log_classification_debug:194 - Classification metrics debug: {'y_test': (199,), 'y_pred_probs': (199, 2), 'unique_y_test': (2,), 'class_labels': (2,), 'train_labels': (2,), 'n_missing_train': 0, 'n_missing_valid': 0, 'sample_weight': None}
2026-02-25 09:50:47.382 - INFO - 43 - azureml.training.tabular.score._scoring_utilities.__init__:522 - No positive_label provided but detected a binary classification task
2026-02-25 09:50:47.382 - INFO - 43 - azureml.training.tabular.score._scoring_utilities.__init__:522 - No positive_label provided but detected a binary classification task
2026-02-25 09:50:47.383 - INFO - 43 - azureml.training.tabular.score._validation.log_classification_debug:194 - Classification metrics debug: {'y_test': (199,), 'y_pred_probs': (199, 2), 'unique_y_test': (2,), 'class_labels': (2,), 'train_labels': (2,), 'n_missing_train': 0, 'n_missing_valid': 0, 'sample_weight': None}
2026-02-25 09:50:47.383 - INFO - 43 - azureml.training.tabular.score._validation.log_classification_debug:194 - Classification metrics debug: {'y_test': (199,), 'y_pred_probs': (199, 2), 'unique_y_test': (2,), 'class_labels': (2,), 'train_labels': (2,), 'n_missing_train': 0, 'n_missing_valid': 0, 'sample_weight': None}
2026-02-25 09:50:47.384 - INFO - 43 - azureml.training.tabular.score._scoring_utilities.__init__:522 - No positive_label provided but detected a binary classification task
2026-02-25 09:50:47.384 - INFO - 43 - azureml.training.tabular.score._scoring_utilities.__init__:522 - No positive_label provided but detected a binary classification task
2026-02-25 09:50:47.386 - INFO - 43 - azureml.training.tabular.score._validation.log_classification_debug:194 - Classification metrics debug: {'y_test': (199,), 'y_pred_probs': (199, 2), 'unique_y_test': (2,), 'class_labels': (2,), 'train_labels': (2,), 'n_missing_train': 0, 'n_missing_valid': 0, 'sample_weight': None}
2026-02-25 09:50:47.386 - INFO - 43 - azureml.training.tabular.score._validation.log_classification_debug:194 - Classification metrics debug: {'y_test': (199,), 'y_pred_probs': (199, 2), 'unique_y_test': (2,), 'class_labels': (2,), 'train_labels': (2,), 'n_missing_train': 0, 'n_missing_valid': 0, 'sample_weight': None}
2026-02-25 09:50:47.386 - INFO - 43 - azureml.training.tabular.score._scoring_utilities.__init__:522 - No positive_label provided but detected a binary classification task
2026-02-25 09:50:47.386 - INFO - 43 - azureml.training.tabular.score._scoring_utilities.__init__:522 - No positive_label provided but detected a binary classification task
2026-02-25 09:50:47.388 - INFO - 43 - azureml.training.tabular.score._validation.log_classification_debug:194 - Classification metrics debug: {'y_test': (199,), 'y_pred_probs': (199, 2), 'unique_y_test': (2,), 'class_labels': (2,), 'train_labels': (2,), 'n_missing_train': 0, 'n_missing_valid': 0, 'sample_weight': None}
2026-02-25 09:50:47.388 - INFO - 43 - azureml.training.tabular.score._validation.log_classification_debug:194 - Classification metrics debug: {'y_test': (199,), 'y_pred_probs': (199, 2), 'unique_y_test': (2,), 'class_labels': (2,), 'train_labels': (2,), 'n_missing_train': 0, 'n_missing_valid': 0, 'sample_weight': None}
2026-02-25 09:50:47.389 - INFO - 43 - azureml.training.tabular.score._scoring_utilities.__init__:522 - No positive_label provided but detected a binary classification task
2026-02-25 09:50:47.389 - INFO - 43 - azureml.training.tabular.score._scoring_utilities.__init__:522 - No positive_label provided but detected a binary classification task
2026-02-25 09:50:47.399 - INFO - 43 - azureml.training.tabular.score._validation.log_classification_debug:194 - Classification metrics debug: {'y_test': (199,), 'y_pred_probs': (199, 2), 'unique_y_test': (2,), 'class_labels': (2,), 'train_labels': (2,), 'n_missing_train': 0, 'n_missing_valid': 0, 'sample_weight': None}
2026-02-25 09:50:47.399 - INFO - 43 - azureml.training.tabular.score._validation.log_classification_debug:194 - Classification metrics debug: {'y_test': (199,), 'y_pred_probs': (199, 2), 'unique_y_test': (2,), 'class_labels': (2,), 'train_labels': (2,), 'n_missing_train': 0, 'n_missing_valid': 0, 'sample_weight': None}
2026-02-25 09:50:47.400 - INFO - 43 - azureml.training.tabular.score._scoring_utilities.__init__:522 - No positive_label provided but detected a binary classification task
2026-02-25 09:50:47.400 - INFO - 43 - azureml.training.tabular.score._scoring_utilities.__init__:522 - No positive_label provided but detected a binary classification task
2026-02-25 09:50:47.402 - INFO - 43 - azureml.training.tabular.score._validation.log_classification_debug:194 - Classification metrics debug: {'y_test': (199,), 'y_pred_probs': (199, 2), 'unique_y_test': (2,), 'class_labels': (2,), 'train_labels': (2,), 'n_missing_train': 0, 'n_missing_valid': 0, 'sample_weight': None}
2026-02-25 09:50:47.402 - INFO - 43 - azureml.training.tabular.score._validation.log_classification_debug:194 - Classification metrics debug: {'y_test': (199,), 'y_pred_probs': (199, 2), 'unique_y_test': (2,), 'class_labels': (2,), 'train_labels': (2,), 'n_missing_train': 0, 'n_missing_valid': 0, 'sample_weight': None}
2026-02-25 09:50:47.402 - INFO - 43 - azureml.training.tabular.score._scoring_utilities.__init__:522 - No positive_label provided but detected a binary classification task
2026-02-25 09:50:47.402 - INFO - 43 - azureml.training.tabular.score._scoring_utilities.__init__:522 - No positive_label provided but detected a binary classification task
2026-02-25 09:50:47.404 - INFO - 43 - azureml.training.tabular.score._validation.log_classification_debug:194 - Classification metrics debug: {'y_test': (199,), 'y_pred_probs': (199, 2), 'unique_y_test': (2,), 'class_labels': (2,), 'train_labels': (2,), 'n_missing_train': 0, 'n_missing_valid': 0, 'sample_weight': None}
2026-02-25 09:50:47.404 - INFO - 43 - azureml.training.tabular.score._validation.log_classification_debug:194 - Classification metrics debug: {'y_test': (199,), 'y_pred_probs': (199, 2), 'unique_y_test': (2,), 'class_labels': (2,), 'train_labels': (2,), 'n_missing_train': 0, 'n_missing_valid': 0, 'sample_weight': None}
2026-02-25 09:50:47.405 - INFO - 43 - azureml.training.tabular.score._scoring_utilities.__init__:522 - No positive_label provided but detected a binary classification task
2026-02-25 09:50:47.405 - INFO - 43 - azureml.training.tabular.score._scoring_utilities.__init__:522 - No positive_label provided but detected a binary classification task
2026-02-25 09:50:47.406 - INFO - 43 - azureml.training.tabular.score._validation.log_classification_debug:194 - Classification metrics debug: {'y_test': (199,), 'y_pred_probs': (199, 2), 'unique_y_test': (2,), 'class_labels': (2,), 'train_labels': (2,), 'n_missing_train': 0, 'n_missing_valid': 0, 'sample_weight': None}
2026-02-25 09:50:47.406 - INFO - 43 - azureml.training.tabular.score._validation.log_classification_debug:194 - Classification metrics debug: {'y_test': (199,), 'y_pred_probs': (199, 2), 'unique_y_test': (2,), 'class_labels': (2,), 'train_labels': (2,), 'n_missing_train': 0, 'n_missing_valid': 0, 'sample_weight': None}
2026-02-25 09:50:47.407 - INFO - 43 - azureml.training.tabular.score._scoring_utilities.__init__:522 - No positive_label provided but detected a binary classification task
2026-02-25 09:50:47.407 - INFO - 43 - azureml.training.tabular.score._scoring_utilities.__init__:522 - No positive_label provided but detected a binary classification task
2026-02-25 09:50:47.409 - INFO - 43 - azureml.training.tabular.score._validation.log_classification_debug:194 - Classification metrics debug: {'y_test': (199,), 'y_pred_probs': (199, 2), 'unique_y_test': (2,), 'class_labels': (2,), 'train_labels': (2,), 'n_missing_train': 0, 'n_missing_valid': 0, 'sample_weight': None}
2026-02-25 09:50:47.409 - INFO - 43 - azureml.training.tabular.score._validation.log_classification_debug:194 - Classification metrics debug: {'y_test': (199,), 'y_pred_probs': (199, 2), 'unique_y_test': (2,), 'class_labels': (2,), 'train_labels': (2,), 'n_missing_train': 0, 'n_missing_valid': 0, 'sample_weight': None}
2026-02-25 09:50:47.409 - INFO - 43 - azureml.training.tabular.score._scoring_utilities.__init__:522 - No positive_label provided but detected a binary classification task
2026-02-25 09:50:47.409 - INFO - 43 - azureml.training.tabular.score._scoring_utilities.__init__:522 - No positive_label provided but detected a binary classification task
2026-02-25 09:50:47.411 - INFO - 43 - azureml.training.tabular.score._validation.log_classification_debug:194 - Classification metrics debug: {'y_test': (199,), 'y_pred_probs': (199, 2), 'unique_y_test': (2,), 'class_labels': (2,), 'train_labels': (2,), 'n_missing_train': 0, 'n_missing_valid': 0, 'sample_weight': None}
2026-02-25 09:50:47.411 - INFO - 43 - azureml.training.tabular.score._validation.log_classification_debug:194 - Classification metrics debug: {'y_test': (199,), 'y_pred_probs': (199, 2), 'unique_y_test': (2,), 'class_labels': (2,), 'train_labels': (2,), 'n_missing_train': 0, 'n_missing_valid': 0, 'sample_weight': None}
2026-02-25 09:50:47.411 - INFO - 43 - azureml.training.tabular.score._scoring_utilities.__init__:522 - No positive_label provided but detected a binary classification task
2026-02-25 09:50:47.411 - INFO - 43 - azureml.training.tabular.score._scoring_utilities.__init__:522 - No positive_label provided but detected a binary classification task
2026-02-25 09:50:47.413 - INFO - 43 - azureml.training.tabular.score._validation.log_classification_debug:194 - Classification metrics debug: {'y_test': (199,), 'y_pred_probs': (199, 2), 'unique_y_test': (2,), 'class_labels': (2,), 'train_labels': (2,), 'n_missing_train': 0, 'n_missing_valid': 0, 'sample_weight': None}
2026-02-25 09:50:47.413 - INFO - 43 - azureml.training.tabular.score._validation.log_classification_debug:194 - Classification metrics debug: {'y_test': (199,), 'y_pred_probs': (199, 2), 'unique_y_test': (2,), 'class_labels': (2,), 'train_labels': (2,), 'n_missing_train': 0, 'n_missing_valid': 0, 'sample_weight': None}
2026-02-25 09:50:47.414 - INFO - 43 - azureml.training.tabular.score._scoring_utilities.__init__:522 - No positive_label provided but detected a binary classification task
2026-02-25 09:50:47.414 - INFO - 43 - azureml.training.tabular.score._scoring_utilities.__init__:522 - No positive_label provided but detected a binary classification task
2026-02-25 09:50:47.415 - INFO - 43 - azureml.training.tabular.score._validation.log_classification_debug:194 - Classification metrics debug: {'y_test': (199,), 'y_pred_probs': (199, 2), 'unique_y_test': (2,), 'class_labels': (2,), 'train_labels': (2,), 'n_missing_train': 0, 'n_missing_valid': 0, 'sample_weight': None}
2026-02-25 09:50:47.415 - INFO - 43 - azureml.training.tabular.score._validation.log_classification_debug:194 - Classification metrics debug: {'y_test': (199,), 'y_pred_probs': (199, 2), 'unique_y_test': (2,), 'class_labels': (2,), 'train_labels': (2,), 'n_missing_train': 0, 'n_missing_valid': 0, 'sample_weight': None}
2026-02-25 09:50:47.416 - INFO - 43 - azureml.training.tabular.score._scoring_utilities.__init__:522 - No positive_label provided but detected a binary classification task
2026-02-25 09:50:47.416 - INFO - 43 - azureml.training.tabular.score._scoring_utilities.__init__:522 - No positive_label provided but detected a binary classification task
2026-02-25 09:50:47.418 - INFO - 43 - azureml.training.tabular.score._validation.log_classification_debug:194 - Classification metrics debug: {'y_test': (199,), 'y_pred_probs': (199, 2), 'unique_y_test': (2,), 'class_labels': (2,), 'train_labels': (2,), 'n_missing_train': 0, 'n_missing_valid': 0, 'sample_weight': None}
2026-02-25 09:50:47.418 - INFO - 43 - azureml.training.tabular.score._validation.log_classification_debug:194 - Classification metrics debug: {'y_test': (199,), 'y_pred_probs': (199, 2), 'unique_y_test': (2,), 'class_labels': (2,), 'train_labels': (2,), 'n_missing_train': 0, 'n_missing_valid': 0, 'sample_weight': None}
2026-02-25 09:50:47.418 - INFO - 43 - azureml.training.tabular.score._scoring_utilities.__init__:522 - No positive_label provided but detected a binary classification task
2026-02-25 09:50:47.418 - INFO - 43 - azureml.training.tabular.score._scoring_utilities.__init__:522 - No positive_label provided but detected a binary classification task
2026-02-25 09:50:47.420 - INFO - 43 - azureml.training.tabular.score._validation.log_classification_debug:194 - Classification metrics debug: {'y_test': (199,), 'y_pred_probs': (199, 2), 'unique_y_test': (2,), 'class_labels': (2,), 'train_labels': (2,), 'n_missing_train': 0, 'n_missing_valid': 0, 'sample_weight': None}
2026-02-25 09:50:47.420 - INFO - 43 - azureml.training.tabular.score._validation.log_classification_debug:194 - Classification metrics debug: {'y_test': (199,), 'y_pred_probs': (199, 2), 'unique_y_test': (2,), 'class_labels': (2,), 'train_labels': (2,), 'n_missing_train': 0, 'n_missing_valid': 0, 'sample_weight': None}
2026-02-25 09:50:47.421 - INFO - 43 - azureml.training.tabular.score._scoring_utilities.__init__:522 - No positive_label provided but detected a binary classification task
2026-02-25 09:50:47.421 - INFO - 43 - azureml.training.tabular.score._scoring_utilities.__init__:522 - No positive_label provided but detected a binary classification task
2026-02-25 09:50:47.431 - INFO - 43 - azureml.training.tabular.score._validation.log_classification_debug:194 - Classification metrics debug: {'y_test': (199,), 'y_pred_probs': (199, 2), 'unique_y_test': (2,), 'class_labels': (2,), 'train_labels': (2,), 'n_missing_train': 0, 'n_missing_valid': 0, 'sample_weight': None}
2026-02-25 09:50:47.431 - INFO - 43 - azureml.training.tabular.score._validation.log_classification_debug:194 - Classification metrics debug: {'y_test': (199,), 'y_pred_probs': (199, 2), 'unique_y_test': (2,), 'class_labels': (2,), 'train_labels': (2,), 'n_missing_train': 0, 'n_missing_valid': 0, 'sample_weight': None}
2026-02-25 09:50:47.432 - INFO - 43 - azureml.training.tabular.score._scoring_utilities.__init__:522 - No positive_label provided but detected a binary classification task
2026-02-25 09:50:47.432 - INFO - 43 - azureml.training.tabular.score._scoring_utilities.__init__:522 - No positive_label provided but detected a binary classification task
2026-02-25 09:50:47.434 - INFO - 43 - azureml.training.tabular.score._validation.log_classification_debug:194 - Classification metrics debug: {'y_test': (199,), 'y_pred_probs': (199, 2), 'unique_y_test': (2,), 'class_labels': (2,), 'train_labels': (2,), 'n_missing_train': 0, 'n_missing_valid': 0, 'sample_weight': None}
2026-02-25 09:50:47.434 - INFO - 43 - azureml.training.tabular.score._validation.log_classification_debug:194 - Classification metrics debug: {'y_test': (199,), 'y_pred_probs': (199, 2), 'unique_y_test': (2,), 'class_labels': (2,), 'train_labels': (2,), 'n_missing_train': 0, 'n_missing_valid': 0, 'sample_weight': None}
2026-02-25 09:50:47.435 - INFO - 43 - azureml.training.tabular.score._scoring_utilities.__init__:522 - No positive_label provided but detected a binary classification task
2026-02-25 09:50:47.435 - INFO - 43 - azureml.training.tabular.score._scoring_utilities.__init__:522 - No positive_label provided but detected a binary classification task
2026-02-25 09:50:47.436 - INFO - 43 - azureml.training.tabular.score._validation.log_classification_debug:194 - Classification metrics debug: {'y_test': (199,), 'y_pred_probs': (199, 2), 'unique_y_test': (2,), 'class_labels': (2,), 'train_labels': (2,), 'n_missing_train': 0, 'n_missing_valid': 0, 'sample_weight': None}
2026-02-25 09:50:47.436 - INFO - 43 - azureml.training.tabular.score._validation.log_classification_debug:194 - Classification metrics debug: {'y_test': (199,), 'y_pred_probs': (199, 2), 'unique_y_test': (2,), 'class_labels': (2,), 'train_labels': (2,), 'n_missing_train': 0, 'n_missing_valid': 0, 'sample_weight': None}
2026-02-25 09:50:47.437 - INFO - 43 - azureml.training.tabular.score._scoring_utilities.__init__:522 - No positive_label provided but detected a binary classification task
2026-02-25 09:50:47.437 - INFO - 43 - azureml.training.tabular.score._scoring_utilities.__init__:522 - No positive_label provided but detected a binary classification task
2026-02-25 09:50:47.439 - INFO - 43 - azureml.training.tabular.score._validation.log_classification_debug:194 - Classification metrics debug: {'y_test': (199,), 'y_pred_probs': (199, 2), 'unique_y_test': (2,), 'class_labels': (2,), 'train_labels': (2,), 'n_missing_train': 0, 'n_missing_valid': 0, 'sample_weight': None}
2026-02-25 09:50:47.439 - INFO - 43 - azureml.training.tabular.score._validation.log_classification_debug:194 - Classification metrics debug: {'y_test': (199,), 'y_pred_probs': (199, 2), 'unique_y_test': (2,), 'class_labels': (2,), 'train_labels': (2,), 'n_missing_train': 0, 'n_missing_valid': 0, 'sample_weight': None}
2026-02-25 09:50:47.439 - INFO - 43 - azureml.training.tabular.score._scoring_utilities.__init__:522 - No positive_label provided but detected a binary classification task
2026-02-25 09:50:47.439 - INFO - 43 - azureml.training.tabular.score._scoring_utilities.__init__:522 - No positive_label provided but detected a binary classification task
2026-02-25 09:50:47.441 - INFO - 43 - azureml.training.tabular.score._validation.log_classification_debug:194 - Classification metrics debug: {'y_test': (199,), 'y_pred_probs': (199, 2), 'unique_y_test': (2,), 'class_labels': (2,), 'train_labels': (2,), 'n_missing_train': 0, 'n_missing_valid': 0, 'sample_weight': None}
2026-02-25 09:50:47.441 - INFO - 43 - azureml.training.tabular.score._validation.log_classification_debug:194 - Classification metrics debug: {'y_test': (199,), 'y_pred_probs': (199, 2), 'unique_y_test': (2,), 'class_labels': (2,), 'train_labels': (2,), 'n_missing_train': 0, 'n_missing_valid': 0, 'sample_weight': None}
2026-02-25 09:50:47.442 - INFO - 43 - azureml.training.tabular.score._scoring_utilities.__init__:522 - No positive_label provided but detected a binary classification task
2026-02-25 09:50:47.442 - INFO - 43 - azureml.training.tabular.score._scoring_utilities.__init__:522 - No positive_label provided but detected a binary classification task
2026-02-25 09:50:47.443 - INFO - 43 - azureml.training.tabular.score._validation.log_classification_debug:194 - Classification metrics debug: {'y_test': (199,), 'y_pred_probs': (199, 2), 'unique_y_test': (2,), 'class_labels': (2,), 'train_labels': (2,), 'n_missing_train': 0, 'n_missing_valid': 0, 'sample_weight': None}
2026-02-25 09:50:47.443 - INFO - 43 - azureml.training.tabular.score._validation.log_classification_debug:194 - Classification metrics debug: {'y_test': (199,), 'y_pred_probs': (199, 2), 'unique_y_test': (2,), 'class_labels': (2,), 'train_labels': (2,), 'n_missing_train': 0, 'n_missing_valid': 0, 'sample_weight': None}
2026-02-25 09:50:47.444 - INFO - 43 - azureml.training.tabular.score._scoring_utilities.__init__:522 - No positive_label provided but detected a binary classification task
2026-02-25 09:50:47.444 - INFO - 43 - azureml.training.tabular.score._scoring_utilities.__init__:522 - No positive_label provided but detected a binary classification task
2026-02-25 09:50:47.446 - INFO - 43 - azureml.training.tabular.score._validation.log_classification_debug:194 - Classification metrics debug: {'y_test': (199,), 'y_pred_probs': (199, 2), 'unique_y_test': (2,), 'class_labels': (2,), 'train_labels': (2,), 'n_missing_train': 0, 'n_missing_valid': 0, 'sample_weight': None}
2026-02-25 09:50:47.446 - INFO - 43 - azureml.training.tabular.score._validation.log_classification_debug:194 - Classification metrics debug: {'y_test': (199,), 'y_pred_probs': (199, 2), 'unique_y_test': (2,), 'class_labels': (2,), 'train_labels': (2,), 'n_missing_train': 0, 'n_missing_valid': 0, 'sample_weight': None}
2026-02-25 09:50:47.446 - INFO - 43 - azureml.training.tabular.score._scoring_utilities.__init__:522 - No positive_label provided but detected a binary classification task
2026-02-25 09:50:47.446 - INFO - 43 - azureml.training.tabular.score._scoring_utilities.__init__:522 - No positive_label provided but detected a binary classification task
2026-02-25 09:50:47.448 - INFO - 43 - azureml.training.tabular.score._validation.log_classification_debug:194 - Classification metrics debug: {'y_test': (199,), 'y_pred_probs': (199, 2), 'unique_y_test': (2,), 'class_labels': (2,), 'train_labels': (2,), 'n_missing_train': 0, 'n_missing_valid': 0, 'sample_weight': None}
2026-02-25 09:50:47.448 - INFO - 43 - azureml.training.tabular.score._validation.log_classification_debug:194 - Classification metrics debug: {'y_test': (199,), 'y_pred_probs': (199, 2), 'unique_y_test': (2,), 'class_labels': (2,), 'train_labels': (2,), 'n_missing_train': 0, 'n_missing_valid': 0, 'sample_weight': None}
2026-02-25 09:50:47.449 - INFO - 43 - azureml.training.tabular.score._scoring_utilities.__init__:522 - No positive_label provided but detected a binary classification task
2026-02-25 09:50:47.449 - INFO - 43 - azureml.training.tabular.score._scoring_utilities.__init__:522 - No positive_label provided but detected a binary classification task
2026-02-25 09:50:47.450 - INFO - 43 - azureml.training.tabular.score._validation.log_classification_debug:194 - Classification metrics debug: {'y_test': (199,), 'y_pred_probs': (199, 2), 'unique_y_test': (2,), 'class_labels': (2,), 'train_labels': (2,), 'n_missing_train': 0, 'n_missing_valid': 0, 'sample_weight': None}
2026-02-25 09:50:47.450 - INFO - 43 - azureml.training.tabular.score._validation.log_classification_debug:194 - Classification metrics debug: {'y_test': (199,), 'y_pred_probs': (199, 2), 'unique_y_test': (2,), 'class_labels': (2,), 'train_labels': (2,), 'n_missing_train': 0, 'n_missing_valid': 0, 'sample_weight': None}
2026-02-25 09:50:47.451 - INFO - 43 - azureml.training.tabular.score._scoring_utilities.__init__:522 - No positive_label provided but detected a binary classification task
2026-02-25 09:50:47.451 - INFO - 43 - azureml.training.tabular.score._scoring_utilities.__init__:522 - No positive_label provided but detected a binary classification task
2026-02-25 09:50:47.453 - INFO - 43 - azureml.training.tabular.score._validation.log_classification_debug:194 - Classification metrics debug: {'y_test': (199,), 'y_pred_probs': (199, 2), 'unique_y_test': (2,), 'class_labels': (2,), 'train_labels': (2,), 'n_missing_train': 0, 'n_missing_valid': 0, 'sample_weight': None}
2026-02-25 09:50:47.453 - INFO - 43 - azureml.training.tabular.score._validation.log_classification_debug:194 - Classification metrics debug: {'y_test': (199,), 'y_pred_probs': (199, 2), 'unique_y_test': (2,), 'class_labels': (2,), 'train_labels': (2,), 'n_missing_train': 0, 'n_missing_valid': 0, 'sample_weight': None}
2026-02-25 09:50:47.453 - INFO - 43 - azureml.training.tabular.score._scoring_utilities.__init__:522 - No positive_label provided but detected a binary classification task
2026-02-25 09:50:47.453 - INFO - 43 - azureml.training.tabular.score._scoring_utilities.__init__:522 - No positive_label provided but detected a binary classification task
2026-02-25 09:50:47.464 - INFO - 43 - azureml.training.tabular.score._validation.log_classification_debug:194 - Classification metrics debug: {'y_test': (198,), 'y_pred_probs': (198, 2), 'unique_y_test': (2,), 'class_labels': (2,), 'train_labels': (2,), 'n_missing_train': 0, 'n_missing_valid': 0, 'sample_weight': None}
2026-02-25 09:50:47.464 - INFO - 43 - azureml.training.tabular.score._validation.log_classification_debug:194 - Classification metrics debug: {'y_test': (198,), 'y_pred_probs': (198, 2), 'unique_y_test': (2,), 'class_labels': (2,), 'train_labels': (2,), 'n_missing_train': 0, 'n_missing_valid': 0, 'sample_weight': None}
2026-02-25 09:50:47.465 - INFO - 43 - azureml.training.tabular.score._scoring_utilities.__init__:522 - No positive_label provided but detected a binary classification task
2026-02-25 09:50:47.465 - INFO - 43 - azureml.training.tabular.score._scoring_utilities.__init__:522 - No positive_label provided but detected a binary classification task
2026-02-25 09:50:47.467 - INFO - 43 - azureml.training.tabular.score._validation.log_classification_debug:194 - Classification metrics debug: {'y_test': (198,), 'y_pred_probs': (198, 2), 'unique_y_test': (2,), 'class_labels': (2,), 'train_labels': (2,), 'n_missing_train': 0, 'n_missing_valid': 0, 'sample_weight': None}
2026-02-25 09:50:47.467 - INFO - 43 - azureml.training.tabular.score._validation.log_classification_debug:194 - Classification metrics debug: {'y_test': (198,), 'y_pred_probs': (198, 2), 'unique_y_test': (2,), 'class_labels': (2,), 'train_labels': (2,), 'n_missing_train': 0, 'n_missing_valid': 0, 'sample_weight': None}
2026-02-25 09:50:47.467 - INFO - 43 - azureml.training.tabular.score._scoring_utilities.__init__:522 - No positive_label provided but detected a binary classification task
2026-02-25 09:50:47.467 - INFO - 43 - azureml.training.tabular.score._scoring_utilities.__init__:522 - No positive_label provided but detected a binary classification task
2026-02-25 09:50:47.469 - INFO - 43 - azureml.training.tabular.score._validation.log_classification_debug:194 - Classification metrics debug: {'y_test': (198,), 'y_pred_probs': (198, 2), 'unique_y_test': (2,), 'class_labels': (2,), 'train_labels': (2,), 'n_missing_train': 0, 'n_missing_valid': 0, 'sample_weight': None}
2026-02-25 09:50:47.469 - INFO - 43 - azureml.training.tabular.score._validation.log_classification_debug:194 - Classification metrics debug: {'y_test': (198,), 'y_pred_probs': (198, 2), 'unique_y_test': (2,), 'class_labels': (2,), 'train_labels': (2,), 'n_missing_train': 0, 'n_missing_valid': 0, 'sample_weight': None}
2026-02-25 09:50:47.470 - INFO - 43 - azureml.training.tabular.score._scoring_utilities.__init__:522 - No positive_label provided but detected a binary classification task
2026-02-25 09:50:47.470 - INFO - 43 - azureml.training.tabular.score._scoring_utilities.__init__:522 - No positive_label provided but detected a binary classification task
2026-02-25 09:50:47.471 - INFO - 43 - azureml.training.tabular.score._validation.log_classification_debug:194 - Classification metrics debug: {'y_test': (198,), 'y_pred_probs': (198, 2), 'unique_y_test': (2,), 'class_labels': (2,), 'train_labels': (2,), 'n_missing_train': 0, 'n_missing_valid': 0, 'sample_weight': None}
2026-02-25 09:50:47.471 - INFO - 43 - azureml.training.tabular.score._validation.log_classification_debug:194 - Classification metrics debug: {'y_test': (198,), 'y_pred_probs': (198, 2), 'unique_y_test': (2,), 'class_labels': (2,), 'train_labels': (2,), 'n_missing_train': 0, 'n_missing_valid': 0, 'sample_weight': None}
2026-02-25 09:50:47.472 - INFO - 43 - azureml.training.tabular.score._scoring_utilities.__init__:522 - No positive_label provided but detected a binary classification task
2026-02-25 09:50:47.472 - INFO - 43 - azureml.training.tabular.score._scoring_utilities.__init__:522 - No positive_label provided but detected a binary classification task
2026-02-25 09:50:47.474 - INFO - 43 - azureml.training.tabular.score._validation.log_classification_debug:194 - Classification metrics debug: {'y_test': (198,), 'y_pred_probs': (198, 2), 'unique_y_test': (2,), 'class_labels': (2,), 'train_labels': (2,), 'n_missing_train': 0, 'n_missing_valid': 0, 'sample_weight': None}
2026-02-25 09:50:47.474 - INFO - 43 - azureml.training.tabular.score._validation.log_classification_debug:194 - Classification metrics debug: {'y_test': (198,), 'y_pred_probs': (198, 2), 'unique_y_test': (2,), 'class_labels': (2,), 'train_labels': (2,), 'n_missing_train': 0, 'n_missing_valid': 0, 'sample_weight': None}
2026-02-25 09:50:47.474 - INFO - 43 - azureml.training.tabular.score._scoring_utilities.__init__:522 - No positive_label provided but detected a binary classification task
2026-02-25 09:50:47.474 - INFO - 43 - azureml.training.tabular.score._scoring_utilities.__init__:522 - No positive_label provided but detected a binary classification task
2026-02-25 09:50:47.476 - INFO - 43 - azureml.training.tabular.score._validation.log_classification_debug:194 - Classification metrics debug: {'y_test': (198,), 'y_pred_probs': (198, 2), 'unique_y_test': (2,), 'class_labels': (2,), 'train_labels': (2,), 'n_missing_train': 0, 'n_missing_valid': 0, 'sample_weight': None}
2026-02-25 09:50:47.476 - INFO - 43 - azureml.training.tabular.score._validation.log_classification_debug:194 - Classification metrics debug: {'y_test': (198,), 'y_pred_probs': (198, 2), 'unique_y_test': (2,), 'class_labels': (2,), 'train_labels': (2,), 'n_missing_train': 0, 'n_missing_valid': 0, 'sample_weight': None}
2026-02-25 09:50:47.477 - INFO - 43 - azureml.training.tabular.score._scoring_utilities.__init__:522 - No positive_label provided but detected a binary classification task
2026-02-25 09:50:47.477 - INFO - 43 - azureml.training.tabular.score._scoring_utilities.__init__:522 - No positive_label provided but detected a binary classification task
2026-02-25 09:50:47.479 - INFO - 43 - azureml.training.tabular.score._validation.log_classification_debug:194 - Classification metrics debug: {'y_test': (198,), 'y_pred_probs': (198, 2), 'unique_y_test': (2,), 'class_labels': (2,), 'train_labels': (2,), 'n_missing_train': 0, 'n_missing_valid': 0, 'sample_weight': None}
2026-02-25 09:50:47.479 - INFO - 43 - azureml.training.tabular.score._validation.log_classification_debug:194 - Classification metrics debug: {'y_test': (198,), 'y_pred_probs': (198, 2), 'unique_y_test': (2,), 'class_labels': (2,), 'train_labels': (2,), 'n_missing_train': 0, 'n_missing_valid': 0, 'sample_weight': None}
2026-02-25 09:50:47.480 - INFO - 43 - azureml.training.tabular.score._scoring_utilities.__init__:522 - No positive_label provided but detected a binary classification task
2026-02-25 09:50:47.480 - INFO - 43 - azureml.training.tabular.score._scoring_utilities.__init__:522 - No positive_label provided but detected a binary classification task
2026-02-25 09:50:47.482 - INFO - 43 - azureml.training.tabular.score._validation.log_classification_debug:194 - Classification metrics debug: {'y_test': (198,), 'y_pred_probs': (198, 2), 'unique_y_test': (2,), 'class_labels': (2,), 'train_labels': (2,), 'n_missing_train': 0, 'n_missing_valid': 0, 'sample_weight': None}
2026-02-25 09:50:47.482 - INFO - 43 - azureml.training.tabular.score._validation.log_classification_debug:194 - Classification metrics debug: {'y_test': (198,), 'y_pred_probs': (198, 2), 'unique_y_test': (2,), 'class_labels': (2,), 'train_labels': (2,), 'n_missing_train': 0, 'n_missing_valid': 0, 'sample_weight': None}
2026-02-25 09:50:47.482 - INFO - 43 - azureml.training.tabular.score._scoring_utilities.__init__:522 - No positive_label provided but detected a binary classification task
2026-02-25 09:50:47.482 - INFO - 43 - azureml.training.tabular.score._scoring_utilities.__init__:522 - No positive_label provided but detected a binary classification task
2026-02-25 09:50:47.484 - INFO - 43 - azureml.training.tabular.score._validation.log_classification_debug:194 - Classification metrics debug: {'y_test': (198,), 'y_pred_probs': (198, 2), 'unique_y_test': (2,), 'class_labels': (2,), 'train_labels': (2,), 'n_missing_train': 0, 'n_missing_valid': 0, 'sample_weight': None}
2026-02-25 09:50:47.484 - INFO - 43 - azureml.training.tabular.score._validation.log_classification_debug:194 - Classification metrics debug: {'y_test': (198,), 'y_pred_probs': (198, 2), 'unique_y_test': (2,), 'class_labels': (2,), 'train_labels': (2,), 'n_missing_train': 0, 'n_missing_valid': 0, 'sample_weight': None}
2026-02-25 09:50:47.485 - INFO - 43 - azureml.training.tabular.score._scoring_utilities.__init__:522 - No positive_label provided but detected a binary classification task
2026-02-25 09:50:47.485 - INFO - 43 - azureml.training.tabular.score._scoring_utilities.__init__:522 - No positive_label provided but detected a binary classification task
2026-02-25 09:50:47.486 - INFO - 43 - azureml.training.tabular.score._validation.log_classification_debug:194 - Classification metrics debug: {'y_test': (198,), 'y_pred_probs': (198, 2), 'unique_y_test': (2,), 'class_labels': (2,), 'train_labels': (2,), 'n_missing_train': 0, 'n_missing_valid': 0, 'sample_weight': None}
2026-02-25 09:50:47.486 - INFO - 43 - azureml.training.tabular.score._validation.log_classification_debug:194 - Classification metrics debug: {'y_test': (198,), 'y_pred_probs': (198, 2), 'unique_y_test': (2,), 'class_labels': (2,), 'train_labels': (2,), 'n_missing_train': 0, 'n_missing_valid': 0, 'sample_weight': None}
2026-02-25 09:50:47.487 - INFO - 43 - azureml.training.tabular.score._scoring_utilities.__init__:522 - No positive_label provided but detected a binary classification task
2026-02-25 09:50:47.487 - INFO - 43 - azureml.training.tabular.score._scoring_utilities.__init__:522 - No positive_label provided but detected a binary classification task
2026-02-25 09:50:47.501 - INFO - 43 - azureml.training.tabular.score._validation.log_classification_debug:194 - Classification metrics debug: {'y_test': (199,), 'y_pred_probs': (199, 2), 'unique_y_test': (2,), 'class_labels': (2,), 'train_labels': (2,), 'n_missing_train': 0, 'n_missing_valid': 0, 'sample_weight': None}
2026-02-25 09:50:47.501 - INFO - 43 - azureml.training.tabular.score._validation.log_classification_debug:194 - Classification metrics debug: {'y_test': (199,), 'y_pred_probs': (199, 2), 'unique_y_test': (2,), 'class_labels': (2,), 'train_labels': (2,), 'n_missing_train': 0, 'n_missing_valid': 0, 'sample_weight': None}
2026-02-25 09:50:47.501 - INFO - 43 - azureml.training.tabular.score._scoring_utilities.__init__:522 - No positive_label provided but detected a binary classification task
2026-02-25 09:50:47.501 - INFO - 43 - azureml.training.tabular.score._scoring_utilities.__init__:522 - No positive_label provided but detected a binary classification task
2026-02-25 09:50:47.503 - INFO - 43 - azureml.training.tabular.score._validation.log_classification_debug:194 - Classification metrics debug: {'y_test': (199,), 'y_pred_probs': (199, 2), 'unique_y_test': (2,), 'class_labels': (2,), 'train_labels': (2,), 'n_missing_train': 0, 'n_missing_valid': 0, 'sample_weight': None}
2026-02-25 09:50:47.503 - INFO - 43 - azureml.training.tabular.score._validation.log_classification_debug:194 - Classification metrics debug: {'y_test': (199,), 'y_pred_probs': (199, 2), 'unique_y_test': (2,), 'class_labels': (2,), 'train_labels': (2,), 'n_missing_train': 0, 'n_missing_valid': 0, 'sample_weight': None}
2026-02-25 09:50:47.504 - INFO - 43 - azureml.training.tabular.score._scoring_utilities.__init__:522 - No positive_label provided but detected a binary classification task
2026-02-25 09:50:47.504 - INFO - 43 - azureml.training.tabular.score._scoring_utilities.__init__:522 - No positive_label provided but detected a binary classification task
2026-02-25 09:50:47.505 - INFO - 43 - azureml.training.tabular.score._validation.log_classification_debug:194 - Classification metrics debug: {'y_test': (199,), 'y_pred_probs': (199, 2), 'unique_y_test': (2,), 'class_labels': (2,), 'train_labels': (2,), 'n_missing_train': 0, 'n_missing_valid': 0, 'sample_weight': None}
2026-02-25 09:50:47.505 - INFO - 43 - azureml.training.tabular.score._validation.log_classification_debug:194 - Classification metrics debug: {'y_test': (199,), 'y_pred_probs': (199, 2), 'unique_y_test': (2,), 'class_labels': (2,), 'train_labels': (2,), 'n_missing_train': 0, 'n_missing_valid': 0, 'sample_weight': None}
2026-02-25 09:50:47.506 - INFO - 43 - azureml.training.tabular.score._scoring_utilities.__init__:522 - No positive_label provided but detected a binary classification task
2026-02-25 09:50:47.506 - INFO - 43 - azureml.training.tabular.score._scoring_utilities.__init__:522 - No positive_label provided but detected a binary classification task
2026-02-25 09:50:47.508 - INFO - 43 - azureml.training.tabular.score._validation.log_classification_debug:194 - Classification metrics debug: {'y_test': (199,), 'y_pred_probs': (199, 2), 'unique_y_test': (2,), 'class_labels': (2,), 'train_labels': (2,), 'n_missing_train': 0, 'n_missing_valid': 0, 'sample_weight': None}
2026-02-25 09:50:47.508 - INFO - 43 - azureml.training.tabular.score._validation.log_classification_debug:194 - Classification metrics debug: {'y_test': (199,), 'y_pred_probs': (199, 2), 'unique_y_test': (2,), 'class_labels': (2,), 'train_labels': (2,), 'n_missing_train': 0, 'n_missing_valid': 0, 'sample_weight': None}
2026-02-25 09:50:47.508 - INFO - 43 - azureml.training.tabular.score._scoring_utilities.__init__:522 - No positive_label provided but detected a binary classification task
2026-02-25 09:50:47.508 - INFO - 43 - azureml.training.tabular.score._scoring_utilities.__init__:522 - No positive_label provided but detected a binary classification task
2026-02-25 09:50:47.510 - INFO - 43 - azureml.training.tabular.score._validation.log_classification_debug:194 - Classification metrics debug: {'y_test': (199,), 'y_pred_probs': (199, 2), 'unique_y_test': (2,), 'class_labels': (2,), 'train_labels': (2,), 'n_missing_train': 0, 'n_missing_valid': 0, 'sample_weight': None}
2026-02-25 09:50:47.510 - INFO - 43 - azureml.training.tabular.score._validation.log_classification_debug:194 - Classification metrics debug: {'y_test': (199,), 'y_pred_probs': (199, 2), 'unique_y_test': (2,), 'class_labels': (2,), 'train_labels': (2,), 'n_missing_train': 0, 'n_missing_valid': 0, 'sample_weight': None}
2026-02-25 09:50:47.511 - INFO - 43 - azureml.training.tabular.score._scoring_utilities.__init__:522 - No positive_label provided but detected a binary classification task
2026-02-25 09:50:47.511 - INFO - 43 - azureml.training.tabular.score._scoring_utilities.__init__:522 - No positive_label provided but detected a binary classification task
2026-02-25 09:50:47.512 - INFO - 43 - azureml.training.tabular.score._validation.log_classification_debug:194 - Classification metrics debug: {'y_test': (199,), 'y_pred_probs': (199, 2), 'unique_y_test': (2,), 'class_labels': (2,), 'train_labels': (2,), 'n_missing_train': 0, 'n_missing_valid': 0, 'sample_weight': None}
2026-02-25 09:50:47.512 - INFO - 43 - azureml.training.tabular.score._validation.log_classification_debug:194 - Classification metrics debug: {'y_test': (199,), 'y_pred_probs': (199, 2), 'unique_y_test': (2,), 'class_labels': (2,), 'train_labels': (2,), 'n_missing_train': 0, 'n_missing_valid': 0, 'sample_weight': None}
2026-02-25 09:50:47.513 - INFO - 43 - azureml.training.tabular.score._scoring_utilities.__init__:522 - No positive_label provided but detected a binary classification task
2026-02-25 09:50:47.513 - INFO - 43 - azureml.training.tabular.score._scoring_utilities.__init__:522 - No positive_label provided but detected a binary classification task
2026-02-25 09:50:47.515 - INFO - 43 - azureml.training.tabular.score._validation.log_classification_debug:194 - Classification metrics debug: {'y_test': (199,), 'y_pred_probs': (199, 2), 'unique_y_test': (2,), 'class_labels': (2,), 'train_labels': (2,), 'n_missing_train': 0, 'n_missing_valid': 0, 'sample_weight': None}
2026-02-25 09:50:47.515 - INFO - 43 - azureml.training.tabular.score._validation.log_classification_debug:194 - Classification metrics debug: {'y_test': (199,), 'y_pred_probs': (199, 2), 'unique_y_test': (2,), 'class_labels': (2,), 'train_labels': (2,), 'n_missing_train': 0, 'n_missing_valid': 0, 'sample_weight': None}
2026-02-25 09:50:47.515 - INFO - 43 - azureml.training.tabular.score._scoring_utilities.__init__:522 - No positive_label provided but detected a binary classification task
2026-02-25 09:50:47.515 - INFO - 43 - azureml.training.tabular.score._scoring_utilities.__init__:522 - No positive_label provided but detected a binary classification task
2026-02-25 09:50:47.517 - INFO - 43 - azureml.training.tabular.score._validation.log_classification_debug:194 - Classification metrics debug: {'y_test': (199,), 'y_pred_probs': (199, 2), 'unique_y_test': (2,), 'class_labels': (2,), 'train_labels': (2,), 'n_missing_train': 0, 'n_missing_valid': 0, 'sample_weight': None}
2026-02-25 09:50:47.517 - INFO - 43 - azureml.training.tabular.score._validation.log_classification_debug:194 - Classification metrics debug: {'y_test': (199,), 'y_pred_probs': (199, 2), 'unique_y_test': (2,), 'class_labels': (2,), 'train_labels': (2,), 'n_missing_train': 0, 'n_missing_valid': 0, 'sample_weight': None}
2026-02-25 09:50:47.518 - INFO - 43 - azureml.training.tabular.score._scoring_utilities.__init__:522 - No positive_label provided but detected a binary classification task
2026-02-25 09:50:47.518 - INFO - 43 - azureml.training.tabular.score._scoring_utilities.__init__:522 - No positive_label provided but detected a binary classification task
2026-02-25 09:50:47.520 - INFO - 43 - azureml.training.tabular.score._validation.log_classification_debug:194 - Classification metrics debug: {'y_test': (199,), 'y_pred_probs': (199, 2), 'unique_y_test': (2,), 'class_labels': (2,), 'train_labels': (2,), 'n_missing_train': 0, 'n_missing_valid': 0, 'sample_weight': None}
2026-02-25 09:50:47.520 - INFO - 43 - azureml.training.tabular.score._validation.log_classification_debug:194 - Classification metrics debug: {'y_test': (199,), 'y_pred_probs': (199, 2), 'unique_y_test': (2,), 'class_labels': (2,), 'train_labels': (2,), 'n_missing_train': 0, 'n_missing_valid': 0, 'sample_weight': None}
2026-02-25 09:50:47.520 - INFO - 43 - azureml.training.tabular.score._scoring_utilities.__init__:522 - No positive_label provided but detected a binary classification task
2026-02-25 09:50:47.520 - INFO - 43 - azureml.training.tabular.score._scoring_utilities.__init__:522 - No positive_label provided but detected a binary classification task
2026-02-25 09:50:47.522 - INFO - 43 - azureml.training.tabular.score._validation.log_classification_debug:194 - Classification metrics debug: {'y_test': (199,), 'y_pred_probs': (199, 2), 'unique_y_test': (2,), 'class_labels': (2,), 'train_labels': (2,), 'n_missing_train': 0, 'n_missing_valid': 0, 'sample_weight': None}
2026-02-25 09:50:47.522 - INFO - 43 - azureml.training.tabular.score._validation.log_classification_debug:194 - Classification metrics debug: {'y_test': (199,), 'y_pred_probs': (199, 2), 'unique_y_test': (2,), 'class_labels': (2,), 'train_labels': (2,), 'n_missing_train': 0, 'n_missing_valid': 0, 'sample_weight': None}
2026-02-25 09:50:47.522 - INFO - 43 - azureml.training.tabular.score._scoring_utilities.__init__:522 - No positive_label provided but detected a binary classification task
2026-02-25 09:50:47.522 - INFO - 43 - azureml.training.tabular.score._scoring_utilities.__init__:522 - No positive_label provided but detected a binary classification task
2026-02-25 09:50:47.533 - INFO - 43 - azureml.training.tabular.score._validation.log_classification_debug:194 - Classification metrics debug: {'y_test': (199,), 'y_pred_probs': (199, 2), 'unique_y_test': (2,), 'class_labels': (2,), 'train_labels': (2,), 'n_missing_train': 0, 'n_missing_valid': 0, 'sample_weight': None}
2026-02-25 09:50:47.533 - INFO - 43 - azureml.training.tabular.score._validation.log_classification_debug:194 - Classification metrics debug: {'y_test': (199,), 'y_pred_probs': (199, 2), 'unique_y_test': (2,), 'class_labels': (2,), 'train_labels': (2,), 'n_missing_train': 0, 'n_missing_valid': 0, 'sample_weight': None}
2026-02-25 09:50:47.533 - INFO - 43 - azureml.training.tabular.score._scoring_utilities.__init__:522 - No positive_label provided but detected a binary classification task
2026-02-25 09:50:47.533 - INFO - 43 - azureml.training.tabular.score._scoring_utilities.__init__:522 - No positive_label provided but detected a binary classification task
2026-02-25 09:50:47.535 - INFO - 43 - azureml.training.tabular.score._validation.log_classification_debug:194 - Classification metrics debug: {'y_test': (199,), 'y_pred_probs': (199, 2), 'unique_y_test': (2,), 'class_labels': (2,), 'train_labels': (2,), 'n_missing_train': 0, 'n_missing_valid': 0, 'sample_weight': None}
2026-02-25 09:50:47.535 - INFO - 43 - azureml.training.tabular.score._validation.log_classification_debug:194 - Classification metrics debug: {'y_test': (199,), 'y_pred_probs': (199, 2), 'unique_y_test': (2,), 'class_labels': (2,), 'train_labels': (2,), 'n_missing_train': 0, 'n_missing_valid': 0, 'sample_weight': None}
2026-02-25 09:50:47.536 - INFO - 43 - azureml.training.tabular.score._scoring_utilities.__init__:522 - No positive_label provided but detected a binary classification task
2026-02-25 09:50:47.536 - INFO - 43 - azureml.training.tabular.score._scoring_utilities.__init__:522 - No positive_label provided but detected a binary classification task
2026-02-25 09:50:47.537 - INFO - 43 - azureml.training.tabular.score._validation.log_classification_debug:194 - Classification metrics debug: {'y_test': (199,), 'y_pred_probs': (199, 2), 'unique_y_test': (2,), 'class_labels': (2,), 'train_labels': (2,), 'n_missing_train': 0, 'n_missing_valid': 0, 'sample_weight': None}
2026-02-25 09:50:47.537 - INFO - 43 - azureml.training.tabular.score._validation.log_classification_debug:194 - Classification metrics debug: {'y_test': (199,), 'y_pred_probs': (199, 2), 'unique_y_test': (2,), 'class_labels': (2,), 'train_labels': (2,), 'n_missing_train': 0, 'n_missing_valid': 0, 'sample_weight': None}
2026-02-25 09:50:47.538 - INFO - 43 - azureml.training.tabular.score._scoring_utilities.__init__:522 - No positive_label provided but detected a binary classification task
2026-02-25 09:50:47.538 - INFO - 43 - azureml.training.tabular.score._scoring_utilities.__init__:522 - No positive_label provided but detected a binary classification task
2026-02-25 09:50:47.540 - INFO - 43 - azureml.training.tabular.score._validation.log_classification_debug:194 - Classification metrics debug: {'y_test': (199,), 'y_pred_probs': (199, 2), 'unique_y_test': (2,), 'class_labels': (2,), 'train_labels': (2,), 'n_missing_train': 0, 'n_missing_valid': 0, 'sample_weight': None}
2026-02-25 09:50:47.540 - INFO - 43 - azureml.training.tabular.score._validation.log_classification_debug:194 - Classification metrics debug: {'y_test': (199,), 'y_pred_probs': (199, 2), 'unique_y_test': (2,), 'class_labels': (2,), 'train_labels': (2,), 'n_missing_train': 0, 'n_missing_valid': 0, 'sample_weight': None}
2026-02-25 09:50:47.541 - INFO - 43 - azureml.training.tabular.score._scoring_utilities.__init__:522 - No positive_label provided but detected a binary classification task
2026-02-25 09:50:47.541 - INFO - 43 - azureml.training.tabular.score._scoring_utilities.__init__:522 - No positive_label provided but detected a binary classification task
2026-02-25 09:50:47.544 - INFO - 43 - azureml.training.tabular.score._validation.log_classification_debug:194 - Classification metrics debug: {'y_test': (199,), 'y_pred_probs': (199, 2), 'unique_y_test': (2,), 'class_labels': (2,), 'train_labels': (2,), 'n_missing_train': 0, 'n_missing_valid': 0, 'sample_weight': None}
2026-02-25 09:50:47.544 - INFO - 43 - azureml.training.tabular.score._validation.log_classification_debug:194 - Classification metrics debug: {'y_test': (199,), 'y_pred_probs': (199, 2), 'unique_y_test': (2,), 'class_labels': (2,), 'train_labels': (2,), 'n_missing_train': 0, 'n_missing_valid': 0, 'sample_weight': None}
2026-02-25 09:50:47.545 - INFO - 43 - azureml.training.tabular.score._scoring_utilities.__init__:522 - No positive_label provided but detected a binary classification task
2026-02-25 09:50:47.545 - INFO - 43 - azureml.training.tabular.score._scoring_utilities.__init__:522 - No positive_label provided but detected a binary classification task
2026-02-25 09:50:47.547 - INFO - 43 - azureml.training.tabular.score._validation.log_classification_debug:194 - Classification metrics debug: {'y_test': (199,), 'y_pred_probs': (199, 2), 'unique_y_test': (2,), 'class_labels': (2,), 'train_labels': (2,), 'n_missing_train': 0, 'n_missing_valid': 0, 'sample_weight': None}
2026-02-25 09:50:47.547 - INFO - 43 - azureml.training.tabular.score._validation.log_classification_debug:194 - Classification metrics debug: {'y_test': (199,), 'y_pred_probs': (199, 2), 'unique_y_test': (2,), 'class_labels': (2,), 'train_labels': (2,), 'n_missing_train': 0, 'n_missing_valid': 0, 'sample_weight': None}
2026-02-25 09:50:47.548 - INFO - 43 - azureml.training.tabular.score._scoring_utilities.__init__:522 - No positive_label provided but detected a binary classification task
2026-02-25 09:50:47.548 - INFO - 43 - azureml.training.tabular.score._scoring_utilities.__init__:522 - No positive_label provided but detected a binary classification task
2026-02-25 09:50:47.550 - INFO - 43 - azureml.training.tabular.score._validation.log_classification_debug:194 - Classification metrics debug: {'y_test': (199,), 'y_pred_probs': (199, 2), 'unique_y_test': (2,), 'class_labels': (2,), 'train_labels': (2,), 'n_missing_train': 0, 'n_missing_valid': 0, 'sample_weight': None}
2026-02-25 09:50:47.550 - INFO - 43 - azureml.training.tabular.score._validation.log_classification_debug:194 - Classification metrics debug: {'y_test': (199,), 'y_pred_probs': (199, 2), 'unique_y_test': (2,), 'class_labels': (2,), 'train_labels': (2,), 'n_missing_train': 0, 'n_missing_valid': 0, 'sample_weight': None}
2026-02-25 09:50:47.550 - INFO - 43 - azureml.training.tabular.score._scoring_utilities.__init__:522 - No positive_label provided but detected a binary classification task
2026-02-25 09:50:47.550 - INFO - 43 - azureml.training.tabular.score._scoring_utilities.__init__:522 - No positive_label provided but detected a binary classification task
2026-02-25 09:50:47.552 - INFO - 43 - azureml.training.tabular.score._validation.log_classification_debug:194 - Classification metrics debug: {'y_test': (199,), 'y_pred_probs': (199, 2), 'unique_y_test': (2,), 'class_labels': (2,), 'train_labels': (2,), 'n_missing_train': 0, 'n_missing_valid': 0, 'sample_weight': None}
2026-02-25 09:50:47.552 - INFO - 43 - azureml.training.tabular.score._validation.log_classification_debug:194 - Classification metrics debug: {'y_test': (199,), 'y_pred_probs': (199, 2), 'unique_y_test': (2,), 'class_labels': (2,), 'train_labels': (2,), 'n_missing_train': 0, 'n_missing_valid': 0, 'sample_weight': None}
2026-02-25 09:50:47.553 - INFO - 43 - azureml.training.tabular.score._scoring_utilities.__init__:522 - No positive_label provided but detected a binary classification task
2026-02-25 09:50:47.553 - INFO - 43 - azureml.training.tabular.score._scoring_utilities.__init__:522 - No positive_label provided but detected a binary classification task
2026-02-25 09:50:47.555 - INFO - 43 - azureml.training.tabular.score._validation.log_classification_debug:194 - Classification metrics debug: {'y_test': (199,), 'y_pred_probs': (199, 2), 'unique_y_test': (2,), 'class_labels': (2,), 'train_labels': (2,), 'n_missing_train': 0, 'n_missing_valid': 0, 'sample_weight': None}
2026-02-25 09:50:47.555 - INFO - 43 - azureml.training.tabular.score._validation.log_classification_debug:194 - Classification metrics debug: {'y_test': (199,), 'y_pred_probs': (199, 2), 'unique_y_test': (2,), 'class_labels': (2,), 'train_labels': (2,), 'n_missing_train': 0, 'n_missing_valid': 0, 'sample_weight': None}
2026-02-25 09:50:47.555 - INFO - 43 - azureml.training.tabular.score._scoring_utilities.__init__:522 - No positive_label provided but detected a binary classification task
2026-02-25 09:50:47.555 - INFO - 43 - azureml.training.tabular.score._scoring_utilities.__init__:522 - No positive_label provided but detected a binary classification task
2026-02-25 09:50:47.557 - INFO - 43 - azureml.training.tabular.score._validation.log_classification_debug:194 - Classification metrics debug: {'y_test': (199,), 'y_pred_probs': (199, 2), 'unique_y_test': (2,), 'class_labels': (2,), 'train_labels': (2,), 'n_missing_train': 0, 'n_missing_valid': 0, 'sample_weight': None}
2026-02-25 09:50:47.557 - INFO - 43 - azureml.training.tabular.score._validation.log_classification_debug:194 - Classification metrics debug: {'y_test': (199,), 'y_pred_probs': (199, 2), 'unique_y_test': (2,), 'class_labels': (2,), 'train_labels': (2,), 'n_missing_train': 0, 'n_missing_valid': 0, 'sample_weight': None}
2026-02-25 09:50:47.558 - INFO - 43 - azureml.training.tabular.score._scoring_utilities.__init__:522 - No positive_label provided but detected a binary classification task
2026-02-25 09:50:47.558 - INFO - 43 - azureml.training.tabular.score._scoring_utilities.__init__:522 - No positive_label provided but detected a binary classification task
2026-02-25 09:50:47.569 - INFO - 43 - azureml.training.tabular.score._validation.log_classification_debug:194 - Classification metrics debug: {'y_test': (199,), 'y_pred_probs': (199, 2), 'unique_y_test': (2,), 'class_labels': (2,), 'train_labels': (2,), 'n_missing_train': 0, 'n_missing_valid': 0, 'sample_weight': None}
2026-02-25 09:50:47.569 - INFO - 43 - azureml.training.tabular.score._validation.log_classification_debug:194 - Classification metrics debug: {'y_test': (199,), 'y_pred_probs': (199, 2), 'unique_y_test': (2,), 'class_labels': (2,), 'train_labels': (2,), 'n_missing_train': 0, 'n_missing_valid': 0, 'sample_weight': None}
2026-02-25 09:50:47.569 - INFO - 43 - azureml.training.tabular.score._scoring_utilities.__init__:522 - No positive_label provided but detected a binary classification task
2026-02-25 09:50:47.569 - INFO - 43 - azureml.training.tabular.score._scoring_utilities.__init__:522 - No positive_label provided but detected a binary classification task
2026-02-25 09:50:47.572 - INFO - 43 - azureml.training.tabular.score._validation.log_classification_debug:194 - Classification metrics debug: {'y_test': (199,), 'y_pred_probs': (199, 2), 'unique_y_test': (2,), 'class_labels': (2,), 'train_labels': (2,), 'n_missing_train': 0, 'n_missing_valid': 0, 'sample_weight': None}
2026-02-25 09:50:47.572 - INFO - 43 - azureml.training.tabular.score._validation.log_classification_debug:194 - Classification metrics debug: {'y_test': (199,), 'y_pred_probs': (199, 2), 'unique_y_test': (2,), 'class_labels': (2,), 'train_labels': (2,), 'n_missing_train': 0, 'n_missing_valid': 0, 'sample_weight': None}
2026-02-25 09:50:47.572 - INFO - 43 - azureml.training.tabular.score._scoring_utilities.__init__:522 - No positive_label provided but detected a binary classification task
2026-02-25 09:50:47.572 - INFO - 43 - azureml.training.tabular.score._scoring_utilities.__init__:522 - No positive_label provided but detected a binary classification task
2026-02-25 09:50:47.574 - INFO - 43 - azureml.training.tabular.score._validation.log_classification_debug:194 - Classification metrics debug: {'y_test': (199,), 'y_pred_probs': (199, 2), 'unique_y_test': (2,), 'class_labels': (2,), 'train_labels': (2,), 'n_missing_train': 0, 'n_missing_valid': 0, 'sample_weight': None}
2026-02-25 09:50:47.574 - INFO - 43 - azureml.training.tabular.score._validation.log_classification_debug:194 - Classification metrics debug: {'y_test': (199,), 'y_pred_probs': (199, 2), 'unique_y_test': (2,), 'class_labels': (2,), 'train_labels': (2,), 'n_missing_train': 0, 'n_missing_valid': 0, 'sample_weight': None}
2026-02-25 09:50:47.575 - INFO - 43 - azureml.training.tabular.score._scoring_utilities.__init__:522 - No positive_label provided but detected a binary classification task
2026-02-25 09:50:47.575 - INFO - 43 - azureml.training.tabular.score._scoring_utilities.__init__:522 - No positive_label provided but detected a binary classification task
2026-02-25 09:50:47.577 - INFO - 43 - azureml.training.tabular.score._validation.log_classification_debug:194 - Classification metrics debug: {'y_test': (199,), 'y_pred_probs': (199, 2), 'unique_y_test': (2,), 'class_labels': (2,), 'train_labels': (2,), 'n_missing_train': 0, 'n_missing_valid': 0, 'sample_weight': None}
2026-02-25 09:50:47.577 - INFO - 43 - azureml.training.tabular.score._validation.log_classification_debug:194 - Classification metrics debug: {'y_test': (199,), 'y_pred_probs': (199, 2), 'unique_y_test': (2,), 'class_labels': (2,), 'train_labels': (2,), 'n_missing_train': 0, 'n_missing_valid': 0, 'sample_weight': None}
2026-02-25 09:50:47.577 - INFO - 43 - azureml.training.tabular.score._scoring_utilities.__init__:522 - No positive_label provided but detected a binary classification task
2026-02-25 09:50:47.577 - INFO - 43 - azureml.training.tabular.score._scoring_utilities.__init__:522 - No positive_label provided but detected a binary classification task
2026-02-25 09:50:47.579 - INFO - 43 - azureml.training.tabular.score._validation.log_classification_debug:194 - Classification metrics debug: {'y_test': (199,), 'y_pred_probs': (199, 2), 'unique_y_test': (2,), 'class_labels': (2,), 'train_labels': (2,), 'n_missing_train': 0, 'n_missing_valid': 0, 'sample_weight': None}
2026-02-25 09:50:47.579 - INFO - 43 - azureml.training.tabular.score._validation.log_classification_debug:194 - Classification metrics debug: {'y_test': (199,), 'y_pred_probs': (199, 2), 'unique_y_test': (2,), 'class_labels': (2,), 'train_labels': (2,), 'n_missing_train': 0, 'n_missing_valid': 0, 'sample_weight': None}
2026-02-25 09:50:47.580 - INFO - 43 - azureml.training.tabular.score._scoring_utilities.__init__:522 - No positive_label provided but detected a binary classification task
2026-02-25 09:50:47.580 - INFO - 43 - azureml.training.tabular.score._scoring_utilities.__init__:522 - No positive_label provided but detected a binary classification task
2026-02-25 09:50:47.581 - INFO - 43 - azureml.training.tabular.score._validation.log_classification_debug:194 - Classification metrics debug: {'y_test': (199,), 'y_pred_probs': (199, 2), 'unique_y_test': (2,), 'class_labels': (2,), 'train_labels': (2,), 'n_missing_train': 0, 'n_missing_valid': 0, 'sample_weight': None}
2026-02-25 09:50:47.581 - INFO - 43 - azureml.training.tabular.score._validation.log_classification_debug:194 - Classification metrics debug: {'y_test': (199,), 'y_pred_probs': (199, 2), 'unique_y_test': (2,), 'class_labels': (2,), 'train_labels': (2,), 'n_missing_train': 0, 'n_missing_valid': 0, 'sample_weight': None}
2026-02-25 09:50:47.582 - INFO - 43 - azureml.training.tabular.score._scoring_utilities.__init__:522 - No positive_label provided but detected a binary classification task
2026-02-25 09:50:47.582 - INFO - 43 - azureml.training.tabular.score._scoring_utilities.__init__:522 - No positive_label provided but detected a binary classification task
2026-02-25 09:50:47.584 - INFO - 43 - azureml.training.tabular.score._validation.log_classification_debug:194 - Classification metrics debug: {'y_test': (199,), 'y_pred_probs': (199, 2), 'unique_y_test': (2,), 'class_labels': (2,), 'train_labels': (2,), 'n_missing_train': 0, 'n_missing_valid': 0, 'sample_weight': None}
2026-02-25 09:50:47.584 - INFO - 43 - azureml.training.tabular.score._validation.log_classification_debug:194 - Classification metrics debug: {'y_test': (199,), 'y_pred_probs': (199, 2), 'unique_y_test': (2,), 'class_labels': (2,), 'train_labels': (2,), 'n_missing_train': 0, 'n_missing_valid': 0, 'sample_weight': None}
2026-02-25 09:50:47.584 - INFO - 43 - azureml.training.tabular.score._scoring_utilities.__init__:522 - No positive_label provided but detected a binary classification task
2026-02-25 09:50:47.584 - INFO - 43 - azureml.training.tabular.score._scoring_utilities.__init__:522 - No positive_label provided but detected a binary classification task
2026-02-25 09:50:47.586 - INFO - 43 - azureml.training.tabular.score._validation.log_classification_debug:194 - Classification metrics debug: {'y_test': (199,), 'y_pred_probs': (199, 2), 'unique_y_test': (2,), 'class_labels': (2,), 'train_labels': (2,), 'n_missing_train': 0, 'n_missing_valid': 0, 'sample_weight': None}
2026-02-25 09:50:47.586 - INFO - 43 - azureml.training.tabular.score._validation.log_classification_debug:194 - Classification metrics debug: {'y_test': (199,), 'y_pred_probs': (199, 2), 'unique_y_test': (2,), 'class_labels': (2,), 'train_labels': (2,), 'n_missing_train': 0, 'n_missing_valid': 0, 'sample_weight': None}
2026-02-25 09:50:47.587 - INFO - 43 - azureml.training.tabular.score._scoring_utilities.__init__:522 - No positive_label provided but detected a binary classification task
2026-02-25 09:50:47.587 - INFO - 43 - azureml.training.tabular.score._scoring_utilities.__init__:522 - No positive_label provided but detected a binary classification task
2026-02-25 09:50:47.589 - INFO - 43 - azureml.training.tabular.score._validation.log_classification_debug:194 - Classification metrics debug: {'y_test': (199,), 'y_pred_probs': (199, 2), 'unique_y_test': (2,), 'class_labels': (2,), 'train_labels': (2,), 'n_missing_train': 0, 'n_missing_valid': 0, 'sample_weight': None}
2026-02-25 09:50:47.589 - INFO - 43 - azureml.training.tabular.score._validation.log_classification_debug:194 - Classification metrics debug: {'y_test': (199,), 'y_pred_probs': (199, 2), 'unique_y_test': (2,), 'class_labels': (2,), 'train_labels': (2,), 'n_missing_train': 0, 'n_missing_valid': 0, 'sample_weight': None}
2026-02-25 09:50:47.589 - INFO - 43 - azureml.training.tabular.score._scoring_utilities.__init__:522 - No positive_label provided but detected a binary classification task
2026-02-25 09:50:47.589 - INFO - 43 - azureml.training.tabular.score._scoring_utilities.__init__:522 - No positive_label provided but detected a binary classification task
2026-02-25 09:50:47.591 - INFO - 43 - azureml.training.tabular.score._validation.log_classification_debug:194 - Classification metrics debug: {'y_test': (199,), 'y_pred_probs': (199, 2), 'unique_y_test': (2,), 'class_labels': (2,), 'train_labels': (2,), 'n_missing_train': 0, 'n_missing_valid': 0, 'sample_weight': None}
2026-02-25 09:50:47.591 - INFO - 43 - azureml.training.tabular.score._validation.log_classification_debug:194 - Classification metrics debug: {'y_test': (199,), 'y_pred_probs': (199, 2), 'unique_y_test': (2,), 'class_labels': (2,), 'train_labels': (2,), 'n_missing_train': 0, 'n_missing_valid': 0, 'sample_weight': None}
2026-02-25 09:50:47.592 - INFO - 43 - azureml.training.tabular.score._scoring_utilities.__init__:522 - No positive_label provided but detected a binary classification task
2026-02-25 09:50:47.592 - INFO - 43 - azureml.training.tabular.score._scoring_utilities.__init__:522 - No positive_label provided but detected a binary classification task
2026-02-25 09:50:47.603 - INFO - 43 - azureml.training.tabular.score._validation.log_classification_debug:194 - Classification metrics debug: {'y_test': (199,), 'y_pred_probs': (199, 2), 'unique_y_test': (2,), 'class_labels': (2,), 'train_labels': (2,), 'n_missing_train': 0, 'n_missing_valid': 0, 'sample_weight': None}
2026-02-25 09:50:47.603 - INFO - 43 - azureml.training.tabular.score._validation.log_classification_debug:194 - Classification metrics debug: {'y_test': (199,), 'y_pred_probs': (199, 2), 'unique_y_test': (2,), 'class_labels': (2,), 'train_labels': (2,), 'n_missing_train': 0, 'n_missing_valid': 0, 'sample_weight': None}
2026-02-25 09:50:47.603 - INFO - 43 - azureml.training.tabular.score._scoring_utilities.__init__:522 - No positive_label provided but detected a binary classification task
2026-02-25 09:50:47.603 - INFO - 43 - azureml.training.tabular.score._scoring_utilities.__init__:522 - No positive_label provided but detected a binary classification task
2026-02-25 09:50:47.605 - INFO - 43 - azureml.training.tabular.score._validation.log_classification_debug:194 - Classification metrics debug: {'y_test': (199,), 'y_pred_probs': (199, 2), 'unique_y_test': (2,), 'class_labels': (2,), 'train_labels': (2,), 'n_missing_train': 0, 'n_missing_valid': 0, 'sample_weight': None}
2026-02-25 09:50:47.605 - INFO - 43 - azureml.training.tabular.score._validation.log_classification_debug:194 - Classification metrics debug: {'y_test': (199,), 'y_pred_probs': (199, 2), 'unique_y_test': (2,), 'class_labels': (2,), 'train_labels': (2,), 'n_missing_train': 0, 'n_missing_valid': 0, 'sample_weight': None}
2026-02-25 09:50:47.605 - INFO - 43 - azureml.training.tabular.score._scoring_utilities.__init__:522 - No positive_label provided but detected a binary classification task
2026-02-25 09:50:47.605 - INFO - 43 - azureml.training.tabular.score._scoring_utilities.__init__:522 - No positive_label provided but detected a binary classification task
2026-02-25 09:50:47.607 - INFO - 43 - azureml.training.tabular.score._validation.log_classification_debug:194 - Classification metrics debug: {'y_test': (199,), 'y_pred_probs': (199, 2), 'unique_y_test': (2,), 'class_labels': (2,), 'train_labels': (2,), 'n_missing_train': 0, 'n_missing_valid': 0, 'sample_weight': None}
2026-02-25 09:50:47.607 - INFO - 43 - azureml.training.tabular.score._validation.log_classification_debug:194 - Classification metrics debug: {'y_test': (199,), 'y_pred_probs': (199, 2), 'unique_y_test': (2,), 'class_labels': (2,), 'train_labels': (2,), 'n_missing_train': 0, 'n_missing_valid': 0, 'sample_weight': None}
2026-02-25 09:50:47.608 - INFO - 43 - azureml.training.tabular.score._scoring_utilities.__init__:522 - No positive_label provided but detected a binary classification task
2026-02-25 09:50:47.608 - INFO - 43 - azureml.training.tabular.score._scoring_utilities.__init__:522 - No positive_label provided but detected a binary classification task
2026-02-25 09:50:47.610 - INFO - 43 - azureml.training.tabular.score._validation.log_classification_debug:194 - Classification metrics debug: {'y_test': (199,), 'y_pred_probs': (199, 2), 'unique_y_test': (2,), 'class_labels': (2,), 'train_labels': (2,), 'n_missing_train': 0, 'n_missing_valid': 0, 'sample_weight': None}
2026-02-25 09:50:47.610 - INFO - 43 - azureml.training.tabular.score._validation.log_classification_debug:194 - Classification metrics debug: {'y_test': (199,), 'y_pred_probs': (199, 2), 'unique_y_test': (2,), 'class_labels': (2,), 'train_labels': (2,), 'n_missing_train': 0, 'n_missing_valid': 0, 'sample_weight': None}
2026-02-25 09:50:47.610 - INFO - 43 - azureml.training.tabular.score._scoring_utilities.__init__:522 - No positive_label provided but detected a binary classification task
2026-02-25 09:50:47.610 - INFO - 43 - azureml.training.tabular.score._scoring_utilities.__init__:522 - No positive_label provided but detected a binary classification task
2026-02-25 09:50:47.612 - INFO - 43 - azureml.training.tabular.score._validation.log_classification_debug:194 - Classification metrics debug: {'y_test': (199,), 'y_pred_probs': (199, 2), 'unique_y_test': (2,), 'class_labels': (2,), 'train_labels': (2,), 'n_missing_train': 0, 'n_missing_valid': 0, 'sample_weight': None}
2026-02-25 09:50:47.612 - INFO - 43 - azureml.training.tabular.score._validation.log_classification_debug:194 - Classification metrics debug: {'y_test': (199,), 'y_pred_probs': (199, 2), 'unique_y_test': (2,), 'class_labels': (2,), 'train_labels': (2,), 'n_missing_train': 0, 'n_missing_valid': 0, 'sample_weight': None}
2026-02-25 09:50:47.612 - INFO - 43 - azureml.training.tabular.score._scoring_utilities.__init__:522 - No positive_label provided but detected a binary classification task
2026-02-25 09:50:47.612 - INFO - 43 - azureml.training.tabular.score._scoring_utilities.__init__:522 - No positive_label provided but detected a binary classification task
2026-02-25 09:50:47.614 - INFO - 43 - azureml.training.tabular.score._validation.log_classification_debug:194 - Classification metrics debug: {'y_test': (199,), 'y_pred_probs': (199, 2), 'unique_y_test': (2,), 'class_labels': (2,), 'train_labels': (2,), 'n_missing_train': 0, 'n_missing_valid': 0, 'sample_weight': None}
2026-02-25 09:50:47.614 - INFO - 43 - azureml.training.tabular.score._validation.log_classification_debug:194 - Classification metrics debug: {'y_test': (199,), 'y_pred_probs': (199, 2), 'unique_y_test': (2,), 'class_labels': (2,), 'train_labels': (2,), 'n_missing_train': 0, 'n_missing_valid': 0, 'sample_weight': None}
2026-02-25 09:50:47.615 - INFO - 43 - azureml.training.tabular.score._scoring_utilities.__init__:522 - No positive_label provided but detected a binary classification task
2026-02-25 09:50:47.615 - INFO - 43 - azureml.training.tabular.score._scoring_utilities.__init__:522 - No positive_label provided but detected a binary classification task
2026-02-25 09:50:47.616 - INFO - 43 - azureml.training.tabular.score._validation.log_classification_debug:194 - Classification metrics debug: {'y_test': (199,), 'y_pred_probs': (199, 2), 'unique_y_test': (2,), 'class_labels': (2,), 'train_labels': (2,), 'n_missing_train': 0, 'n_missing_valid': 0, 'sample_weight': None}
2026-02-25 09:50:47.616 - INFO - 43 - azureml.training.tabular.score._validation.log_classification_debug:194 - Classification metrics debug: {'y_test': (199,), 'y_pred_probs': (199, 2), 'unique_y_test': (2,), 'class_labels': (2,), 'train_labels': (2,), 'n_missing_train': 0, 'n_missing_valid': 0, 'sample_weight': None}
2026-02-25 09:50:47.617 - INFO - 43 - azureml.training.tabular.score._scoring_utilities.__init__:522 - No positive_label provided but detected a binary classification task
2026-02-25 09:50:47.617 - INFO - 43 - azureml.training.tabular.score._scoring_utilities.__init__:522 - No positive_label provided but detected a binary classification task
2026-02-25 09:50:47.619 - INFO - 43 - azureml.training.tabular.score._validation.log_classification_debug:194 - Classification metrics debug: {'y_test': (199,), 'y_pred_probs': (199, 2), 'unique_y_test': (2,), 'class_labels': (2,), 'train_labels': (2,), 'n_missing_train': 0, 'n_missing_valid': 0, 'sample_weight': None}
2026-02-25 09:50:47.619 - INFO - 43 - azureml.training.tabular.score._validation.log_classification_debug:194 - Classification metrics debug: {'y_test': (199,), 'y_pred_probs': (199, 2), 'unique_y_test': (2,), 'class_labels': (2,), 'train_labels': (2,), 'n_missing_train': 0, 'n_missing_valid': 0, 'sample_weight': None}
2026-02-25 09:50:47.619 - INFO - 43 - azureml.training.tabular.score._scoring_utilities.__init__:522 - No positive_label provided but detected a binary classification task
2026-02-25 09:50:47.619 - INFO - 43 - azureml.training.tabular.score._scoring_utilities.__init__:522 - No positive_label provided but detected a binary classification task
2026-02-25 09:50:47.621 - INFO - 43 - azureml.training.tabular.score._validation.log_classification_debug:194 - Classification metrics debug: {'y_test': (199,), 'y_pred_probs': (199, 2), 'unique_y_test': (2,), 'class_labels': (2,), 'train_labels': (2,), 'n_missing_train': 0, 'n_missing_valid': 0, 'sample_weight': None}
2026-02-25 09:50:47.621 - INFO - 43 - azureml.training.tabular.score._validation.log_classification_debug:194 - Classification metrics debug: {'y_test': (199,), 'y_pred_probs': (199, 2), 'unique_y_test': (2,), 'class_labels': (2,), 'train_labels': (2,), 'n_missing_train': 0, 'n_missing_valid': 0, 'sample_weight': None}
2026-02-25 09:50:47.622 - INFO - 43 - azureml.training.tabular.score._scoring_utilities.__init__:522 - No positive_label provided but detected a binary classification task
2026-02-25 09:50:47.622 - INFO - 43 - azureml.training.tabular.score._scoring_utilities.__init__:522 - No positive_label provided but detected a binary classification task
2026-02-25 09:50:47.623 - INFO - 43 - azureml.training.tabular.score._validation.log_classification_debug:194 - Classification metrics debug: {'y_test': (199,), 'y_pred_probs': (199, 2), 'unique_y_test': (2,), 'class_labels': (2,), 'train_labels': (2,), 'n_missing_train': 0, 'n_missing_valid': 0, 'sample_weight': None}
2026-02-25 09:50:47.623 - INFO - 43 - azureml.training.tabular.score._validation.log_classification_debug:194 - Classification metrics debug: {'y_test': (199,), 'y_pred_probs': (199, 2), 'unique_y_test': (2,), 'class_labels': (2,), 'train_labels': (2,), 'n_missing_train': 0, 'n_missing_valid': 0, 'sample_weight': None}
2026-02-25 09:50:47.624 - INFO - 43 - azureml.training.tabular.score._scoring_utilities.__init__:522 - No positive_label provided but detected a binary classification task
2026-02-25 09:50:47.624 - INFO - 43 - azureml.training.tabular.score._scoring_utilities.__init__:522 - No positive_label provided but detected a binary classification task
2026-02-25 09:50:47.635 - INFO - 43 - azureml.training.tabular.score._validation.log_classification_debug:194 - Classification metrics debug: {'y_test': (198,), 'y_pred_probs': (198, 2), 'unique_y_test': (2,), 'class_labels': (2,), 'train_labels': (2,), 'n_missing_train': 0, 'n_missing_valid': 0, 'sample_weight': None}
2026-02-25 09:50:47.635 - INFO - 43 - azureml.training.tabular.score._validation.log_classification_debug:194 - Classification metrics debug: {'y_test': (198,), 'y_pred_probs': (198, 2), 'unique_y_test': (2,), 'class_labels': (2,), 'train_labels': (2,), 'n_missing_train': 0, 'n_missing_valid': 0, 'sample_weight': None}
2026-02-25 09:50:47.635 - INFO - 43 - azureml.training.tabular.score._scoring_utilities.__init__:522 - No positive_label provided but detected a binary classification task
2026-02-25 09:50:47.635 - INFO - 43 - azureml.training.tabular.score._scoring_utilities.__init__:522 - No positive_label provided but detected a binary classification task
2026-02-25 09:50:47.637 - INFO - 43 - azureml.training.tabular.score._validation.log_classification_debug:194 - Classification metrics debug: {'y_test': (198,), 'y_pred_probs': (198, 2), 'unique_y_test': (2,), 'class_labels': (2,), 'train_labels': (2,), 'n_missing_train': 0, 'n_missing_valid': 0, 'sample_weight': None}
2026-02-25 09:50:47.637 - INFO - 43 - azureml.training.tabular.score._validation.log_classification_debug:194 - Classification metrics debug: {'y_test': (198,), 'y_pred_probs': (198, 2), 'unique_y_test': (2,), 'class_labels': (2,), 'train_labels': (2,), 'n_missing_train': 0, 'n_missing_valid': 0, 'sample_weight': None}
2026-02-25 09:50:47.637 - INFO - 43 - azureml.training.tabular.score._scoring_utilities.__init__:522 - No positive_label provided but detected a binary classification task
2026-02-25 09:50:47.637 - INFO - 43 - azureml.training.tabular.score._scoring_utilities.__init__:522 - No positive_label provided but detected a binary classification task
2026-02-25 09:50:47.639 - INFO - 43 - azureml.training.tabular.score._validation.log_classification_debug:194 - Classification metrics debug: {'y_test': (198,), 'y_pred_probs': (198, 2), 'unique_y_test': (2,), 'class_labels': (2,), 'train_labels': (2,), 'n_missing_train': 0, 'n_missing_valid': 0, 'sample_weight': None}
2026-02-25 09:50:47.639 - INFO - 43 - azureml.training.tabular.score._validation.log_classification_debug:194 - Classification metrics debug: {'y_test': (198,), 'y_pred_probs': (198, 2), 'unique_y_test': (2,), 'class_labels': (2,), 'train_labels': (2,), 'n_missing_train': 0, 'n_missing_valid': 0, 'sample_weight': None}
2026-02-25 09:50:47.640 - INFO - 43 - azureml.training.tabular.score._scoring_utilities.__init__:522 - No positive_label provided but detected a binary classification task
2026-02-25 09:50:47.640 - INFO - 43 - azureml.training.tabular.score._scoring_utilities.__init__:522 - No positive_label provided but detected a binary classification task
2026-02-25 09:50:47.642 - INFO - 43 - azureml.training.tabular.score._validation.log_classification_debug:194 - Classification metrics debug: {'y_test': (198,), 'y_pred_probs': (198, 2), 'unique_y_test': (2,), 'class_labels': (2,), 'train_labels': (2,), 'n_missing_train': 0, 'n_missing_valid': 0, 'sample_weight': None}
2026-02-25 09:50:47.642 - INFO - 43 - azureml.training.tabular.score._validation.log_classification_debug:194 - Classification metrics debug: {'y_test': (198,), 'y_pred_probs': (198, 2), 'unique_y_test': (2,), 'class_labels': (2,), 'train_labels': (2,), 'n_missing_train': 0, 'n_missing_valid': 0, 'sample_weight': None}
2026-02-25 09:50:47.642 - INFO - 43 - azureml.training.tabular.score._scoring_utilities.__init__:522 - No positive_label provided but detected a binary classification task
2026-02-25 09:50:47.642 - INFO - 43 - azureml.training.tabular.score._scoring_utilities.__init__:522 - No positive_label provided but detected a binary classification task
2026-02-25 09:50:47.644 - INFO - 43 - azureml.training.tabular.score._validation.log_classification_debug:194 - Classification metrics debug: {'y_test': (198,), 'y_pred_probs': (198, 2), 'unique_y_test': (2,), 'class_labels': (2,), 'train_labels': (2,), 'n_missing_train': 0, 'n_missing_valid': 0, 'sample_weight': None}
2026-02-25 09:50:47.644 - INFO - 43 - azureml.training.tabular.score._validation.log_classification_debug:194 - Classification metrics debug: {'y_test': (198,), 'y_pred_probs': (198, 2), 'unique_y_test': (2,), 'class_labels': (2,), 'train_labels': (2,), 'n_missing_train': 0, 'n_missing_valid': 0, 'sample_weight': None}
2026-02-25 09:50:47.644 - INFO - 43 - azureml.training.tabular.score._scoring_utilities.__init__:522 - No positive_label provided but detected a binary classification task
2026-02-25 09:50:47.644 - INFO - 43 - azureml.training.tabular.score._scoring_utilities.__init__:522 - No positive_label provided but detected a binary classification task
2026-02-25 09:50:47.646 - INFO - 43 - azureml.training.tabular.score._validation.log_classification_debug:194 - Classification metrics debug: {'y_test': (198,), 'y_pred_probs': (198, 2), 'unique_y_test': (2,), 'class_labels': (2,), 'train_labels': (2,), 'n_missing_train': 0, 'n_missing_valid': 0, 'sample_weight': None}
2026-02-25 09:50:47.646 - INFO - 43 - azureml.training.tabular.score._validation.log_classification_debug:194 - Classification metrics debug: {'y_test': (198,), 'y_pred_probs': (198, 2), 'unique_y_test': (2,), 'class_labels': (2,), 'train_labels': (2,), 'n_missing_train': 0, 'n_missing_valid': 0, 'sample_weight': None}
2026-02-25 09:50:47.647 - INFO - 43 - azureml.training.tabular.score._scoring_utilities.__init__:522 - No positive_label provided but detected a binary classification task
2026-02-25 09:50:47.647 - INFO - 43 - azureml.training.tabular.score._scoring_utilities.__init__:522 - No positive_label provided but detected a binary classification task
2026-02-25 09:50:47.648 - INFO - 43 - azureml.training.tabular.score._validation.log_classification_debug:194 - Classification metrics debug: {'y_test': (198,), 'y_pred_probs': (198, 2), 'unique_y_test': (2,), 'class_labels': (2,), 'train_labels': (2,), 'n_missing_train': 0, 'n_missing_valid': 0, 'sample_weight': None}
2026-02-25 09:50:47.648 - INFO - 43 - azureml.training.tabular.score._validation.log_classification_debug:194 - Classification metrics debug: {'y_test': (198,), 'y_pred_probs': (198, 2), 'unique_y_test': (2,), 'class_labels': (2,), 'train_labels': (2,), 'n_missing_train': 0, 'n_missing_valid': 0, 'sample_weight': None}
2026-02-25 09:50:47.649 - INFO - 43 - azureml.training.tabular.score._scoring_utilities.__init__:522 - No positive_label provided but detected a binary classification task
2026-02-25 09:50:47.649 - INFO - 43 - azureml.training.tabular.score._scoring_utilities.__init__:522 - No positive_label provided but detected a binary classification task
2026-02-25 09:50:47.651 - INFO - 43 - azureml.training.tabular.score._validation.log_classification_debug:194 - Classification metrics debug: {'y_test': (198,), 'y_pred_probs': (198, 2), 'unique_y_test': (2,), 'class_labels': (2,), 'train_labels': (2,), 'n_missing_train': 0, 'n_missing_valid': 0, 'sample_weight': None}
2026-02-25 09:50:47.651 - INFO - 43 - azureml.training.tabular.score._validation.log_classification_debug:194 - Classification metrics debug: {'y_test': (198,), 'y_pred_probs': (198, 2), 'unique_y_test': (2,), 'class_labels': (2,), 'train_labels': (2,), 'n_missing_train': 0, 'n_missing_valid': 0, 'sample_weight': None}
2026-02-25 09:50:47.652 - INFO - 43 - azureml.training.tabular.score._scoring_utilities.__init__:522 - No positive_label provided but detected a binary classification task
2026-02-25 09:50:47.652 - INFO - 43 - azureml.training.tabular.score._scoring_utilities.__init__:522 - No positive_label provided but detected a binary classification task
2026-02-25 09:50:47.654 - INFO - 43 - azureml.training.tabular.score._validation.log_classification_debug:194 - Classification metrics debug: {'y_test': (198,), 'y_pred_probs': (198, 2), 'unique_y_test': (2,), 'class_labels': (2,), 'train_labels': (2,), 'n_missing_train': 0, 'n_missing_valid': 0, 'sample_weight': None}
2026-02-25 09:50:47.654 - INFO - 43 - azureml.training.tabular.score._validation.log_classification_debug:194 - Classification metrics debug: {'y_test': (198,), 'y_pred_probs': (198, 2), 'unique_y_test': (2,), 'class_labels': (2,), 'train_labels': (2,), 'n_missing_train': 0, 'n_missing_valid': 0, 'sample_weight': None}
2026-02-25 09:50:47.654 - INFO - 43 - azureml.training.tabular.score._scoring_utilities.__init__:522 - No positive_label provided but detected a binary classification task
2026-02-25 09:50:47.654 - INFO - 43 - azureml.training.tabular.score._scoring_utilities.__init__:522 - No positive_label provided but detected a binary classification task
2026-02-25 09:50:47.656 - INFO - 43 - azureml.training.tabular.score._validation.log_classification_debug:194 - Classification metrics debug: {'y_test': (198,), 'y_pred_probs': (198, 2), 'unique_y_test': (2,), 'class_labels': (2,), 'train_labels': (2,), 'n_missing_train': 0, 'n_missing_valid': 0, 'sample_weight': None}
2026-02-25 09:50:47.656 - INFO - 43 - azureml.training.tabular.score._validation.log_classification_debug:194 - Classification metrics debug: {'y_test': (198,), 'y_pred_probs': (198, 2), 'unique_y_test': (2,), 'class_labels': (2,), 'train_labels': (2,), 'n_missing_train': 0, 'n_missing_valid': 0, 'sample_weight': None}
2026-02-25 09:50:47.657 - INFO - 43 - azureml.training.tabular.score._scoring_utilities.__init__:522 - No positive_label provided but detected a binary classification task
2026-02-25 09:50:47.657 - INFO - 43 - azureml.training.tabular.score._scoring_utilities.__init__:522 - No positive_label provided but detected a binary classification task
2026-02-25 09:50:47.661 - INFO - 43 - azureml.automl.runtime.shared.lazy_file_cache_store.get:426 - Getting data for key: split_keys
2026-02-25 09:50:47.661 - INFO - 43 - azureml.automl.runtime.shared.lazy_file_cache_store.get:426 - Getting data for key: split_keys
2026-02-25 09:50:47.662 - INFO - 43 - azureml.automl.runtime.shared.lazy_file_cache_store.get:426 - Getting data for key: featurized_cv_split_0
2026-02-25 09:50:47.662 - INFO - 43 - azureml.automl.runtime.shared.lazy_file_cache_store.get:426 - Getting data for key: featurized_cv_split_0
2026-02-25 09:50:47.704 - INFO - 43 - azureml.training.tabular.score._validation.log_classification_debug:194 - Classification metrics debug: {'y_test': (249,), 'y_pred_probs': (249, 2), 'unique_y_test': (2,), 'class_labels': (2,), 'train_labels': (2,), 'n_missing_train': 0, 'n_missing_valid': 0, 'sample_weight': None}
2026-02-25 09:50:47.704 - INFO - 43 - azureml.training.tabular.score._validation.log_classification_debug:194 - Classification metrics debug: {'y_test': (249,), 'y_pred_probs': (249, 2), 'unique_y_test': (2,), 'class_labels': (2,), 'train_labels': (2,), 'n_missing_train': 0, 'n_missing_valid': 0, 'sample_weight': None}
2026-02-25 09:50:47.705 - INFO - 43 - azureml.training.tabular.score._scoring_utilities.__init__:522 - No positive_label provided but detected a binary classification task
2026-02-25 09:50:47.705 - INFO - 43 - azureml.training.tabular.score._scoring_utilities.__init__:522 - No positive_label provided but detected a binary classification task
2026-02-25 09:50:47.788 - INFO - 43 - azureml.automl.runtime.shared.lazy_file_cache_store.get:426 - Getting data for key: featurized_cv_split_1
2026-02-25 09:50:47.788 - INFO - 43 - azureml.automl.runtime.shared.lazy_file_cache_store.get:426 - Getting data for key: featurized_cv_split_1
2026-02-25 09:50:47.823 - INFO - 43 - azureml.training.tabular.score._validation.log_classification_debug:194 - Classification metrics debug: {'y_test': (249,), 'y_pred_probs': (249, 2), 'unique_y_test': (2,), 'class_labels': (2,), 'train_labels': (2,), 'n_missing_train': 0, 'n_missing_valid': 0, 'sample_weight': None}
2026-02-25 09:50:47.823 - INFO - 43 - azureml.training.tabular.score._validation.log_classification_debug:194 - Classification metrics debug: {'y_test': (249,), 'y_pred_probs': (249, 2), 'unique_y_test': (2,), 'class_labels': (2,), 'train_labels': (2,), 'n_missing_train': 0, 'n_missing_valid': 0, 'sample_weight': None}
2026-02-25 09:50:47.830 - INFO - 43 - azureml.training.tabular.score._scoring_utilities.__init__:522 - No positive_label provided but detected a binary classification task
2026-02-25 09:50:47.830 - INFO - 43 - azureml.training.tabular.score._scoring_utilities.__init__:522 - No positive_label provided but detected a binary classification task
2026-02-25 09:50:47.890 - INFO - 43 - azureml.automl.runtime.shared.lazy_file_cache_store.get:426 - Getting data for key: featurized_cv_split_2
2026-02-25 09:50:47.890 - INFO - 43 - azureml.automl.runtime.shared.lazy_file_cache_store.get:426 - Getting data for key: featurized_cv_split_2
2026-02-25 09:50:47.910 - INFO - 43 - azureml.training.tabular.score._validation.log_classification_debug:194 - Classification metrics debug: {'y_test': (248,), 'y_pred_probs': (248, 2), 'unique_y_test': (2,), 'class_labels': (2,), 'train_labels': (2,), 'n_missing_train': 0, 'n_missing_valid': 0, 'sample_weight': None}
2026-02-25 09:50:47.910 - INFO - 43 - azureml.training.tabular.score._validation.log_classification_debug:194 - Classification metrics debug: {'y_test': (248,), 'y_pred_probs': (248, 2), 'unique_y_test': (2,), 'class_labels': (2,), 'train_labels': (2,), 'n_missing_train': 0, 'n_missing_valid': 0, 'sample_weight': None}
2026-02-25 09:50:47.911 - INFO - 43 - azureml.training.tabular.score._scoring_utilities.__init__:522 - No positive_label provided but detected a binary classification task
2026-02-25 09:50:47.911 - INFO - 43 - azureml.training.tabular.score._scoring_utilities.__init__:522 - No positive_label provided but detected a binary classification task
2026-02-25 09:50:47.971 - INFO - 43 - azureml.automl.runtime.shared.lazy_file_cache_store.get:426 - Getting data for key: featurized_cv_split_3
2026-02-25 09:50:47.971 - INFO - 43 - azureml.automl.runtime.shared.lazy_file_cache_store.get:426 - Getting data for key: featurized_cv_split_3
2026-02-25 09:50:47.986 - INFO - 43 - azureml.training.tabular.score._validation.log_classification_debug:194 - Classification metrics debug: {'y_test': (248,), 'y_pred_probs': (248, 2), 'unique_y_test': (2,), 'class_labels': (2,), 'train_labels': (2,), 'n_missing_train': 0, 'n_missing_valid': 0, 'sample_weight': None}
2026-02-25 09:50:47.986 - INFO - 43 - azureml.training.tabular.score._validation.log_classification_debug:194 - Classification metrics debug: {'y_test': (248,), 'y_pred_probs': (248, 2), 'unique_y_test': (2,), 'class_labels': (2,), 'train_labels': (2,), 'n_missing_train': 0, 'n_missing_valid': 0, 'sample_weight': None}
2026-02-25 09:50:47.990 - INFO - 43 - azureml.training.tabular.score._scoring_utilities.__init__:522 - No positive_label provided but detected a binary classification task
2026-02-25 09:50:47.990 - INFO - 43 - azureml.training.tabular.score._scoring_utilities.__init__:522 - No positive_label provided but detected a binary classification task
2026-02-25 09:50:48.058 - INFO - 43 - azureml.automl.runtime.shared.lazy_file_cache_store.get:426 - Getting data for key: featurized_cv_split_4
2026-02-25 09:50:48.058 - INFO - 43 - azureml.automl.runtime.shared.lazy_file_cache_store.get:426 - Getting data for key: featurized_cv_split_4
2026-02-25 09:50:48.068 - INFO - 43 - azureml.training.tabular.score._validation.log_classification_debug:194 - Classification metrics debug: {'y_test': (248,), 'y_pred_probs': (248, 2), 'unique_y_test': (2,), 'class_labels': (2,), 'train_labels': (2,), 'n_missing_train': 0, 'n_missing_valid': 0, 'sample_weight': None}
2026-02-25 09:50:48.068 - INFO - 43 - azureml.training.tabular.score._validation.log_classification_debug:194 - Classification metrics debug: {'y_test': (248,), 'y_pred_probs': (248, 2), 'unique_y_test': (2,), 'class_labels': (2,), 'train_labels': (2,), 'n_missing_train': 0, 'n_missing_valid': 0, 'sample_weight': None}
2026-02-25 09:50:48.070 - INFO - 43 - azureml.training.tabular.score._scoring_utilities.__init__:522 - No positive_label provided but detected a binary classification task
2026-02-25 09:50:48.070 - INFO - 43 - azureml.training.tabular.score._scoring_utilities.__init__:522 - No positive_label provided but detected a binary classification task
