2026-02-24 07:43:32.307 - INFO - 44 - azureml.automl.runtime.experiment_store.__init__:1217 - Requested a new ExperimentStore instance.
2026-02-24 07:43:32.307 - INFO - 44 - azureml.automl.runtime.experiment_store.__init__:1217 - Requested a new ExperimentStore instance.
2026-02-24 07:43:32.307 - INFO - 44 - azureml.automl.runtime.experiment_store.__init__:1234 - Created ExperimentStore with ID: 14964087852672.
2026-02-24 07:43:32.307 - INFO - 44 - azureml.automl.runtime.experiment_store.__init__:1234 - Created ExperimentStore with ID: 14964087852672.
2026-02-24 07:43:32.370 - INFO - 44 - azureml.automl.runtime.shared.lazy_file_cache_store.load:594 - Loading from file cache
2026-02-24 07:43:32.370 - INFO - 44 - azureml.automl.runtime.shared.lazy_file_cache_store.load:594 - Loading from file cache
2026-02-24 07:43:32.373 - INFO - 44 - azureml.automl.runtime.shared.lazy_file_cache_store.get:426 - Getting data for key: ExperimentData_materialized
2026-02-24 07:43:32.373 - INFO - 44 - azureml.automl.runtime.shared.lazy_file_cache_store.get:426 - Getting data for key: ExperimentData_materialized
2026-02-24 07:43:32.373 - INFO - 44 - azureml.automl.runtime.shared.lazy_file_cache_store.get:426 - Getting data for key: ExperimentData_lazy
2026-02-24 07:43:32.373 - INFO - 44 - azureml.automl.runtime.shared.lazy_file_cache_store.get:426 - Getting data for key: ExperimentData_lazy
2026-02-24 07:43:32.375 - INFO - 44 - azureml.automl.runtime.shared.lazy_file_cache_store.get:426 - Getting data for key: ExperimentData_partitioned
2026-02-24 07:43:32.375 - INFO - 44 - azureml.automl.runtime.shared.lazy_file_cache_store.get:426 - Getting data for key: ExperimentData_partitioned
2026-02-24 07:43:32.375 - INFO - 44 - azureml.automl.runtime.shared.lazy_file_cache_store.get:426 - Getting data for key: ExperimentMetadata
2026-02-24 07:43:32.375 - INFO - 44 - azureml.automl.runtime.shared.lazy_file_cache_store.get:426 - Getting data for key: ExperimentMetadata
2026-02-24 07:43:32.376 - INFO - 44 - azureml.automl.runtime.shared.lazy_file_cache_store.get:426 - Getting data for key: ExperimentMetadata_Timeseries
2026-02-24 07:43:32.376 - INFO - 44 - azureml.automl.runtime.shared.lazy_file_cache_store.get:426 - Getting data for key: ExperimentMetadata_Timeseries
2026-02-24 07:43:32.376 - INFO - 44 - azureml.automl.runtime.shared.lazy_file_cache_store.get:426 - Getting data for key: ExperimentMetadata_Regression
2026-02-24 07:43:32.376 - INFO - 44 - azureml.automl.runtime.shared.lazy_file_cache_store.get:426 - Getting data for key: ExperimentMetadata_Regression
2026-02-24 07:43:32.376 - INFO - 44 - azureml.automl.runtime.shared.lazy_file_cache_store.get:426 - Getting data for key: ExperimentMetadata_Classification
2026-02-24 07:43:32.376 - INFO - 44 - azureml.automl.runtime.shared.lazy_file_cache_store.get:426 - Getting data for key: ExperimentMetadata_Classification
2026-02-24 07:43:32.380 - INFO - 44 - azureml.automl.runtime.featurization.data_transformer.__init__:190 - Feature sweeping enabled: False
2026-02-24 07:43:32.380 - INFO - 44 - azureml.automl.runtime.featurization.data_transformer.__init__:190 - Feature sweeping enabled: False
2026-02-24 07:43:32.380 - INFO - 44 - azureml.automl.runtime.featurization.data_transformer.__init__:191 - Feature sweeping timeout: 86400
2026-02-24 07:43:32.380 - INFO - 44 - azureml.automl.runtime.featurization.data_transformer.__init__:191 - Feature sweeping timeout: 86400
2026-02-24 07:43:33.939 - INFO - 44 - azureml.automl.runtime.ensemble_base._fetch_fitted_pipelines:206 - Fetching fitted models for best 8 previous iterations
2026-02-24 07:43:33.939 - INFO - 44 - azureml.automl.runtime.ensemble_base._fetch_fitted_pipelines:206 - Fetching fitted models for best 8 previous iterations
2026-02-24 07:43:34.091 - INFO - 44 - azureml.automl.runtime.ensemble_base._download_model:285 - Downloaded fitted pipeline(s) of size 123260 for child run affable_sponge_tdrx61lbhy_3
2026-02-24 07:43:34.091 - INFO - 44 - azureml.automl.runtime.ensemble_base._download_model:285 - Downloaded fitted pipeline(s) of size 123260 for child run affable_sponge_tdrx61lbhy_3
2026-02-24 07:43:34.094 - INFO - 44 - azureml.automl.runtime.ensemble_base._download_model:285 - Downloaded fitted pipeline(s) of size 246713 for child run affable_sponge_tdrx61lbhy_6
2026-02-24 07:43:34.094 - INFO - 44 - azureml.automl.runtime.ensemble_base._download_model:285 - Downloaded fitted pipeline(s) of size 246713 for child run affable_sponge_tdrx61lbhy_6
2026-02-24 07:43:34.096 - INFO - 44 - azureml.automl.runtime.ensemble_base._download_model:285 - Downloaded fitted pipeline(s) of size 115294 for child run affable_sponge_tdrx61lbhy_4
2026-02-24 07:43:34.096 - INFO - 44 - azureml.automl.runtime.ensemble_base._download_model:285 - Downloaded fitted pipeline(s) of size 115294 for child run affable_sponge_tdrx61lbhy_4
2026-02-24 07:43:34.099 - INFO - 44 - azureml.automl.runtime.featurization.data_transformer.__init__:190 - Feature sweeping enabled: False
2026-02-24 07:43:34.099 - INFO - 44 - azureml.automl.runtime.featurization.data_transformer.__init__:190 - Feature sweeping enabled: False
2026-02-24 07:43:34.101 - INFO - 44 - azureml.automl.runtime.featurization.data_transformer.__init__:190 - Feature sweeping enabled: False
2026-02-24 07:43:34.101 - INFO - 44 - azureml.automl.runtime.featurization.data_transformer.__init__:190 - Feature sweeping enabled: False
2026-02-24 07:43:34.101 - INFO - 44 - azureml.automl.runtime.featurization.data_transformer.__init__:191 - Feature sweeping timeout: 86400
2026-02-24 07:43:34.101 - INFO - 44 - azureml.automl.runtime.featurization.data_transformer.__init__:191 - Feature sweeping timeout: 86400
2026-02-24 07:43:34.102 - INFO - 44 - azureml.automl.runtime.featurization.data_transformer.__init__:191 - Feature sweeping timeout: 86400
2026-02-24 07:43:34.102 - INFO - 44 - azureml.automl.runtime.featurization.data_transformer.__init__:191 - Feature sweeping timeout: 86400
2026-02-24 07:43:34.103 - INFO - 44 - azureml.automl.runtime.ensemble_base._download_model:285 - Downloaded fitted pipeline(s) of size 16597 for child run affable_sponge_tdrx61lbhy_7
2026-02-24 07:43:34.103 - INFO - 44 - azureml.automl.runtime.ensemble_base._download_model:285 - Downloaded fitted pipeline(s) of size 16597 for child run affable_sponge_tdrx61lbhy_7
2026-02-24 07:43:34.103 - INFO - 44 - azureml.automl.runtime.featurization.data_transformer.__init__:190 - Feature sweeping enabled: False
2026-02-24 07:43:34.103 - INFO - 44 - azureml.automl.runtime.featurization.data_transformer.__init__:190 - Feature sweeping enabled: False
2026-02-24 07:43:34.107 - INFO - 44 - azureml.automl.runtime.ensemble_base._download_model:285 - Downloaded fitted pipeline(s) of size 130368 for child run affable_sponge_tdrx61lbhy_5
2026-02-24 07:43:34.107 - INFO - 44 - azureml.automl.runtime.ensemble_base._download_model:285 - Downloaded fitted pipeline(s) of size 130368 for child run affable_sponge_tdrx61lbhy_5
2026-02-24 07:43:34.108 - INFO - 44 - azureml.automl.runtime.featurization.data_transformer.__init__:190 - Feature sweeping enabled: False
2026-02-24 07:43:34.108 - INFO - 44 - azureml.automl.runtime.featurization.data_transformer.__init__:190 - Feature sweeping enabled: False
2026-02-24 07:43:34.109 - INFO - 44 - azureml.automl.runtime.featurization.data_transformer.__init__:191 - Feature sweeping timeout: 86400
2026-02-24 07:43:34.109 - INFO - 44 - azureml.automl.runtime.featurization.data_transformer.__init__:191 - Feature sweeping timeout: 86400
2026-02-24 07:43:34.113 - INFO - 44 - azureml.automl.runtime.featurization.data_transformer.__init__:191 - Feature sweeping timeout: 86400
2026-02-24 07:43:34.113 - INFO - 44 - azureml.automl.runtime.featurization.data_transformer.__init__:191 - Feature sweeping timeout: 86400
2026-02-24 07:43:34.116 - INFO - 44 - azureml.automl.runtime.ensemble_base._download_model:294 - Finished transforming the fitted pipelines for child run affable_sponge_tdrx61lbhy_7 with 5 elements.
2026-02-24 07:43:34.116 - INFO - 44 - azureml.automl.runtime.ensemble_base._download_model:294 - Finished transforming the fitted pipelines for child run affable_sponge_tdrx61lbhy_7 with 5 elements.
2026-02-24 07:43:34.119 - INFO - 44 - azureml.automl.runtime.featurization.data_transformer.__init__:190 - Feature sweeping enabled: False
2026-02-24 07:43:34.119 - INFO - 44 - azureml.automl.runtime.featurization.data_transformer.__init__:190 - Feature sweeping enabled: False
2026-02-24 07:43:34.121 - INFO - 44 - azureml.automl.runtime.featurization.data_transformer.__init__:191 - Feature sweeping timeout: 86400
2026-02-24 07:43:34.121 - INFO - 44 - azureml.automl.runtime.featurization.data_transformer.__init__:191 - Feature sweeping timeout: 86400
2026-02-24 07:43:34.152 - INFO - 44 - azureml.automl.runtime.ensemble_base._download_model:285 - Downloaded fitted pipeline(s) of size 842552 for child run affable_sponge_tdrx61lbhy_2
2026-02-24 07:43:34.152 - INFO - 44 - azureml.automl.runtime.ensemble_base._download_model:285 - Downloaded fitted pipeline(s) of size 842552 for child run affable_sponge_tdrx61lbhy_2
2026-02-24 07:43:34.154 - INFO - 44 - azureml.automl.runtime.featurization.data_transformer.__init__:190 - Feature sweeping enabled: False
2026-02-24 07:43:34.154 - INFO - 44 - azureml.automl.runtime.featurization.data_transformer.__init__:190 - Feature sweeping enabled: False
2026-02-24 07:43:34.154 - INFO - 44 - azureml.automl.runtime.featurization.data_transformer.__init__:191 - Feature sweeping timeout: 86400
2026-02-24 07:43:34.154 - INFO - 44 - azureml.automl.runtime.featurization.data_transformer.__init__:191 - Feature sweeping timeout: 86400
2026-02-24 07:43:34.160 - INFO - 44 - azureml.automl.runtime.ensemble_base._download_model:294 - Finished transforming the fitted pipelines for child run affable_sponge_tdrx61lbhy_4 with 5 elements.
2026-02-24 07:43:34.160 - INFO - 44 - azureml.automl.runtime.ensemble_base._download_model:294 - Finished transforming the fitted pipelines for child run affable_sponge_tdrx61lbhy_4 with 5 elements.
2026-02-24 07:43:34.161 - INFO - 44 - azureml.automl.runtime.ensemble_base._download_model:294 - Finished transforming the fitted pipelines for child run affable_sponge_tdrx61lbhy_6 with 5 elements.
2026-02-24 07:43:34.161 - INFO - 44 - azureml.automl.runtime.ensemble_base._download_model:294 - Finished transforming the fitted pipelines for child run affable_sponge_tdrx61lbhy_6 with 5 elements.
2026-02-24 07:43:34.163 - INFO - 44 - azureml.automl.runtime.ensemble_base._download_model:294 - Finished transforming the fitted pipelines for child run affable_sponge_tdrx61lbhy_3 with 5 elements.
2026-02-24 07:43:34.163 - INFO - 44 - azureml.automl.runtime.ensemble_base._download_model:294 - Finished transforming the fitted pipelines for child run affable_sponge_tdrx61lbhy_3 with 5 elements.
2026-02-24 07:43:34.165 - INFO - 44 - azureml.automl.runtime.ensemble_base._download_model:285 - Downloaded fitted pipeline(s) of size 1127323 for child run affable_sponge_tdrx61lbhy_1
2026-02-24 07:43:34.165 - INFO - 44 - azureml.automl.runtime.ensemble_base._download_model:285 - Downloaded fitted pipeline(s) of size 1127323 for child run affable_sponge_tdrx61lbhy_1
2026-02-24 07:43:34.204 - INFO - 44 - azureml.automl.runtime.featurization.data_transformer.__init__:190 - Feature sweeping enabled: False
2026-02-24 07:43:34.204 - INFO - 44 - azureml.automl.runtime.featurization.data_transformer.__init__:190 - Feature sweeping enabled: False
2026-02-24 07:43:34.194 - INFO - 44 - azureml.automl.runtime.ensemble_base._download_model:294 - Finished transforming the fitted pipelines for child run affable_sponge_tdrx61lbhy_5 with 5 elements.
2026-02-24 07:43:34.194 - INFO - 44 - azureml.automl.runtime.ensemble_base._download_model:294 - Finished transforming the fitted pipelines for child run affable_sponge_tdrx61lbhy_5 with 5 elements.
2026-02-24 07:43:34.193 - INFO - 44 - azureml.automl.runtime.ensemble_base._download_model:285 - Downloaded fitted pipeline(s) of size 1190301 for child run affable_sponge_tdrx61lbhy_0
2026-02-24 07:43:34.193 - INFO - 44 - azureml.automl.runtime.ensemble_base._download_model:285 - Downloaded fitted pipeline(s) of size 1190301 for child run affable_sponge_tdrx61lbhy_0
2026-02-24 07:43:34.213 - INFO - 44 - azureml.automl.runtime.featurization.data_transformer.__init__:191 - Feature sweeping timeout: 86400
2026-02-24 07:43:34.213 - INFO - 44 - azureml.automl.runtime.featurization.data_transformer.__init__:191 - Feature sweeping timeout: 86400
2026-02-24 07:43:34.219 - INFO - 44 - azureml.automl.runtime.featurization.data_transformer.__init__:190 - Feature sweeping enabled: False
2026-02-24 07:43:34.219 - INFO - 44 - azureml.automl.runtime.featurization.data_transformer.__init__:190 - Feature sweeping enabled: False
2026-02-24 07:43:34.222 - INFO - 44 - azureml.automl.runtime.featurization.data_transformer.__init__:191 - Feature sweeping timeout: 86400
2026-02-24 07:43:34.222 - INFO - 44 - azureml.automl.runtime.featurization.data_transformer.__init__:191 - Feature sweeping timeout: 86400
2026-02-24 07:43:34.225 - INFO - 44 - azureml.automl.runtime.ensemble_base._download_model:294 - Finished transforming the fitted pipelines for child run affable_sponge_tdrx61lbhy_2 with 5 elements.
2026-02-24 07:43:34.225 - INFO - 44 - azureml.automl.runtime.ensemble_base._download_model:294 - Finished transforming the fitted pipelines for child run affable_sponge_tdrx61lbhy_2 with 5 elements.
2026-02-24 07:43:34.244 - INFO - 44 - azureml.automl.runtime.ensemble_base._download_model:294 - Finished transforming the fitted pipelines for child run affable_sponge_tdrx61lbhy_0 with 5 elements.
2026-02-24 07:43:34.244 - INFO - 44 - azureml.automl.runtime.ensemble_base._download_model:294 - Finished transforming the fitted pipelines for child run affable_sponge_tdrx61lbhy_0 with 5 elements.
2026-02-24 07:43:34.282 - INFO - 44 - azureml.automl.runtime.ensemble_base._download_model:294 - Finished transforming the fitted pipelines for child run affable_sponge_tdrx61lbhy_1 with 5 elements.
2026-02-24 07:43:34.282 - INFO - 44 - azureml.automl.runtime.ensemble_base._download_model:294 - Finished transforming the fitted pipelines for child run affable_sponge_tdrx61lbhy_1 with 5 elements.
2026-02-24 07:43:34.856 - INFO - 44 - azureml.automl.runtime.ensemble_base.fit_ensemble:123 - Fetched 8 fitted pipelines in 1 seconds
2026-02-24 07:43:34.856 - INFO - 44 - azureml.automl.runtime.ensemble_base.fit_ensemble:123 - Fetched 8 fitted pipelines in 1 seconds
2026-02-24 07:43:34.857 - INFO - 44 - azureml.automl.runtime.shared.lazy_file_cache_store.get:426 - Getting data for key: split_keys
2026-02-24 07:43:34.857 - INFO - 44 - azureml.automl.runtime.shared.lazy_file_cache_store.get:426 - Getting data for key: split_keys
2026-02-24 07:43:34.857 - INFO - 44 - azureml.automl.runtime.shared.lazy_file_cache_store.get:426 - Getting data for key: featurized_cv_split_0
2026-02-24 07:43:34.857 - INFO - 44 - azureml.automl.runtime.shared.lazy_file_cache_store.get:426 - Getting data for key: featurized_cv_split_0
2026-02-24 07:43:34.858 - INFO - 44 - azureml.automl.runtime.shared.lazy_file_cache_store.get:426 - Getting data for key: featurized_cv_split_1
2026-02-24 07:43:34.858 - INFO - 44 - azureml.automl.runtime.shared.lazy_file_cache_store.get:426 - Getting data for key: featurized_cv_split_1
2026-02-24 07:43:34.858 - INFO - 44 - azureml.automl.runtime.shared.lazy_file_cache_store.get:426 - Getting data for key: featurized_cv_split_2
2026-02-24 07:43:34.858 - INFO - 44 - azureml.automl.runtime.shared.lazy_file_cache_store.get:426 - Getting data for key: featurized_cv_split_2
2026-02-24 07:43:34.859 - INFO - 44 - azureml.automl.runtime.shared.lazy_file_cache_store.get:426 - Getting data for key: featurized_cv_split_3
2026-02-24 07:43:34.859 - INFO - 44 - azureml.automl.runtime.shared.lazy_file_cache_store.get:426 - Getting data for key: featurized_cv_split_3
2026-02-24 07:43:34.859 - INFO - 44 - azureml.automl.runtime.shared.lazy_file_cache_store.get:426 - Getting data for key: featurized_cv_split_4
2026-02-24 07:43:34.859 - INFO - 44 - azureml.automl.runtime.shared.lazy_file_cache_store.get:426 - Getting data for key: featurized_cv_split_4
2026-02-24 07:43:34.860 - INFO - 44 - azureml.automl.runtime._ml_engine.ensemble.ensemble_selector._compute_models_predictions:303 - Getting out of fold predictions of pipeline index 0 for CV fold 0
2026-02-24 07:43:34.860 - INFO - 44 - azureml.automl.runtime._ml_engine.ensemble.ensemble_selector._compute_models_predictions:303 - Getting out of fold predictions of pipeline index 0 for CV fold 0
2026-02-24 07:43:34.872 - INFO - 44 - azureml.automl.runtime._ml_engine.ensemble.ensemble_selector._compute_models_predictions:303 - Getting out of fold predictions of pipeline index 0 for CV fold 1
2026-02-24 07:43:34.872 - INFO - 44 - azureml.automl.runtime._ml_engine.ensemble.ensemble_selector._compute_models_predictions:303 - Getting out of fold predictions of pipeline index 0 for CV fold 1
2026-02-24 07:43:34.873 - INFO - 44 - azureml.automl.runtime._ml_engine.ensemble.ensemble_selector._compute_models_predictions:303 - Getting out of fold predictions of pipeline index 0 for CV fold 2
2026-02-24 07:43:34.873 - INFO - 44 - azureml.automl.runtime._ml_engine.ensemble.ensemble_selector._compute_models_predictions:303 - Getting out of fold predictions of pipeline index 0 for CV fold 2
2026-02-24 07:43:34.874 - INFO - 44 - azureml.automl.runtime._ml_engine.ensemble.ensemble_selector._compute_models_predictions:303 - Getting out of fold predictions of pipeline index 0 for CV fold 3
2026-02-24 07:43:34.874 - INFO - 44 - azureml.automl.runtime._ml_engine.ensemble.ensemble_selector._compute_models_predictions:303 - Getting out of fold predictions of pipeline index 0 for CV fold 3
2026-02-24 07:43:34.875 - INFO - 44 - azureml.automl.runtime._ml_engine.ensemble.ensemble_selector._compute_models_predictions:303 - Getting out of fold predictions of pipeline index 0 for CV fold 4
2026-02-24 07:43:34.875 - INFO - 44 - azureml.automl.runtime._ml_engine.ensemble.ensemble_selector._compute_models_predictions:303 - Getting out of fold predictions of pipeline index 0 for CV fold 4
2026-02-24 07:43:34.875 - INFO - 44 - azureml.automl.runtime._ml_engine.ensemble.ensemble_selector._compute_models_predictions:303 - Getting out of fold predictions of pipeline index 1 for CV fold 0
2026-02-24 07:43:34.875 - INFO - 44 - azureml.automl.runtime._ml_engine.ensemble.ensemble_selector._compute_models_predictions:303 - Getting out of fold predictions of pipeline index 1 for CV fold 0
2026-02-24 07:43:34.878 - INFO - 44 - azureml.automl.runtime._ml_engine.ensemble.ensemble_selector._compute_models_predictions:303 - Getting out of fold predictions of pipeline index 1 for CV fold 1
2026-02-24 07:43:34.878 - INFO - 44 - azureml.automl.runtime._ml_engine.ensemble.ensemble_selector._compute_models_predictions:303 - Getting out of fold predictions of pipeline index 1 for CV fold 1
2026-02-24 07:43:34.880 - INFO - 44 - azureml.automl.runtime._ml_engine.ensemble.ensemble_selector._compute_models_predictions:303 - Getting out of fold predictions of pipeline index 1 for CV fold 2
2026-02-24 07:43:34.880 - INFO - 44 - azureml.automl.runtime._ml_engine.ensemble.ensemble_selector._compute_models_predictions:303 - Getting out of fold predictions of pipeline index 1 for CV fold 2
2026-02-24 07:43:34.881 - INFO - 44 - azureml.automl.runtime._ml_engine.ensemble.ensemble_selector._compute_models_predictions:303 - Getting out of fold predictions of pipeline index 1 for CV fold 3
2026-02-24 07:43:34.881 - INFO - 44 - azureml.automl.runtime._ml_engine.ensemble.ensemble_selector._compute_models_predictions:303 - Getting out of fold predictions of pipeline index 1 for CV fold 3
2026-02-24 07:43:34.883 - INFO - 44 - azureml.automl.runtime._ml_engine.ensemble.ensemble_selector._compute_models_predictions:303 - Getting out of fold predictions of pipeline index 1 for CV fold 4
2026-02-24 07:43:34.883 - INFO - 44 - azureml.automl.runtime._ml_engine.ensemble.ensemble_selector._compute_models_predictions:303 - Getting out of fold predictions of pipeline index 1 for CV fold 4
2026-02-24 07:43:34.884 - INFO - 44 - azureml.automl.runtime._ml_engine.ensemble.ensemble_selector._compute_models_predictions:303 - Getting out of fold predictions of pipeline index 2 for CV fold 0
2026-02-24 07:43:34.884 - INFO - 44 - azureml.automl.runtime._ml_engine.ensemble.ensemble_selector._compute_models_predictions:303 - Getting out of fold predictions of pipeline index 2 for CV fold 0
2026-02-24 07:43:34.903 - INFO - 44 - azureml.automl.runtime._ml_engine.ensemble.ensemble_selector._compute_models_predictions:303 - Getting out of fold predictions of pipeline index 2 for CV fold 1
2026-02-24 07:43:34.903 - INFO - 44 - azureml.automl.runtime._ml_engine.ensemble.ensemble_selector._compute_models_predictions:303 - Getting out of fold predictions of pipeline index 2 for CV fold 1
2026-02-24 07:43:34.918 - INFO - 44 - azureml.automl.runtime._ml_engine.ensemble.ensemble_selector._compute_models_predictions:303 - Getting out of fold predictions of pipeline index 2 for CV fold 2
2026-02-24 07:43:34.918 - INFO - 44 - azureml.automl.runtime._ml_engine.ensemble.ensemble_selector._compute_models_predictions:303 - Getting out of fold predictions of pipeline index 2 for CV fold 2
2026-02-24 07:43:34.935 - INFO - 44 - azureml.automl.runtime._ml_engine.ensemble.ensemble_selector._compute_models_predictions:303 - Getting out of fold predictions of pipeline index 2 for CV fold 3
2026-02-24 07:43:34.935 - INFO - 44 - azureml.automl.runtime._ml_engine.ensemble.ensemble_selector._compute_models_predictions:303 - Getting out of fold predictions of pipeline index 2 for CV fold 3
2026-02-24 07:43:34.951 - INFO - 44 - azureml.automl.runtime._ml_engine.ensemble.ensemble_selector._compute_models_predictions:303 - Getting out of fold predictions of pipeline index 2 for CV fold 4
2026-02-24 07:43:34.951 - INFO - 44 - azureml.automl.runtime._ml_engine.ensemble.ensemble_selector._compute_models_predictions:303 - Getting out of fold predictions of pipeline index 2 for CV fold 4
2026-02-24 07:43:34.966 - INFO - 44 - azureml.automl.runtime._ml_engine.ensemble.ensemble_selector._compute_models_predictions:303 - Getting out of fold predictions of pipeline index 3 for CV fold 0
2026-02-24 07:43:34.966 - INFO - 44 - azureml.automl.runtime._ml_engine.ensemble.ensemble_selector._compute_models_predictions:303 - Getting out of fold predictions of pipeline index 3 for CV fold 0
2026-02-24 07:43:34.985 - INFO - 44 - azureml.automl.runtime._ml_engine.ensemble.ensemble_selector._compute_models_predictions:303 - Getting out of fold predictions of pipeline index 3 for CV fold 1
2026-02-24 07:43:34.985 - INFO - 44 - azureml.automl.runtime._ml_engine.ensemble.ensemble_selector._compute_models_predictions:303 - Getting out of fold predictions of pipeline index 3 for CV fold 1
2026-02-24 07:43:35.001 - INFO - 44 - azureml.automl.runtime._ml_engine.ensemble.ensemble_selector._compute_models_predictions:303 - Getting out of fold predictions of pipeline index 3 for CV fold 2
2026-02-24 07:43:35.001 - INFO - 44 - azureml.automl.runtime._ml_engine.ensemble.ensemble_selector._compute_models_predictions:303 - Getting out of fold predictions of pipeline index 3 for CV fold 2
2026-02-24 07:43:35.014 - INFO - 44 - azureml.automl.runtime._ml_engine.ensemble.ensemble_selector._compute_models_predictions:303 - Getting out of fold predictions of pipeline index 3 for CV fold 3
2026-02-24 07:43:35.014 - INFO - 44 - azureml.automl.runtime._ml_engine.ensemble.ensemble_selector._compute_models_predictions:303 - Getting out of fold predictions of pipeline index 3 for CV fold 3
2026-02-24 07:43:35.033 - INFO - 44 - azureml.automl.runtime._ml_engine.ensemble.ensemble_selector._compute_models_predictions:303 - Getting out of fold predictions of pipeline index 3 for CV fold 4
2026-02-24 07:43:35.033 - INFO - 44 - azureml.automl.runtime._ml_engine.ensemble.ensemble_selector._compute_models_predictions:303 - Getting out of fold predictions of pipeline index 3 for CV fold 4
2026-02-24 07:43:35.047 - INFO - 44 - azureml.automl.runtime._ml_engine.ensemble.ensemble_selector._compute_models_predictions:303 - Getting out of fold predictions of pipeline index 4 for CV fold 0
2026-02-24 07:43:35.047 - INFO - 44 - azureml.automl.runtime._ml_engine.ensemble.ensemble_selector._compute_models_predictions:303 - Getting out of fold predictions of pipeline index 4 for CV fold 0
2026-02-24 07:43:35.066 - INFO - 44 - azureml.automl.runtime._ml_engine.ensemble.ensemble_selector._compute_models_predictions:303 - Getting out of fold predictions of pipeline index 4 for CV fold 1
2026-02-24 07:43:35.066 - INFO - 44 - azureml.automl.runtime._ml_engine.ensemble.ensemble_selector._compute_models_predictions:303 - Getting out of fold predictions of pipeline index 4 for CV fold 1
2026-02-24 07:43:35.083 - INFO - 44 - azureml.automl.runtime._ml_engine.ensemble.ensemble_selector._compute_models_predictions:303 - Getting out of fold predictions of pipeline index 4 for CV fold 2
2026-02-24 07:43:35.083 - INFO - 44 - azureml.automl.runtime._ml_engine.ensemble.ensemble_selector._compute_models_predictions:303 - Getting out of fold predictions of pipeline index 4 for CV fold 2
2026-02-24 07:43:35.087 - INFO - 44 - azureml.automl.runtime._ml_engine.ensemble.ensemble_selector._compute_models_predictions:303 - Getting out of fold predictions of pipeline index 4 for CV fold 3
2026-02-24 07:43:35.087 - INFO - 44 - azureml.automl.runtime._ml_engine.ensemble.ensemble_selector._compute_models_predictions:303 - Getting out of fold predictions of pipeline index 4 for CV fold 3
2026-02-24 07:43:35.090 - INFO - 44 - azureml.automl.runtime._ml_engine.ensemble.ensemble_selector._compute_models_predictions:303 - Getting out of fold predictions of pipeline index 4 for CV fold 4
2026-02-24 07:43:35.090 - INFO - 44 - azureml.automl.runtime._ml_engine.ensemble.ensemble_selector._compute_models_predictions:303 - Getting out of fold predictions of pipeline index 4 for CV fold 4
2026-02-24 07:43:35.093 - INFO - 44 - azureml.automl.runtime._ml_engine.ensemble.ensemble_selector._compute_models_predictions:303 - Getting out of fold predictions of pipeline index 5 for CV fold 0
2026-02-24 07:43:35.093 - INFO - 44 - azureml.automl.runtime._ml_engine.ensemble.ensemble_selector._compute_models_predictions:303 - Getting out of fold predictions of pipeline index 5 for CV fold 0
2026-02-24 07:43:35.095 - INFO - 44 - azureml.automl.runtime._ml_engine.ensemble.ensemble_selector._compute_models_predictions:303 - Getting out of fold predictions of pipeline index 5 for CV fold 1
2026-02-24 07:43:35.095 - INFO - 44 - azureml.automl.runtime._ml_engine.ensemble.ensemble_selector._compute_models_predictions:303 - Getting out of fold predictions of pipeline index 5 for CV fold 1
2026-02-24 07:43:35.097 - INFO - 44 - azureml.automl.runtime._ml_engine.ensemble.ensemble_selector._compute_models_predictions:303 - Getting out of fold predictions of pipeline index 5 for CV fold 2
2026-02-24 07:43:35.097 - INFO - 44 - azureml.automl.runtime._ml_engine.ensemble.ensemble_selector._compute_models_predictions:303 - Getting out of fold predictions of pipeline index 5 for CV fold 2
2026-02-24 07:43:35.101 - INFO - 44 - azureml.automl.runtime._ml_engine.ensemble.ensemble_selector._compute_models_predictions:303 - Getting out of fold predictions of pipeline index 5 for CV fold 3
2026-02-24 07:43:35.101 - INFO - 44 - azureml.automl.runtime._ml_engine.ensemble.ensemble_selector._compute_models_predictions:303 - Getting out of fold predictions of pipeline index 5 for CV fold 3
2026-02-24 07:43:35.102 - INFO - 44 - azureml.automl.runtime._ml_engine.ensemble.ensemble_selector._compute_models_predictions:303 - Getting out of fold predictions of pipeline index 5 for CV fold 4
2026-02-24 07:43:35.102 - INFO - 44 - azureml.automl.runtime._ml_engine.ensemble.ensemble_selector._compute_models_predictions:303 - Getting out of fold predictions of pipeline index 5 for CV fold 4
2026-02-24 07:43:35.104 - INFO - 44 - azureml.automl.runtime._ml_engine.ensemble.ensemble_selector._compute_models_predictions:303 - Getting out of fold predictions of pipeline index 6 for CV fold 0
2026-02-24 07:43:35.104 - INFO - 44 - azureml.automl.runtime._ml_engine.ensemble.ensemble_selector._compute_models_predictions:303 - Getting out of fold predictions of pipeline index 6 for CV fold 0
2026-02-24 07:43:35.120 - INFO - 44 - azureml.automl.runtime._ml_engine.ensemble.ensemble_selector._compute_models_predictions:303 - Getting out of fold predictions of pipeline index 6 for CV fold 1
2026-02-24 07:43:35.120 - INFO - 44 - azureml.automl.runtime._ml_engine.ensemble.ensemble_selector._compute_models_predictions:303 - Getting out of fold predictions of pipeline index 6 for CV fold 1
2026-02-24 07:43:35.134 - INFO - 44 - azureml.automl.runtime._ml_engine.ensemble.ensemble_selector._compute_models_predictions:303 - Getting out of fold predictions of pipeline index 6 for CV fold 2
2026-02-24 07:43:35.134 - INFO - 44 - azureml.automl.runtime._ml_engine.ensemble.ensemble_selector._compute_models_predictions:303 - Getting out of fold predictions of pipeline index 6 for CV fold 2
2026-02-24 07:43:35.146 - INFO - 44 - azureml.automl.runtime._ml_engine.ensemble.ensemble_selector._compute_models_predictions:303 - Getting out of fold predictions of pipeline index 6 for CV fold 3
2026-02-24 07:43:35.146 - INFO - 44 - azureml.automl.runtime._ml_engine.ensemble.ensemble_selector._compute_models_predictions:303 - Getting out of fold predictions of pipeline index 6 for CV fold 3
2026-02-24 07:43:35.159 - INFO - 44 - azureml.automl.runtime._ml_engine.ensemble.ensemble_selector._compute_models_predictions:303 - Getting out of fold predictions of pipeline index 6 for CV fold 4
2026-02-24 07:43:35.159 - INFO - 44 - azureml.automl.runtime._ml_engine.ensemble.ensemble_selector._compute_models_predictions:303 - Getting out of fold predictions of pipeline index 6 for CV fold 4
2026-02-24 07:43:35.172 - INFO - 44 - azureml.automl.runtime._ml_engine.ensemble.ensemble_selector._compute_models_predictions:303 - Getting out of fold predictions of pipeline index 7 for CV fold 0
2026-02-24 07:43:35.172 - INFO - 44 - azureml.automl.runtime._ml_engine.ensemble.ensemble_selector._compute_models_predictions:303 - Getting out of fold predictions of pipeline index 7 for CV fold 0
2026-02-24 07:43:35.173 - INFO - 44 - azureml.automl.runtime._ml_engine.ensemble.ensemble_selector._compute_models_predictions:303 - Getting out of fold predictions of pipeline index 7 for CV fold 1
2026-02-24 07:43:35.173 - INFO - 44 - azureml.automl.runtime._ml_engine.ensemble.ensemble_selector._compute_models_predictions:303 - Getting out of fold predictions of pipeline index 7 for CV fold 1
2026-02-24 07:43:35.174 - INFO - 44 - azureml.automl.runtime._ml_engine.ensemble.ensemble_selector._compute_models_predictions:303 - Getting out of fold predictions of pipeline index 7 for CV fold 2
2026-02-24 07:43:35.174 - INFO - 44 - azureml.automl.runtime._ml_engine.ensemble.ensemble_selector._compute_models_predictions:303 - Getting out of fold predictions of pipeline index 7 for CV fold 2
2026-02-24 07:43:35.176 - INFO - 44 - azureml.automl.runtime._ml_engine.ensemble.ensemble_selector._compute_models_predictions:303 - Getting out of fold predictions of pipeline index 7 for CV fold 3
2026-02-24 07:43:35.176 - INFO - 44 - azureml.automl.runtime._ml_engine.ensemble.ensemble_selector._compute_models_predictions:303 - Getting out of fold predictions of pipeline index 7 for CV fold 3
2026-02-24 07:43:35.177 - INFO - 44 - azureml.automl.runtime._ml_engine.ensemble.ensemble_selector._compute_models_predictions:303 - Getting out of fold predictions of pipeline index 7 for CV fold 4
2026-02-24 07:43:35.177 - INFO - 44 - azureml.automl.runtime._ml_engine.ensemble.ensemble_selector._compute_models_predictions:303 - Getting out of fold predictions of pipeline index 7 for CV fold 4
2026-02-24 07:43:35.179 - INFO - 44 - azureml.training.tabular.score._validation.log_classification_debug:194 - Classification metrics debug: {'y_test': (126,), 'y_pred_probs': (126, 2), 'unique_y_test': (2,), 'class_labels': (2,), 'train_labels': (2,), 'n_missing_train': 0, 'n_missing_valid': 0, 'sample_weight': None}
2026-02-24 07:43:35.179 - INFO - 44 - azureml.training.tabular.score._validation.log_classification_debug:194 - Classification metrics debug: {'y_test': (126,), 'y_pred_probs': (126, 2), 'unique_y_test': (2,), 'class_labels': (2,), 'train_labels': (2,), 'n_missing_train': 0, 'n_missing_valid': 0, 'sample_weight': None}
2026-02-24 07:43:35.180 - INFO - 44 - azureml.training.tabular.score._scoring_utilities.__init__:522 - No positive_label provided but detected a binary classification task
2026-02-24 07:43:35.180 - INFO - 44 - azureml.training.tabular.score._scoring_utilities.__init__:522 - No positive_label provided but detected a binary classification task
2026-02-24 07:43:35.182 - INFO - 44 - azureml.training.tabular.score._validation.log_classification_debug:194 - Classification metrics debug: {'y_test': (126,), 'y_pred_probs': (126, 2), 'unique_y_test': (2,), 'class_labels': (2,), 'train_labels': (2,), 'n_missing_train': 0, 'n_missing_valid': 0, 'sample_weight': None}
2026-02-24 07:43:35.182 - INFO - 44 - azureml.training.tabular.score._validation.log_classification_debug:194 - Classification metrics debug: {'y_test': (126,), 'y_pred_probs': (126, 2), 'unique_y_test': (2,), 'class_labels': (2,), 'train_labels': (2,), 'n_missing_train': 0, 'n_missing_valid': 0, 'sample_weight': None}
2026-02-24 07:43:35.183 - INFO - 44 - azureml.training.tabular.score._scoring_utilities.__init__:522 - No positive_label provided but detected a binary classification task
2026-02-24 07:43:35.183 - INFO - 44 - azureml.training.tabular.score._scoring_utilities.__init__:522 - No positive_label provided but detected a binary classification task
2026-02-24 07:43:35.185 - INFO - 44 - azureml.training.tabular.score._validation.log_classification_debug:194 - Classification metrics debug: {'y_test': (126,), 'y_pred_probs': (126, 2), 'unique_y_test': (2,), 'class_labels': (2,), 'train_labels': (2,), 'n_missing_train': 0, 'n_missing_valid': 0, 'sample_weight': None}
2026-02-24 07:43:35.185 - INFO - 44 - azureml.training.tabular.score._validation.log_classification_debug:194 - Classification metrics debug: {'y_test': (126,), 'y_pred_probs': (126, 2), 'unique_y_test': (2,), 'class_labels': (2,), 'train_labels': (2,), 'n_missing_train': 0, 'n_missing_valid': 0, 'sample_weight': None}
2026-02-24 07:43:35.186 - INFO - 44 - azureml.training.tabular.score._scoring_utilities.__init__:522 - No positive_label provided but detected a binary classification task
2026-02-24 07:43:35.186 - INFO - 44 - azureml.training.tabular.score._scoring_utilities.__init__:522 - No positive_label provided but detected a binary classification task
2026-02-24 07:43:35.188 - INFO - 44 - azureml.training.tabular.score._validation.log_classification_debug:194 - Classification metrics debug: {'y_test': (125,), 'y_pred_probs': (125, 2), 'unique_y_test': (2,), 'class_labels': (2,), 'train_labels': (2,), 'n_missing_train': 0, 'n_missing_valid': 0, 'sample_weight': None}
2026-02-24 07:43:35.188 - INFO - 44 - azureml.training.tabular.score._validation.log_classification_debug:194 - Classification metrics debug: {'y_test': (125,), 'y_pred_probs': (125, 2), 'unique_y_test': (2,), 'class_labels': (2,), 'train_labels': (2,), 'n_missing_train': 0, 'n_missing_valid': 0, 'sample_weight': None}
2026-02-24 07:43:35.189 - INFO - 44 - azureml.training.tabular.score._scoring_utilities.__init__:522 - No positive_label provided but detected a binary classification task
2026-02-24 07:43:35.189 - INFO - 44 - azureml.training.tabular.score._scoring_utilities.__init__:522 - No positive_label provided but detected a binary classification task
2026-02-24 07:43:35.191 - INFO - 44 - azureml.training.tabular.score._validation.log_classification_debug:194 - Classification metrics debug: {'y_test': (125,), 'y_pred_probs': (125, 2), 'unique_y_test': (2,), 'class_labels': (2,), 'train_labels': (2,), 'n_missing_train': 0, 'n_missing_valid': 0, 'sample_weight': None}
2026-02-24 07:43:35.191 - INFO - 44 - azureml.training.tabular.score._validation.log_classification_debug:194 - Classification metrics debug: {'y_test': (125,), 'y_pred_probs': (125, 2), 'unique_y_test': (2,), 'class_labels': (2,), 'train_labels': (2,), 'n_missing_train': 0, 'n_missing_valid': 0, 'sample_weight': None}
2026-02-24 07:43:35.192 - INFO - 44 - azureml.training.tabular.score._scoring_utilities.__init__:522 - No positive_label provided but detected a binary classification task
2026-02-24 07:43:35.192 - INFO - 44 - azureml.training.tabular.score._scoring_utilities.__init__:522 - No positive_label provided but detected a binary classification task
2026-02-24 07:43:35.194 - INFO - 44 - azureml.training.tabular.score._validation.log_classification_debug:194 - Classification metrics debug: {'y_test': (126,), 'y_pred_probs': (126, 2), 'unique_y_test': (2,), 'class_labels': (2,), 'train_labels': (2,), 'n_missing_train': 0, 'n_missing_valid': 0, 'sample_weight': None}
2026-02-24 07:43:35.194 - INFO - 44 - azureml.training.tabular.score._validation.log_classification_debug:194 - Classification metrics debug: {'y_test': (126,), 'y_pred_probs': (126, 2), 'unique_y_test': (2,), 'class_labels': (2,), 'train_labels': (2,), 'n_missing_train': 0, 'n_missing_valid': 0, 'sample_weight': None}
2026-02-24 07:43:35.194 - INFO - 44 - azureml.training.tabular.score._scoring_utilities.__init__:522 - No positive_label provided but detected a binary classification task
2026-02-24 07:43:35.194 - INFO - 44 - azureml.training.tabular.score._scoring_utilities.__init__:522 - No positive_label provided but detected a binary classification task
2026-02-24 07:43:35.196 - INFO - 44 - azureml.training.tabular.score._validation.log_classification_debug:194 - Classification metrics debug: {'y_test': (126,), 'y_pred_probs': (126, 2), 'unique_y_test': (2,), 'class_labels': (2,), 'train_labels': (2,), 'n_missing_train': 0, 'n_missing_valid': 0, 'sample_weight': None}
2026-02-24 07:43:35.196 - INFO - 44 - azureml.training.tabular.score._validation.log_classification_debug:194 - Classification metrics debug: {'y_test': (126,), 'y_pred_probs': (126, 2), 'unique_y_test': (2,), 'class_labels': (2,), 'train_labels': (2,), 'n_missing_train': 0, 'n_missing_valid': 0, 'sample_weight': None}
2026-02-24 07:43:35.197 - INFO - 44 - azureml.training.tabular.score._scoring_utilities.__init__:522 - No positive_label provided but detected a binary classification task
2026-02-24 07:43:35.197 - INFO - 44 - azureml.training.tabular.score._scoring_utilities.__init__:522 - No positive_label provided but detected a binary classification task
2026-02-24 07:43:35.199 - INFO - 44 - azureml.training.tabular.score._validation.log_classification_debug:194 - Classification metrics debug: {'y_test': (126,), 'y_pred_probs': (126, 2), 'unique_y_test': (2,), 'class_labels': (2,), 'train_labels': (2,), 'n_missing_train': 0, 'n_missing_valid': 0, 'sample_weight': None}
2026-02-24 07:43:35.199 - INFO - 44 - azureml.training.tabular.score._validation.log_classification_debug:194 - Classification metrics debug: {'y_test': (126,), 'y_pred_probs': (126, 2), 'unique_y_test': (2,), 'class_labels': (2,), 'train_labels': (2,), 'n_missing_train': 0, 'n_missing_valid': 0, 'sample_weight': None}
2026-02-24 07:43:35.200 - INFO - 44 - azureml.training.tabular.score._scoring_utilities.__init__:522 - No positive_label provided but detected a binary classification task
2026-02-24 07:43:35.200 - INFO - 44 - azureml.training.tabular.score._scoring_utilities.__init__:522 - No positive_label provided but detected a binary classification task
2026-02-24 07:43:35.202 - INFO - 44 - azureml.training.tabular.score._validation.log_classification_debug:194 - Classification metrics debug: {'y_test': (125,), 'y_pred_probs': (125, 2), 'unique_y_test': (2,), 'class_labels': (2,), 'train_labels': (2,), 'n_missing_train': 0, 'n_missing_valid': 0, 'sample_weight': None}
2026-02-24 07:43:35.202 - INFO - 44 - azureml.training.tabular.score._validation.log_classification_debug:194 - Classification metrics debug: {'y_test': (125,), 'y_pred_probs': (125, 2), 'unique_y_test': (2,), 'class_labels': (2,), 'train_labels': (2,), 'n_missing_train': 0, 'n_missing_valid': 0, 'sample_weight': None}
2026-02-24 07:43:35.203 - INFO - 44 - azureml.training.tabular.score._scoring_utilities.__init__:522 - No positive_label provided but detected a binary classification task
2026-02-24 07:43:35.203 - INFO - 44 - azureml.training.tabular.score._scoring_utilities.__init__:522 - No positive_label provided but detected a binary classification task
2026-02-24 07:43:35.205 - INFO - 44 - azureml.training.tabular.score._validation.log_classification_debug:194 - Classification metrics debug: {'y_test': (125,), 'y_pred_probs': (125, 2), 'unique_y_test': (2,), 'class_labels': (2,), 'train_labels': (2,), 'n_missing_train': 0, 'n_missing_valid': 0, 'sample_weight': None}
2026-02-24 07:43:35.205 - INFO - 44 - azureml.training.tabular.score._validation.log_classification_debug:194 - Classification metrics debug: {'y_test': (125,), 'y_pred_probs': (125, 2), 'unique_y_test': (2,), 'class_labels': (2,), 'train_labels': (2,), 'n_missing_train': 0, 'n_missing_valid': 0, 'sample_weight': None}
2026-02-24 07:43:35.206 - INFO - 44 - azureml.training.tabular.score._scoring_utilities.__init__:522 - No positive_label provided but detected a binary classification task
2026-02-24 07:43:35.206 - INFO - 44 - azureml.training.tabular.score._scoring_utilities.__init__:522 - No positive_label provided but detected a binary classification task
2026-02-24 07:43:35.208 - INFO - 44 - azureml.training.tabular.score._validation.log_classification_debug:194 - Classification metrics debug: {'y_test': (126,), 'y_pred_probs': (126, 2), 'unique_y_test': (2,), 'class_labels': (2,), 'train_labels': (2,), 'n_missing_train': 0, 'n_missing_valid': 0, 'sample_weight': None}
2026-02-24 07:43:35.208 - INFO - 44 - azureml.training.tabular.score._validation.log_classification_debug:194 - Classification metrics debug: {'y_test': (126,), 'y_pred_probs': (126, 2), 'unique_y_test': (2,), 'class_labels': (2,), 'train_labels': (2,), 'n_missing_train': 0, 'n_missing_valid': 0, 'sample_weight': None}
2026-02-24 07:43:35.209 - INFO - 44 - azureml.training.tabular.score._scoring_utilities.__init__:522 - No positive_label provided but detected a binary classification task
2026-02-24 07:43:35.209 - INFO - 44 - azureml.training.tabular.score._scoring_utilities.__init__:522 - No positive_label provided but detected a binary classification task
2026-02-24 07:43:35.211 - INFO - 44 - azureml.training.tabular.score._validation.log_classification_debug:194 - Classification metrics debug: {'y_test': (126,), 'y_pred_probs': (126, 2), 'unique_y_test': (2,), 'class_labels': (2,), 'train_labels': (2,), 'n_missing_train': 0, 'n_missing_valid': 0, 'sample_weight': None}
2026-02-24 07:43:35.211 - INFO - 44 - azureml.training.tabular.score._validation.log_classification_debug:194 - Classification metrics debug: {'y_test': (126,), 'y_pred_probs': (126, 2), 'unique_y_test': (2,), 'class_labels': (2,), 'train_labels': (2,), 'n_missing_train': 0, 'n_missing_valid': 0, 'sample_weight': None}
2026-02-24 07:43:35.211 - INFO - 44 - azureml.training.tabular.score._scoring_utilities.__init__:522 - No positive_label provided but detected a binary classification task
2026-02-24 07:43:35.211 - INFO - 44 - azureml.training.tabular.score._scoring_utilities.__init__:522 - No positive_label provided but detected a binary classification task
2026-02-24 07:43:35.214 - INFO - 44 - azureml.training.tabular.score._validation.log_classification_debug:194 - Classification metrics debug: {'y_test': (126,), 'y_pred_probs': (126, 2), 'unique_y_test': (2,), 'class_labels': (2,), 'train_labels': (2,), 'n_missing_train': 0, 'n_missing_valid': 0, 'sample_weight': None}
2026-02-24 07:43:35.214 - INFO - 44 - azureml.training.tabular.score._validation.log_classification_debug:194 - Classification metrics debug: {'y_test': (126,), 'y_pred_probs': (126, 2), 'unique_y_test': (2,), 'class_labels': (2,), 'train_labels': (2,), 'n_missing_train': 0, 'n_missing_valid': 0, 'sample_weight': None}
2026-02-24 07:43:35.214 - INFO - 44 - azureml.training.tabular.score._scoring_utilities.__init__:522 - No positive_label provided but detected a binary classification task
2026-02-24 07:43:35.214 - INFO - 44 - azureml.training.tabular.score._scoring_utilities.__init__:522 - No positive_label provided but detected a binary classification task
2026-02-24 07:43:35.216 - INFO - 44 - azureml.training.tabular.score._validation.log_classification_debug:194 - Classification metrics debug: {'y_test': (125,), 'y_pred_probs': (125, 2), 'unique_y_test': (2,), 'class_labels': (2,), 'train_labels': (2,), 'n_missing_train': 0, 'n_missing_valid': 0, 'sample_weight': None}
2026-02-24 07:43:35.216 - INFO - 44 - azureml.training.tabular.score._validation.log_classification_debug:194 - Classification metrics debug: {'y_test': (125,), 'y_pred_probs': (125, 2), 'unique_y_test': (2,), 'class_labels': (2,), 'train_labels': (2,), 'n_missing_train': 0, 'n_missing_valid': 0, 'sample_weight': None}
2026-02-24 07:43:35.217 - INFO - 44 - azureml.training.tabular.score._scoring_utilities.__init__:522 - No positive_label provided but detected a binary classification task
2026-02-24 07:43:35.217 - INFO - 44 - azureml.training.tabular.score._scoring_utilities.__init__:522 - No positive_label provided but detected a binary classification task
2026-02-24 07:43:35.219 - INFO - 44 - azureml.training.tabular.score._validation.log_classification_debug:194 - Classification metrics debug: {'y_test': (125,), 'y_pred_probs': (125, 2), 'unique_y_test': (2,), 'class_labels': (2,), 'train_labels': (2,), 'n_missing_train': 0, 'n_missing_valid': 0, 'sample_weight': None}
2026-02-24 07:43:35.219 - INFO - 44 - azureml.training.tabular.score._validation.log_classification_debug:194 - Classification metrics debug: {'y_test': (125,), 'y_pred_probs': (125, 2), 'unique_y_test': (2,), 'class_labels': (2,), 'train_labels': (2,), 'n_missing_train': 0, 'n_missing_valid': 0, 'sample_weight': None}
2026-02-24 07:43:35.220 - INFO - 44 - azureml.training.tabular.score._scoring_utilities.__init__:522 - No positive_label provided but detected a binary classification task
2026-02-24 07:43:35.220 - INFO - 44 - azureml.training.tabular.score._scoring_utilities.__init__:522 - No positive_label provided but detected a binary classification task
2026-02-24 07:43:35.222 - INFO - 44 - azureml.training.tabular.score._validation.log_classification_debug:194 - Classification metrics debug: {'y_test': (126,), 'y_pred_probs': (126, 2), 'unique_y_test': (2,), 'class_labels': (2,), 'train_labels': (2,), 'n_missing_train': 0, 'n_missing_valid': 0, 'sample_weight': None}
2026-02-24 07:43:35.222 - INFO - 44 - azureml.training.tabular.score._validation.log_classification_debug:194 - Classification metrics debug: {'y_test': (126,), 'y_pred_probs': (126, 2), 'unique_y_test': (2,), 'class_labels': (2,), 'train_labels': (2,), 'n_missing_train': 0, 'n_missing_valid': 0, 'sample_weight': None}
2026-02-24 07:43:35.223 - INFO - 44 - azureml.training.tabular.score._scoring_utilities.__init__:522 - No positive_label provided but detected a binary classification task
2026-02-24 07:43:35.223 - INFO - 44 - azureml.training.tabular.score._scoring_utilities.__init__:522 - No positive_label provided but detected a binary classification task
2026-02-24 07:43:35.225 - INFO - 44 - azureml.training.tabular.score._validation.log_classification_debug:194 - Classification metrics debug: {'y_test': (126,), 'y_pred_probs': (126, 2), 'unique_y_test': (2,), 'class_labels': (2,), 'train_labels': (2,), 'n_missing_train': 0, 'n_missing_valid': 0, 'sample_weight': None}
2026-02-24 07:43:35.225 - INFO - 44 - azureml.training.tabular.score._validation.log_classification_debug:194 - Classification metrics debug: {'y_test': (126,), 'y_pred_probs': (126, 2), 'unique_y_test': (2,), 'class_labels': (2,), 'train_labels': (2,), 'n_missing_train': 0, 'n_missing_valid': 0, 'sample_weight': None}
2026-02-24 07:43:35.226 - INFO - 44 - azureml.training.tabular.score._scoring_utilities.__init__:522 - No positive_label provided but detected a binary classification task
2026-02-24 07:43:35.226 - INFO - 44 - azureml.training.tabular.score._scoring_utilities.__init__:522 - No positive_label provided but detected a binary classification task
2026-02-24 07:43:35.227 - INFO - 44 - azureml.training.tabular.score._validation.log_classification_debug:194 - Classification metrics debug: {'y_test': (126,), 'y_pred_probs': (126, 2), 'unique_y_test': (2,), 'class_labels': (2,), 'train_labels': (2,), 'n_missing_train': 0, 'n_missing_valid': 0, 'sample_weight': None}
2026-02-24 07:43:35.227 - INFO - 44 - azureml.training.tabular.score._validation.log_classification_debug:194 - Classification metrics debug: {'y_test': (126,), 'y_pred_probs': (126, 2), 'unique_y_test': (2,), 'class_labels': (2,), 'train_labels': (2,), 'n_missing_train': 0, 'n_missing_valid': 0, 'sample_weight': None}
2026-02-24 07:43:35.228 - INFO - 44 - azureml.training.tabular.score._scoring_utilities.__init__:522 - No positive_label provided but detected a binary classification task
2026-02-24 07:43:35.228 - INFO - 44 - azureml.training.tabular.score._scoring_utilities.__init__:522 - No positive_label provided but detected a binary classification task
2026-02-24 07:43:35.230 - INFO - 44 - azureml.training.tabular.score._validation.log_classification_debug:194 - Classification metrics debug: {'y_test': (125,), 'y_pred_probs': (125, 2), 'unique_y_test': (2,), 'class_labels': (2,), 'train_labels': (2,), 'n_missing_train': 0, 'n_missing_valid': 0, 'sample_weight': None}
2026-02-24 07:43:35.230 - INFO - 44 - azureml.training.tabular.score._validation.log_classification_debug:194 - Classification metrics debug: {'y_test': (125,), 'y_pred_probs': (125, 2), 'unique_y_test': (2,), 'class_labels': (2,), 'train_labels': (2,), 'n_missing_train': 0, 'n_missing_valid': 0, 'sample_weight': None}
2026-02-24 07:43:35.231 - INFO - 44 - azureml.training.tabular.score._scoring_utilities.__init__:522 - No positive_label provided but detected a binary classification task
2026-02-24 07:43:35.231 - INFO - 44 - azureml.training.tabular.score._scoring_utilities.__init__:522 - No positive_label provided but detected a binary classification task
2026-02-24 07:43:35.233 - INFO - 44 - azureml.training.tabular.score._validation.log_classification_debug:194 - Classification metrics debug: {'y_test': (125,), 'y_pred_probs': (125, 2), 'unique_y_test': (2,), 'class_labels': (2,), 'train_labels': (2,), 'n_missing_train': 0, 'n_missing_valid': 0, 'sample_weight': None}
2026-02-24 07:43:35.233 - INFO - 44 - azureml.training.tabular.score._validation.log_classification_debug:194 - Classification metrics debug: {'y_test': (125,), 'y_pred_probs': (125, 2), 'unique_y_test': (2,), 'class_labels': (2,), 'train_labels': (2,), 'n_missing_train': 0, 'n_missing_valid': 0, 'sample_weight': None}
2026-02-24 07:43:35.234 - INFO - 44 - azureml.training.tabular.score._scoring_utilities.__init__:522 - No positive_label provided but detected a binary classification task
2026-02-24 07:43:35.234 - INFO - 44 - azureml.training.tabular.score._scoring_utilities.__init__:522 - No positive_label provided but detected a binary classification task
2026-02-24 07:43:35.236 - INFO - 44 - azureml.training.tabular.score._validation.log_classification_debug:194 - Classification metrics debug: {'y_test': (126,), 'y_pred_probs': (126, 2), 'unique_y_test': (2,), 'class_labels': (2,), 'train_labels': (2,), 'n_missing_train': 0, 'n_missing_valid': 0, 'sample_weight': None}
2026-02-24 07:43:35.236 - INFO - 44 - azureml.training.tabular.score._validation.log_classification_debug:194 - Classification metrics debug: {'y_test': (126,), 'y_pred_probs': (126, 2), 'unique_y_test': (2,), 'class_labels': (2,), 'train_labels': (2,), 'n_missing_train': 0, 'n_missing_valid': 0, 'sample_weight': None}
2026-02-24 07:43:35.237 - INFO - 44 - azureml.training.tabular.score._scoring_utilities.__init__:522 - No positive_label provided but detected a binary classification task
2026-02-24 07:43:35.237 - INFO - 44 - azureml.training.tabular.score._scoring_utilities.__init__:522 - No positive_label provided but detected a binary classification task
2026-02-24 07:43:35.239 - INFO - 44 - azureml.training.tabular.score._validation.log_classification_debug:194 - Classification metrics debug: {'y_test': (126,), 'y_pred_probs': (126, 2), 'unique_y_test': (2,), 'class_labels': (2,), 'train_labels': (2,), 'n_missing_train': 0, 'n_missing_valid': 0, 'sample_weight': None}
2026-02-24 07:43:35.239 - INFO - 44 - azureml.training.tabular.score._validation.log_classification_debug:194 - Classification metrics debug: {'y_test': (126,), 'y_pred_probs': (126, 2), 'unique_y_test': (2,), 'class_labels': (2,), 'train_labels': (2,), 'n_missing_train': 0, 'n_missing_valid': 0, 'sample_weight': None}
2026-02-24 07:43:35.239 - INFO - 44 - azureml.training.tabular.score._scoring_utilities.__init__:522 - No positive_label provided but detected a binary classification task
2026-02-24 07:43:35.239 - INFO - 44 - azureml.training.tabular.score._scoring_utilities.__init__:522 - No positive_label provided but detected a binary classification task
2026-02-24 07:43:35.241 - INFO - 44 - azureml.training.tabular.score._validation.log_classification_debug:194 - Classification metrics debug: {'y_test': (126,), 'y_pred_probs': (126, 2), 'unique_y_test': (2,), 'class_labels': (2,), 'train_labels': (2,), 'n_missing_train': 0, 'n_missing_valid': 0, 'sample_weight': None}
2026-02-24 07:43:35.241 - INFO - 44 - azureml.training.tabular.score._validation.log_classification_debug:194 - Classification metrics debug: {'y_test': (126,), 'y_pred_probs': (126, 2), 'unique_y_test': (2,), 'class_labels': (2,), 'train_labels': (2,), 'n_missing_train': 0, 'n_missing_valid': 0, 'sample_weight': None}
2026-02-24 07:43:35.242 - INFO - 44 - azureml.training.tabular.score._scoring_utilities.__init__:522 - No positive_label provided but detected a binary classification task
2026-02-24 07:43:35.242 - INFO - 44 - azureml.training.tabular.score._scoring_utilities.__init__:522 - No positive_label provided but detected a binary classification task
2026-02-24 07:43:35.244 - INFO - 44 - azureml.training.tabular.score._validation.log_classification_debug:194 - Classification metrics debug: {'y_test': (125,), 'y_pred_probs': (125, 2), 'unique_y_test': (2,), 'class_labels': (2,), 'train_labels': (2,), 'n_missing_train': 0, 'n_missing_valid': 0, 'sample_weight': None}
2026-02-24 07:43:35.244 - INFO - 44 - azureml.training.tabular.score._validation.log_classification_debug:194 - Classification metrics debug: {'y_test': (125,), 'y_pred_probs': (125, 2), 'unique_y_test': (2,), 'class_labels': (2,), 'train_labels': (2,), 'n_missing_train': 0, 'n_missing_valid': 0, 'sample_weight': None}
2026-02-24 07:43:35.245 - INFO - 44 - azureml.training.tabular.score._scoring_utilities.__init__:522 - No positive_label provided but detected a binary classification task
2026-02-24 07:43:35.245 - INFO - 44 - azureml.training.tabular.score._scoring_utilities.__init__:522 - No positive_label provided but detected a binary classification task
2026-02-24 07:43:35.247 - INFO - 44 - azureml.training.tabular.score._validation.log_classification_debug:194 - Classification metrics debug: {'y_test': (125,), 'y_pred_probs': (125, 2), 'unique_y_test': (2,), 'class_labels': (2,), 'train_labels': (2,), 'n_missing_train': 0, 'n_missing_valid': 0, 'sample_weight': None}
2026-02-24 07:43:35.247 - INFO - 44 - azureml.training.tabular.score._validation.log_classification_debug:194 - Classification metrics debug: {'y_test': (125,), 'y_pred_probs': (125, 2), 'unique_y_test': (2,), 'class_labels': (2,), 'train_labels': (2,), 'n_missing_train': 0, 'n_missing_valid': 0, 'sample_weight': None}
2026-02-24 07:43:35.248 - INFO - 44 - azureml.training.tabular.score._scoring_utilities.__init__:522 - No positive_label provided but detected a binary classification task
2026-02-24 07:43:35.248 - INFO - 44 - azureml.training.tabular.score._scoring_utilities.__init__:522 - No positive_label provided but detected a binary classification task
2026-02-24 07:43:35.250 - INFO - 44 - azureml.training.tabular.score._validation.log_classification_debug:194 - Classification metrics debug: {'y_test': (126,), 'y_pred_probs': (126, 2), 'unique_y_test': (2,), 'class_labels': (2,), 'train_labels': (2,), 'n_missing_train': 0, 'n_missing_valid': 0, 'sample_weight': None}
2026-02-24 07:43:35.250 - INFO - 44 - azureml.training.tabular.score._validation.log_classification_debug:194 - Classification metrics debug: {'y_test': (126,), 'y_pred_probs': (126, 2), 'unique_y_test': (2,), 'class_labels': (2,), 'train_labels': (2,), 'n_missing_train': 0, 'n_missing_valid': 0, 'sample_weight': None}
2026-02-24 07:43:35.251 - INFO - 44 - azureml.training.tabular.score._scoring_utilities.__init__:522 - No positive_label provided but detected a binary classification task
2026-02-24 07:43:35.251 - INFO - 44 - azureml.training.tabular.score._scoring_utilities.__init__:522 - No positive_label provided but detected a binary classification task
2026-02-24 07:43:35.253 - INFO - 44 - azureml.training.tabular.score._validation.log_classification_debug:194 - Classification metrics debug: {'y_test': (126,), 'y_pred_probs': (126, 2), 'unique_y_test': (2,), 'class_labels': (2,), 'train_labels': (2,), 'n_missing_train': 0, 'n_missing_valid': 0, 'sample_weight': None}
2026-02-24 07:43:35.253 - INFO - 44 - azureml.training.tabular.score._validation.log_classification_debug:194 - Classification metrics debug: {'y_test': (126,), 'y_pred_probs': (126, 2), 'unique_y_test': (2,), 'class_labels': (2,), 'train_labels': (2,), 'n_missing_train': 0, 'n_missing_valid': 0, 'sample_weight': None}
2026-02-24 07:43:35.253 - INFO - 44 - azureml.training.tabular.score._scoring_utilities.__init__:522 - No positive_label provided but detected a binary classification task
2026-02-24 07:43:35.253 - INFO - 44 - azureml.training.tabular.score._scoring_utilities.__init__:522 - No positive_label provided but detected a binary classification task
2026-02-24 07:43:35.255 - INFO - 44 - azureml.training.tabular.score._validation.log_classification_debug:194 - Classification metrics debug: {'y_test': (126,), 'y_pred_probs': (126, 2), 'unique_y_test': (2,), 'class_labels': (2,), 'train_labels': (2,), 'n_missing_train': 0, 'n_missing_valid': 0, 'sample_weight': None}
2026-02-24 07:43:35.255 - INFO - 44 - azureml.training.tabular.score._validation.log_classification_debug:194 - Classification metrics debug: {'y_test': (126,), 'y_pred_probs': (126, 2), 'unique_y_test': (2,), 'class_labels': (2,), 'train_labels': (2,), 'n_missing_train': 0, 'n_missing_valid': 0, 'sample_weight': None}
2026-02-24 07:43:35.256 - INFO - 44 - azureml.training.tabular.score._scoring_utilities.__init__:522 - No positive_label provided but detected a binary classification task
2026-02-24 07:43:35.256 - INFO - 44 - azureml.training.tabular.score._scoring_utilities.__init__:522 - No positive_label provided but detected a binary classification task
2026-02-24 07:43:35.258 - INFO - 44 - azureml.training.tabular.score._validation.log_classification_debug:194 - Classification metrics debug: {'y_test': (125,), 'y_pred_probs': (125, 2), 'unique_y_test': (2,), 'class_labels': (2,), 'train_labels': (2,), 'n_missing_train': 0, 'n_missing_valid': 0, 'sample_weight': None}
2026-02-24 07:43:35.258 - INFO - 44 - azureml.training.tabular.score._validation.log_classification_debug:194 - Classification metrics debug: {'y_test': (125,), 'y_pred_probs': (125, 2), 'unique_y_test': (2,), 'class_labels': (2,), 'train_labels': (2,), 'n_missing_train': 0, 'n_missing_valid': 0, 'sample_weight': None}
2026-02-24 07:43:35.259 - INFO - 44 - azureml.training.tabular.score._scoring_utilities.__init__:522 - No positive_label provided but detected a binary classification task
2026-02-24 07:43:35.259 - INFO - 44 - azureml.training.tabular.score._scoring_utilities.__init__:522 - No positive_label provided but detected a binary classification task
2026-02-24 07:43:35.261 - INFO - 44 - azureml.training.tabular.score._validation.log_classification_debug:194 - Classification metrics debug: {'y_test': (125,), 'y_pred_probs': (125, 2), 'unique_y_test': (2,), 'class_labels': (2,), 'train_labels': (2,), 'n_missing_train': 0, 'n_missing_valid': 0, 'sample_weight': None}
2026-02-24 07:43:35.261 - INFO - 44 - azureml.training.tabular.score._validation.log_classification_debug:194 - Classification metrics debug: {'y_test': (125,), 'y_pred_probs': (125, 2), 'unique_y_test': (2,), 'class_labels': (2,), 'train_labels': (2,), 'n_missing_train': 0, 'n_missing_valid': 0, 'sample_weight': None}
2026-02-24 07:43:35.262 - INFO - 44 - azureml.training.tabular.score._scoring_utilities.__init__:522 - No positive_label provided but detected a binary classification task
2026-02-24 07:43:35.262 - INFO - 44 - azureml.training.tabular.score._scoring_utilities.__init__:522 - No positive_label provided but detected a binary classification task
2026-02-24 07:43:35.264 - INFO - 44 - azureml.training.tabular.score._validation.log_classification_debug:194 - Classification metrics debug: {'y_test': (126,), 'y_pred_probs': (126, 2), 'unique_y_test': (2,), 'class_labels': (2,), 'train_labels': (2,), 'n_missing_train': 0, 'n_missing_valid': 0, 'sample_weight': None}
2026-02-24 07:43:35.264 - INFO - 44 - azureml.training.tabular.score._validation.log_classification_debug:194 - Classification metrics debug: {'y_test': (126,), 'y_pred_probs': (126, 2), 'unique_y_test': (2,), 'class_labels': (2,), 'train_labels': (2,), 'n_missing_train': 0, 'n_missing_valid': 0, 'sample_weight': None}
2026-02-24 07:43:35.265 - INFO - 44 - azureml.training.tabular.score._scoring_utilities.__init__:522 - No positive_label provided but detected a binary classification task
2026-02-24 07:43:35.265 - INFO - 44 - azureml.training.tabular.score._scoring_utilities.__init__:522 - No positive_label provided but detected a binary classification task
2026-02-24 07:43:35.267 - INFO - 44 - azureml.training.tabular.score._validation.log_classification_debug:194 - Classification metrics debug: {'y_test': (126,), 'y_pred_probs': (126, 2), 'unique_y_test': (2,), 'class_labels': (2,), 'train_labels': (2,), 'n_missing_train': 0, 'n_missing_valid': 0, 'sample_weight': None}
2026-02-24 07:43:35.267 - INFO - 44 - azureml.training.tabular.score._validation.log_classification_debug:194 - Classification metrics debug: {'y_test': (126,), 'y_pred_probs': (126, 2), 'unique_y_test': (2,), 'class_labels': (2,), 'train_labels': (2,), 'n_missing_train': 0, 'n_missing_valid': 0, 'sample_weight': None}
2026-02-24 07:43:35.267 - INFO - 44 - azureml.training.tabular.score._scoring_utilities.__init__:522 - No positive_label provided but detected a binary classification task
2026-02-24 07:43:35.267 - INFO - 44 - azureml.training.tabular.score._scoring_utilities.__init__:522 - No positive_label provided but detected a binary classification task
2026-02-24 07:43:35.273 - INFO - 44 - azureml.training.tabular.score._validation.log_classification_debug:194 - Classification metrics debug: {'y_test': (126,), 'y_pred_probs': (126, 2), 'unique_y_test': (2,), 'class_labels': (2,), 'train_labels': (2,), 'n_missing_train': 0, 'n_missing_valid': 0, 'sample_weight': None}
2026-02-24 07:43:35.273 - INFO - 44 - azureml.training.tabular.score._validation.log_classification_debug:194 - Classification metrics debug: {'y_test': (126,), 'y_pred_probs': (126, 2), 'unique_y_test': (2,), 'class_labels': (2,), 'train_labels': (2,), 'n_missing_train': 0, 'n_missing_valid': 0, 'sample_weight': None}
2026-02-24 07:43:35.273 - INFO - 44 - azureml.training.tabular.score._scoring_utilities.__init__:522 - No positive_label provided but detected a binary classification task
2026-02-24 07:43:35.273 - INFO - 44 - azureml.training.tabular.score._scoring_utilities.__init__:522 - No positive_label provided but detected a binary classification task
2026-02-24 07:43:35.278 - INFO - 44 - azureml.training.tabular.score._validation.log_classification_debug:194 - Classification metrics debug: {'y_test': (125,), 'y_pred_probs': (125, 2), 'unique_y_test': (2,), 'class_labels': (2,), 'train_labels': (2,), 'n_missing_train': 0, 'n_missing_valid': 0, 'sample_weight': None}
2026-02-24 07:43:35.278 - INFO - 44 - azureml.training.tabular.score._validation.log_classification_debug:194 - Classification metrics debug: {'y_test': (125,), 'y_pred_probs': (125, 2), 'unique_y_test': (2,), 'class_labels': (2,), 'train_labels': (2,), 'n_missing_train': 0, 'n_missing_valid': 0, 'sample_weight': None}
2026-02-24 07:43:35.279 - INFO - 44 - azureml.training.tabular.score._scoring_utilities.__init__:522 - No positive_label provided but detected a binary classification task
2026-02-24 07:43:35.279 - INFO - 44 - azureml.training.tabular.score._scoring_utilities.__init__:522 - No positive_label provided but detected a binary classification task
2026-02-24 07:43:35.284 - INFO - 44 - azureml.training.tabular.score._validation.log_classification_debug:194 - Classification metrics debug: {'y_test': (125,), 'y_pred_probs': (125, 2), 'unique_y_test': (2,), 'class_labels': (2,), 'train_labels': (2,), 'n_missing_train': 0, 'n_missing_valid': 0, 'sample_weight': None}
2026-02-24 07:43:35.284 - INFO - 44 - azureml.training.tabular.score._validation.log_classification_debug:194 - Classification metrics debug: {'y_test': (125,), 'y_pred_probs': (125, 2), 'unique_y_test': (2,), 'class_labels': (2,), 'train_labels': (2,), 'n_missing_train': 0, 'n_missing_valid': 0, 'sample_weight': None}
2026-02-24 07:43:35.285 - INFO - 44 - azureml.training.tabular.score._scoring_utilities.__init__:522 - No positive_label provided but detected a binary classification task
2026-02-24 07:43:35.285 - INFO - 44 - azureml.training.tabular.score._scoring_utilities.__init__:522 - No positive_label provided but detected a binary classification task
2026-02-24 07:43:35.289 - INFO - 44 - azureml.training.tabular.score._validation.log_classification_debug:194 - Classification metrics debug: {'y_test': (126,), 'y_pred_probs': (126, 2), 'unique_y_test': (2,), 'class_labels': (2,), 'train_labels': (2,), 'n_missing_train': 0, 'n_missing_valid': 0, 'sample_weight': None}
2026-02-24 07:43:35.289 - INFO - 44 - azureml.training.tabular.score._validation.log_classification_debug:194 - Classification metrics debug: {'y_test': (126,), 'y_pred_probs': (126, 2), 'unique_y_test': (2,), 'class_labels': (2,), 'train_labels': (2,), 'n_missing_train': 0, 'n_missing_valid': 0, 'sample_weight': None}
2026-02-24 07:43:35.290 - INFO - 44 - azureml.training.tabular.score._scoring_utilities.__init__:522 - No positive_label provided but detected a binary classification task
2026-02-24 07:43:35.290 - INFO - 44 - azureml.training.tabular.score._scoring_utilities.__init__:522 - No positive_label provided but detected a binary classification task
2026-02-24 07:43:35.292 - INFO - 44 - azureml.training.tabular.score._validation.log_classification_debug:194 - Classification metrics debug: {'y_test': (126,), 'y_pred_probs': (126, 2), 'unique_y_test': (2,), 'class_labels': (2,), 'train_labels': (2,), 'n_missing_train': 0, 'n_missing_valid': 0, 'sample_weight': None}
2026-02-24 07:43:35.292 - INFO - 44 - azureml.training.tabular.score._validation.log_classification_debug:194 - Classification metrics debug: {'y_test': (126,), 'y_pred_probs': (126, 2), 'unique_y_test': (2,), 'class_labels': (2,), 'train_labels': (2,), 'n_missing_train': 0, 'n_missing_valid': 0, 'sample_weight': None}
2026-02-24 07:43:35.293 - INFO - 44 - azureml.training.tabular.score._scoring_utilities.__init__:522 - No positive_label provided but detected a binary classification task
2026-02-24 07:43:35.293 - INFO - 44 - azureml.training.tabular.score._scoring_utilities.__init__:522 - No positive_label provided but detected a binary classification task
2026-02-24 07:43:35.295 - INFO - 44 - azureml.training.tabular.score._validation.log_classification_debug:194 - Classification metrics debug: {'y_test': (126,), 'y_pred_probs': (126, 2), 'unique_y_test': (2,), 'class_labels': (2,), 'train_labels': (2,), 'n_missing_train': 0, 'n_missing_valid': 0, 'sample_weight': None}
2026-02-24 07:43:35.295 - INFO - 44 - azureml.training.tabular.score._validation.log_classification_debug:194 - Classification metrics debug: {'y_test': (126,), 'y_pred_probs': (126, 2), 'unique_y_test': (2,), 'class_labels': (2,), 'train_labels': (2,), 'n_missing_train': 0, 'n_missing_valid': 0, 'sample_weight': None}
2026-02-24 07:43:35.296 - INFO - 44 - azureml.training.tabular.score._scoring_utilities.__init__:522 - No positive_label provided but detected a binary classification task
2026-02-24 07:43:35.296 - INFO - 44 - azureml.training.tabular.score._scoring_utilities.__init__:522 - No positive_label provided but detected a binary classification task
2026-02-24 07:43:35.298 - INFO - 44 - azureml.training.tabular.score._validation.log_classification_debug:194 - Classification metrics debug: {'y_test': (125,), 'y_pred_probs': (125, 2), 'unique_y_test': (2,), 'class_labels': (2,), 'train_labels': (2,), 'n_missing_train': 0, 'n_missing_valid': 0, 'sample_weight': None}
2026-02-24 07:43:35.298 - INFO - 44 - azureml.training.tabular.score._validation.log_classification_debug:194 - Classification metrics debug: {'y_test': (125,), 'y_pred_probs': (125, 2), 'unique_y_test': (2,), 'class_labels': (2,), 'train_labels': (2,), 'n_missing_train': 0, 'n_missing_valid': 0, 'sample_weight': None}
2026-02-24 07:43:35.299 - INFO - 44 - azureml.training.tabular.score._scoring_utilities.__init__:522 - No positive_label provided but detected a binary classification task
2026-02-24 07:43:35.299 - INFO - 44 - azureml.training.tabular.score._scoring_utilities.__init__:522 - No positive_label provided but detected a binary classification task
2026-02-24 07:43:35.301 - INFO - 44 - azureml.training.tabular.score._validation.log_classification_debug:194 - Classification metrics debug: {'y_test': (125,), 'y_pred_probs': (125, 2), 'unique_y_test': (2,), 'class_labels': (2,), 'train_labels': (2,), 'n_missing_train': 0, 'n_missing_valid': 0, 'sample_weight': None}
2026-02-24 07:43:35.301 - INFO - 44 - azureml.training.tabular.score._validation.log_classification_debug:194 - Classification metrics debug: {'y_test': (125,), 'y_pred_probs': (125, 2), 'unique_y_test': (2,), 'class_labels': (2,), 'train_labels': (2,), 'n_missing_train': 0, 'n_missing_valid': 0, 'sample_weight': None}
2026-02-24 07:43:35.301 - INFO - 44 - azureml.training.tabular.score._scoring_utilities.__init__:522 - No positive_label provided but detected a binary classification task
2026-02-24 07:43:35.301 - INFO - 44 - azureml.training.tabular.score._scoring_utilities.__init__:522 - No positive_label provided but detected a binary classification task
2026-02-24 07:43:35.304 - INFO - 44 - azureml.automl.runtime._ml_engine.ensemble.ensemble_selector.select:139 - Single models scores: [0.81051429 0.81051429 0.80095238 0.78341587 0.78337778 0.78025397
 0.76587937 0.74678095]
2026-02-24 07:43:35.304 - INFO - 44 - azureml.automl.runtime._ml_engine.ensemble.ensemble_selector.select:139 - Single models scores: [0.81051429 0.81051429 0.80095238 0.78341587 0.78337778 0.78025397
 0.76587937 0.74678095]
2026-02-24 07:43:35.305 - INFO - 44 - azureml.training.tabular.score._validation.log_classification_debug:194 - Classification metrics debug: {'y_test': (126,), 'y_pred_probs': (126, 2), 'unique_y_test': (2,), 'class_labels': (2,), 'train_labels': (2,), 'n_missing_train': 0, 'n_missing_valid': 0, 'sample_weight': None}
2026-02-24 07:43:35.305 - INFO - 44 - azureml.training.tabular.score._validation.log_classification_debug:194 - Classification metrics debug: {'y_test': (126,), 'y_pred_probs': (126, 2), 'unique_y_test': (2,), 'class_labels': (2,), 'train_labels': (2,), 'n_missing_train': 0, 'n_missing_valid': 0, 'sample_weight': None}
2026-02-24 07:43:35.306 - INFO - 44 - azureml.training.tabular.score._scoring_utilities.__init__:522 - No positive_label provided but detected a binary classification task
2026-02-24 07:43:35.306 - INFO - 44 - azureml.training.tabular.score._scoring_utilities.__init__:522 - No positive_label provided but detected a binary classification task
2026-02-24 07:43:35.308 - INFO - 44 - azureml.training.tabular.score._validation.log_classification_debug:194 - Classification metrics debug: {'y_test': (126,), 'y_pred_probs': (126, 2), 'unique_y_test': (2,), 'class_labels': (2,), 'train_labels': (2,), 'n_missing_train': 0, 'n_missing_valid': 0, 'sample_weight': None}
2026-02-24 07:43:35.308 - INFO - 44 - azureml.training.tabular.score._validation.log_classification_debug:194 - Classification metrics debug: {'y_test': (126,), 'y_pred_probs': (126, 2), 'unique_y_test': (2,), 'class_labels': (2,), 'train_labels': (2,), 'n_missing_train': 0, 'n_missing_valid': 0, 'sample_weight': None}
2026-02-24 07:43:35.308 - INFO - 44 - azureml.training.tabular.score._scoring_utilities.__init__:522 - No positive_label provided but detected a binary classification task
2026-02-24 07:43:35.308 - INFO - 44 - azureml.training.tabular.score._scoring_utilities.__init__:522 - No positive_label provided but detected a binary classification task
2026-02-24 07:43:35.310 - INFO - 44 - azureml.training.tabular.score._validation.log_classification_debug:194 - Classification metrics debug: {'y_test': (126,), 'y_pred_probs': (126, 2), 'unique_y_test': (2,), 'class_labels': (2,), 'train_labels': (2,), 'n_missing_train': 0, 'n_missing_valid': 0, 'sample_weight': None}
2026-02-24 07:43:35.310 - INFO - 44 - azureml.training.tabular.score._validation.log_classification_debug:194 - Classification metrics debug: {'y_test': (126,), 'y_pred_probs': (126, 2), 'unique_y_test': (2,), 'class_labels': (2,), 'train_labels': (2,), 'n_missing_train': 0, 'n_missing_valid': 0, 'sample_weight': None}
2026-02-24 07:43:35.311 - INFO - 44 - azureml.training.tabular.score._scoring_utilities.__init__:522 - No positive_label provided but detected a binary classification task
2026-02-24 07:43:35.311 - INFO - 44 - azureml.training.tabular.score._scoring_utilities.__init__:522 - No positive_label provided but detected a binary classification task
2026-02-24 07:43:35.313 - INFO - 44 - azureml.training.tabular.score._validation.log_classification_debug:194 - Classification metrics debug: {'y_test': (125,), 'y_pred_probs': (125, 2), 'unique_y_test': (2,), 'class_labels': (2,), 'train_labels': (2,), 'n_missing_train': 0, 'n_missing_valid': 0, 'sample_weight': None}
2026-02-24 07:43:35.313 - INFO - 44 - azureml.training.tabular.score._validation.log_classification_debug:194 - Classification metrics debug: {'y_test': (125,), 'y_pred_probs': (125, 2), 'unique_y_test': (2,), 'class_labels': (2,), 'train_labels': (2,), 'n_missing_train': 0, 'n_missing_valid': 0, 'sample_weight': None}
2026-02-24 07:43:35.314 - INFO - 44 - azureml.training.tabular.score._scoring_utilities.__init__:522 - No positive_label provided but detected a binary classification task
2026-02-24 07:43:35.314 - INFO - 44 - azureml.training.tabular.score._scoring_utilities.__init__:522 - No positive_label provided but detected a binary classification task
2026-02-24 07:43:35.316 - INFO - 44 - azureml.training.tabular.score._validation.log_classification_debug:194 - Classification metrics debug: {'y_test': (125,), 'y_pred_probs': (125, 2), 'unique_y_test': (2,), 'class_labels': (2,), 'train_labels': (2,), 'n_missing_train': 0, 'n_missing_valid': 0, 'sample_weight': None}
2026-02-24 07:43:35.316 - INFO - 44 - azureml.training.tabular.score._validation.log_classification_debug:194 - Classification metrics debug: {'y_test': (125,), 'y_pred_probs': (125, 2), 'unique_y_test': (2,), 'class_labels': (2,), 'train_labels': (2,), 'n_missing_train': 0, 'n_missing_valid': 0, 'sample_weight': None}
2026-02-24 07:43:35.317 - INFO - 44 - azureml.training.tabular.score._scoring_utilities.__init__:522 - No positive_label provided but detected a binary classification task
2026-02-24 07:43:35.317 - INFO - 44 - azureml.training.tabular.score._scoring_utilities.__init__:522 - No positive_label provided but detected a binary classification task
2026-02-24 07:43:35.319 - INFO - 44 - azureml.automl.runtime._ml_engine.ensemble.ensemble_selector.select:170 - Starting ensemble hill climbing. Current ensemble: [0, 1, 2, 3, 4], current score: 0.8089142857142857
2026-02-24 07:43:35.319 - INFO - 44 - azureml.automl.runtime._ml_engine.ensemble.ensemble_selector.select:170 - Starting ensemble hill climbing. Current ensemble: [0, 1, 2, 3, 4], current score: 0.8089142857142857
2026-02-24 07:43:35.319 - INFO - 44 - azureml.training.tabular.score._validation.log_classification_debug:194 - Classification metrics debug: {'y_test': (126,), 'y_pred_probs': (126, 2), 'unique_y_test': (2,), 'class_labels': (2,), 'train_labels': (2,), 'n_missing_train': 0, 'n_missing_valid': 0, 'sample_weight': None}
2026-02-24 07:43:35.319 - INFO - 44 - azureml.training.tabular.score._validation.log_classification_debug:194 - Classification metrics debug: {'y_test': (126,), 'y_pred_probs': (126, 2), 'unique_y_test': (2,), 'class_labels': (2,), 'train_labels': (2,), 'n_missing_train': 0, 'n_missing_valid': 0, 'sample_weight': None}
2026-02-24 07:43:35.320 - INFO - 44 - azureml.training.tabular.score._scoring_utilities.__init__:522 - No positive_label provided but detected a binary classification task
2026-02-24 07:43:35.320 - INFO - 44 - azureml.training.tabular.score._scoring_utilities.__init__:522 - No positive_label provided but detected a binary classification task
2026-02-24 07:43:35.322 - INFO - 44 - azureml.training.tabular.score._validation.log_classification_debug:194 - Classification metrics debug: {'y_test': (126,), 'y_pred_probs': (126, 2), 'unique_y_test': (2,), 'class_labels': (2,), 'train_labels': (2,), 'n_missing_train': 0, 'n_missing_valid': 0, 'sample_weight': None}
2026-02-24 07:43:35.322 - INFO - 44 - azureml.training.tabular.score._validation.log_classification_debug:194 - Classification metrics debug: {'y_test': (126,), 'y_pred_probs': (126, 2), 'unique_y_test': (2,), 'class_labels': (2,), 'train_labels': (2,), 'n_missing_train': 0, 'n_missing_valid': 0, 'sample_weight': None}
2026-02-24 07:43:35.323 - INFO - 44 - azureml.training.tabular.score._scoring_utilities.__init__:522 - No positive_label provided but detected a binary classification task
2026-02-24 07:43:35.323 - INFO - 44 - azureml.training.tabular.score._scoring_utilities.__init__:522 - No positive_label provided but detected a binary classification task
2026-02-24 07:43:35.325 - INFO - 44 - azureml.training.tabular.score._validation.log_classification_debug:194 - Classification metrics debug: {'y_test': (126,), 'y_pred_probs': (126, 2), 'unique_y_test': (2,), 'class_labels': (2,), 'train_labels': (2,), 'n_missing_train': 0, 'n_missing_valid': 0, 'sample_weight': None}
2026-02-24 07:43:35.325 - INFO - 44 - azureml.training.tabular.score._validation.log_classification_debug:194 - Classification metrics debug: {'y_test': (126,), 'y_pred_probs': (126, 2), 'unique_y_test': (2,), 'class_labels': (2,), 'train_labels': (2,), 'n_missing_train': 0, 'n_missing_valid': 0, 'sample_weight': None}
2026-02-24 07:43:35.326 - INFO - 44 - azureml.training.tabular.score._scoring_utilities.__init__:522 - No positive_label provided but detected a binary classification task
2026-02-24 07:43:35.326 - INFO - 44 - azureml.training.tabular.score._scoring_utilities.__init__:522 - No positive_label provided but detected a binary classification task
2026-02-24 07:43:35.328 - INFO - 44 - azureml.training.tabular.score._validation.log_classification_debug:194 - Classification metrics debug: {'y_test': (125,), 'y_pred_probs': (125, 2), 'unique_y_test': (2,), 'class_labels': (2,), 'train_labels': (2,), 'n_missing_train': 0, 'n_missing_valid': 0, 'sample_weight': None}
2026-02-24 07:43:35.328 - INFO - 44 - azureml.training.tabular.score._validation.log_classification_debug:194 - Classification metrics debug: {'y_test': (125,), 'y_pred_probs': (125, 2), 'unique_y_test': (2,), 'class_labels': (2,), 'train_labels': (2,), 'n_missing_train': 0, 'n_missing_valid': 0, 'sample_weight': None}
2026-02-24 07:43:35.329 - INFO - 44 - azureml.training.tabular.score._scoring_utilities.__init__:522 - No positive_label provided but detected a binary classification task
2026-02-24 07:43:35.329 - INFO - 44 - azureml.training.tabular.score._scoring_utilities.__init__:522 - No positive_label provided but detected a binary classification task
2026-02-24 07:43:35.331 - INFO - 44 - azureml.training.tabular.score._validation.log_classification_debug:194 - Classification metrics debug: {'y_test': (125,), 'y_pred_probs': (125, 2), 'unique_y_test': (2,), 'class_labels': (2,), 'train_labels': (2,), 'n_missing_train': 0, 'n_missing_valid': 0, 'sample_weight': None}
2026-02-24 07:43:35.331 - INFO - 44 - azureml.training.tabular.score._validation.log_classification_debug:194 - Classification metrics debug: {'y_test': (125,), 'y_pred_probs': (125, 2), 'unique_y_test': (2,), 'class_labels': (2,), 'train_labels': (2,), 'n_missing_train': 0, 'n_missing_valid': 0, 'sample_weight': None}
2026-02-24 07:43:35.332 - INFO - 44 - azureml.training.tabular.score._scoring_utilities.__init__:522 - No positive_label provided but detected a binary classification task
2026-02-24 07:43:35.332 - INFO - 44 - azureml.training.tabular.score._scoring_utilities.__init__:522 - No positive_label provided but detected a binary classification task
2026-02-24 07:43:35.334 - INFO - 44 - azureml.training.tabular.score._validation.log_classification_debug:194 - Classification metrics debug: {'y_test': (126,), 'y_pred_probs': (126, 2), 'unique_y_test': (2,), 'class_labels': (2,), 'train_labels': (2,), 'n_missing_train': 0, 'n_missing_valid': 0, 'sample_weight': None}
2026-02-24 07:43:35.334 - INFO - 44 - azureml.training.tabular.score._validation.log_classification_debug:194 - Classification metrics debug: {'y_test': (126,), 'y_pred_probs': (126, 2), 'unique_y_test': (2,), 'class_labels': (2,), 'train_labels': (2,), 'n_missing_train': 0, 'n_missing_valid': 0, 'sample_weight': None}
2026-02-24 07:43:35.335 - INFO - 44 - azureml.training.tabular.score._scoring_utilities.__init__:522 - No positive_label provided but detected a binary classification task
2026-02-24 07:43:35.335 - INFO - 44 - azureml.training.tabular.score._scoring_utilities.__init__:522 - No positive_label provided but detected a binary classification task
2026-02-24 07:43:35.337 - INFO - 44 - azureml.training.tabular.score._validation.log_classification_debug:194 - Classification metrics debug: {'y_test': (126,), 'y_pred_probs': (126, 2), 'unique_y_test': (2,), 'class_labels': (2,), 'train_labels': (2,), 'n_missing_train': 0, 'n_missing_valid': 0, 'sample_weight': None}
2026-02-24 07:43:35.337 - INFO - 44 - azureml.training.tabular.score._validation.log_classification_debug:194 - Classification metrics debug: {'y_test': (126,), 'y_pred_probs': (126, 2), 'unique_y_test': (2,), 'class_labels': (2,), 'train_labels': (2,), 'n_missing_train': 0, 'n_missing_valid': 0, 'sample_weight': None}
2026-02-24 07:43:35.338 - INFO - 44 - azureml.training.tabular.score._scoring_utilities.__init__:522 - No positive_label provided but detected a binary classification task
2026-02-24 07:43:35.338 - INFO - 44 - azureml.training.tabular.score._scoring_utilities.__init__:522 - No positive_label provided but detected a binary classification task
2026-02-24 07:43:35.340 - INFO - 44 - azureml.training.tabular.score._validation.log_classification_debug:194 - Classification metrics debug: {'y_test': (126,), 'y_pred_probs': (126, 2), 'unique_y_test': (2,), 'class_labels': (2,), 'train_labels': (2,), 'n_missing_train': 0, 'n_missing_valid': 0, 'sample_weight': None}
2026-02-24 07:43:35.340 - INFO - 44 - azureml.training.tabular.score._validation.log_classification_debug:194 - Classification metrics debug: {'y_test': (126,), 'y_pred_probs': (126, 2), 'unique_y_test': (2,), 'class_labels': (2,), 'train_labels': (2,), 'n_missing_train': 0, 'n_missing_valid': 0, 'sample_weight': None}
2026-02-24 07:43:35.341 - INFO - 44 - azureml.training.tabular.score._scoring_utilities.__init__:522 - No positive_label provided but detected a binary classification task
2026-02-24 07:43:35.341 - INFO - 44 - azureml.training.tabular.score._scoring_utilities.__init__:522 - No positive_label provided but detected a binary classification task
2026-02-24 07:43:35.343 - INFO - 44 - azureml.training.tabular.score._validation.log_classification_debug:194 - Classification metrics debug: {'y_test': (125,), 'y_pred_probs': (125, 2), 'unique_y_test': (2,), 'class_labels': (2,), 'train_labels': (2,), 'n_missing_train': 0, 'n_missing_valid': 0, 'sample_weight': None}
2026-02-24 07:43:35.343 - INFO - 44 - azureml.training.tabular.score._validation.log_classification_debug:194 - Classification metrics debug: {'y_test': (125,), 'y_pred_probs': (125, 2), 'unique_y_test': (2,), 'class_labels': (2,), 'train_labels': (2,), 'n_missing_train': 0, 'n_missing_valid': 0, 'sample_weight': None}
2026-02-24 07:43:35.344 - INFO - 44 - azureml.training.tabular.score._scoring_utilities.__init__:522 - No positive_label provided but detected a binary classification task
2026-02-24 07:43:35.344 - INFO - 44 - azureml.training.tabular.score._scoring_utilities.__init__:522 - No positive_label provided but detected a binary classification task
2026-02-24 07:43:35.346 - INFO - 44 - azureml.training.tabular.score._validation.log_classification_debug:194 - Classification metrics debug: {'y_test': (125,), 'y_pred_probs': (125, 2), 'unique_y_test': (2,), 'class_labels': (2,), 'train_labels': (2,), 'n_missing_train': 0, 'n_missing_valid': 0, 'sample_weight': None}
2026-02-24 07:43:35.346 - INFO - 44 - azureml.training.tabular.score._validation.log_classification_debug:194 - Classification metrics debug: {'y_test': (125,), 'y_pred_probs': (125, 2), 'unique_y_test': (2,), 'class_labels': (2,), 'train_labels': (2,), 'n_missing_train': 0, 'n_missing_valid': 0, 'sample_weight': None}
2026-02-24 07:43:35.346 - INFO - 44 - azureml.training.tabular.score._scoring_utilities.__init__:522 - No positive_label provided but detected a binary classification task
2026-02-24 07:43:35.346 - INFO - 44 - azureml.training.tabular.score._scoring_utilities.__init__:522 - No positive_label provided but detected a binary classification task
2026-02-24 07:43:35.349 - INFO - 44 - azureml.training.tabular.score._validation.log_classification_debug:194 - Classification metrics debug: {'y_test': (126,), 'y_pred_probs': (126, 2), 'unique_y_test': (2,), 'class_labels': (2,), 'train_labels': (2,), 'n_missing_train': 0, 'n_missing_valid': 0, 'sample_weight': None}
2026-02-24 07:43:35.349 - INFO - 44 - azureml.training.tabular.score._validation.log_classification_debug:194 - Classification metrics debug: {'y_test': (126,), 'y_pred_probs': (126, 2), 'unique_y_test': (2,), 'class_labels': (2,), 'train_labels': (2,), 'n_missing_train': 0, 'n_missing_valid': 0, 'sample_weight': None}
2026-02-24 07:43:35.349 - INFO - 44 - azureml.training.tabular.score._scoring_utilities.__init__:522 - No positive_label provided but detected a binary classification task
2026-02-24 07:43:35.349 - INFO - 44 - azureml.training.tabular.score._scoring_utilities.__init__:522 - No positive_label provided but detected a binary classification task
2026-02-24 07:43:35.351 - INFO - 44 - azureml.training.tabular.score._validation.log_classification_debug:194 - Classification metrics debug: {'y_test': (126,), 'y_pred_probs': (126, 2), 'unique_y_test': (2,), 'class_labels': (2,), 'train_labels': (2,), 'n_missing_train': 0, 'n_missing_valid': 0, 'sample_weight': None}
2026-02-24 07:43:35.351 - INFO - 44 - azureml.training.tabular.score._validation.log_classification_debug:194 - Classification metrics debug: {'y_test': (126,), 'y_pred_probs': (126, 2), 'unique_y_test': (2,), 'class_labels': (2,), 'train_labels': (2,), 'n_missing_train': 0, 'n_missing_valid': 0, 'sample_weight': None}
2026-02-24 07:43:35.352 - INFO - 44 - azureml.training.tabular.score._scoring_utilities.__init__:522 - No positive_label provided but detected a binary classification task
2026-02-24 07:43:35.352 - INFO - 44 - azureml.training.tabular.score._scoring_utilities.__init__:522 - No positive_label provided but detected a binary classification task
2026-02-24 07:43:35.354 - INFO - 44 - azureml.training.tabular.score._validation.log_classification_debug:194 - Classification metrics debug: {'y_test': (126,), 'y_pred_probs': (126, 2), 'unique_y_test': (2,), 'class_labels': (2,), 'train_labels': (2,), 'n_missing_train': 0, 'n_missing_valid': 0, 'sample_weight': None}
2026-02-24 07:43:35.354 - INFO - 44 - azureml.training.tabular.score._validation.log_classification_debug:194 - Classification metrics debug: {'y_test': (126,), 'y_pred_probs': (126, 2), 'unique_y_test': (2,), 'class_labels': (2,), 'train_labels': (2,), 'n_missing_train': 0, 'n_missing_valid': 0, 'sample_weight': None}
2026-02-24 07:43:35.355 - INFO - 44 - azureml.training.tabular.score._scoring_utilities.__init__:522 - No positive_label provided but detected a binary classification task
2026-02-24 07:43:35.355 - INFO - 44 - azureml.training.tabular.score._scoring_utilities.__init__:522 - No positive_label provided but detected a binary classification task
2026-02-24 07:43:35.357 - INFO - 44 - azureml.training.tabular.score._validation.log_classification_debug:194 - Classification metrics debug: {'y_test': (125,), 'y_pred_probs': (125, 2), 'unique_y_test': (2,), 'class_labels': (2,), 'train_labels': (2,), 'n_missing_train': 0, 'n_missing_valid': 0, 'sample_weight': None}
2026-02-24 07:43:35.357 - INFO - 44 - azureml.training.tabular.score._validation.log_classification_debug:194 - Classification metrics debug: {'y_test': (125,), 'y_pred_probs': (125, 2), 'unique_y_test': (2,), 'class_labels': (2,), 'train_labels': (2,), 'n_missing_train': 0, 'n_missing_valid': 0, 'sample_weight': None}
2026-02-24 07:43:35.358 - INFO - 44 - azureml.training.tabular.score._scoring_utilities.__init__:522 - No positive_label provided but detected a binary classification task
2026-02-24 07:43:35.358 - INFO - 44 - azureml.training.tabular.score._scoring_utilities.__init__:522 - No positive_label provided but detected a binary classification task
2026-02-24 07:43:35.360 - INFO - 44 - azureml.training.tabular.score._validation.log_classification_debug:194 - Classification metrics debug: {'y_test': (125,), 'y_pred_probs': (125, 2), 'unique_y_test': (2,), 'class_labels': (2,), 'train_labels': (2,), 'n_missing_train': 0, 'n_missing_valid': 0, 'sample_weight': None}
2026-02-24 07:43:35.360 - INFO - 44 - azureml.training.tabular.score._validation.log_classification_debug:194 - Classification metrics debug: {'y_test': (125,), 'y_pred_probs': (125, 2), 'unique_y_test': (2,), 'class_labels': (2,), 'train_labels': (2,), 'n_missing_train': 0, 'n_missing_valid': 0, 'sample_weight': None}
2026-02-24 07:43:35.361 - INFO - 44 - azureml.training.tabular.score._scoring_utilities.__init__:522 - No positive_label provided but detected a binary classification task
2026-02-24 07:43:35.361 - INFO - 44 - azureml.training.tabular.score._scoring_utilities.__init__:522 - No positive_label provided but detected a binary classification task
2026-02-24 07:43:35.363 - INFO - 44 - azureml.training.tabular.score._validation.log_classification_debug:194 - Classification metrics debug: {'y_test': (126,), 'y_pred_probs': (126, 2), 'unique_y_test': (2,), 'class_labels': (2,), 'train_labels': (2,), 'n_missing_train': 0, 'n_missing_valid': 0, 'sample_weight': None}
2026-02-24 07:43:35.363 - INFO - 44 - azureml.training.tabular.score._validation.log_classification_debug:194 - Classification metrics debug: {'y_test': (126,), 'y_pred_probs': (126, 2), 'unique_y_test': (2,), 'class_labels': (2,), 'train_labels': (2,), 'n_missing_train': 0, 'n_missing_valid': 0, 'sample_weight': None}
2026-02-24 07:43:35.364 - INFO - 44 - azureml.training.tabular.score._scoring_utilities.__init__:522 - No positive_label provided but detected a binary classification task
2026-02-24 07:43:35.364 - INFO - 44 - azureml.training.tabular.score._scoring_utilities.__init__:522 - No positive_label provided but detected a binary classification task
2026-02-24 07:43:35.366 - INFO - 44 - azureml.training.tabular.score._validation.log_classification_debug:194 - Classification metrics debug: {'y_test': (126,), 'y_pred_probs': (126, 2), 'unique_y_test': (2,), 'class_labels': (2,), 'train_labels': (2,), 'n_missing_train': 0, 'n_missing_valid': 0, 'sample_weight': None}
2026-02-24 07:43:35.366 - INFO - 44 - azureml.training.tabular.score._validation.log_classification_debug:194 - Classification metrics debug: {'y_test': (126,), 'y_pred_probs': (126, 2), 'unique_y_test': (2,), 'class_labels': (2,), 'train_labels': (2,), 'n_missing_train': 0, 'n_missing_valid': 0, 'sample_weight': None}
2026-02-24 07:43:35.366 - INFO - 44 - azureml.training.tabular.score._scoring_utilities.__init__:522 - No positive_label provided but detected a binary classification task
2026-02-24 07:43:35.366 - INFO - 44 - azureml.training.tabular.score._scoring_utilities.__init__:522 - No positive_label provided but detected a binary classification task
2026-02-24 07:43:35.368 - INFO - 44 - azureml.training.tabular.score._validation.log_classification_debug:194 - Classification metrics debug: {'y_test': (126,), 'y_pred_probs': (126, 2), 'unique_y_test': (2,), 'class_labels': (2,), 'train_labels': (2,), 'n_missing_train': 0, 'n_missing_valid': 0, 'sample_weight': None}
2026-02-24 07:43:35.368 - INFO - 44 - azureml.training.tabular.score._validation.log_classification_debug:194 - Classification metrics debug: {'y_test': (126,), 'y_pred_probs': (126, 2), 'unique_y_test': (2,), 'class_labels': (2,), 'train_labels': (2,), 'n_missing_train': 0, 'n_missing_valid': 0, 'sample_weight': None}
2026-02-24 07:43:35.369 - INFO - 44 - azureml.training.tabular.score._scoring_utilities.__init__:522 - No positive_label provided but detected a binary classification task
2026-02-24 07:43:35.369 - INFO - 44 - azureml.training.tabular.score._scoring_utilities.__init__:522 - No positive_label provided but detected a binary classification task
2026-02-24 07:43:35.371 - INFO - 44 - azureml.training.tabular.score._validation.log_classification_debug:194 - Classification metrics debug: {'y_test': (125,), 'y_pred_probs': (125, 2), 'unique_y_test': (2,), 'class_labels': (2,), 'train_labels': (2,), 'n_missing_train': 0, 'n_missing_valid': 0, 'sample_weight': None}
2026-02-24 07:43:35.371 - INFO - 44 - azureml.training.tabular.score._validation.log_classification_debug:194 - Classification metrics debug: {'y_test': (125,), 'y_pred_probs': (125, 2), 'unique_y_test': (2,), 'class_labels': (2,), 'train_labels': (2,), 'n_missing_train': 0, 'n_missing_valid': 0, 'sample_weight': None}
2026-02-24 07:43:35.372 - INFO - 44 - azureml.training.tabular.score._scoring_utilities.__init__:522 - No positive_label provided but detected a binary classification task
2026-02-24 07:43:35.372 - INFO - 44 - azureml.training.tabular.score._scoring_utilities.__init__:522 - No positive_label provided but detected a binary classification task
2026-02-24 07:43:35.374 - INFO - 44 - azureml.training.tabular.score._validation.log_classification_debug:194 - Classification metrics debug: {'y_test': (125,), 'y_pred_probs': (125, 2), 'unique_y_test': (2,), 'class_labels': (2,), 'train_labels': (2,), 'n_missing_train': 0, 'n_missing_valid': 0, 'sample_weight': None}
2026-02-24 07:43:35.374 - INFO - 44 - azureml.training.tabular.score._validation.log_classification_debug:194 - Classification metrics debug: {'y_test': (125,), 'y_pred_probs': (125, 2), 'unique_y_test': (2,), 'class_labels': (2,), 'train_labels': (2,), 'n_missing_train': 0, 'n_missing_valid': 0, 'sample_weight': None}
2026-02-24 07:43:35.375 - INFO - 44 - azureml.training.tabular.score._scoring_utilities.__init__:522 - No positive_label provided but detected a binary classification task
2026-02-24 07:43:35.375 - INFO - 44 - azureml.training.tabular.score._scoring_utilities.__init__:522 - No positive_label provided but detected a binary classification task
2026-02-24 07:43:35.377 - INFO - 44 - azureml.training.tabular.score._validation.log_classification_debug:194 - Classification metrics debug: {'y_test': (126,), 'y_pred_probs': (126, 2), 'unique_y_test': (2,), 'class_labels': (2,), 'train_labels': (2,), 'n_missing_train': 0, 'n_missing_valid': 0, 'sample_weight': None}
2026-02-24 07:43:35.377 - INFO - 44 - azureml.training.tabular.score._validation.log_classification_debug:194 - Classification metrics debug: {'y_test': (126,), 'y_pred_probs': (126, 2), 'unique_y_test': (2,), 'class_labels': (2,), 'train_labels': (2,), 'n_missing_train': 0, 'n_missing_valid': 0, 'sample_weight': None}
2026-02-24 07:43:35.378 - INFO - 44 - azureml.training.tabular.score._scoring_utilities.__init__:522 - No positive_label provided but detected a binary classification task
2026-02-24 07:43:35.378 - INFO - 44 - azureml.training.tabular.score._scoring_utilities.__init__:522 - No positive_label provided but detected a binary classification task
2026-02-24 07:43:35.380 - INFO - 44 - azureml.training.tabular.score._validation.log_classification_debug:194 - Classification metrics debug: {'y_test': (126,), 'y_pred_probs': (126, 2), 'unique_y_test': (2,), 'class_labels': (2,), 'train_labels': (2,), 'n_missing_train': 0, 'n_missing_valid': 0, 'sample_weight': None}
2026-02-24 07:43:35.380 - INFO - 44 - azureml.training.tabular.score._validation.log_classification_debug:194 - Classification metrics debug: {'y_test': (126,), 'y_pred_probs': (126, 2), 'unique_y_test': (2,), 'class_labels': (2,), 'train_labels': (2,), 'n_missing_train': 0, 'n_missing_valid': 0, 'sample_weight': None}
2026-02-24 07:43:35.381 - INFO - 44 - azureml.training.tabular.score._scoring_utilities.__init__:522 - No positive_label provided but detected a binary classification task
2026-02-24 07:43:35.381 - INFO - 44 - azureml.training.tabular.score._scoring_utilities.__init__:522 - No positive_label provided but detected a binary classification task
2026-02-24 07:43:35.383 - INFO - 44 - azureml.training.tabular.score._validation.log_classification_debug:194 - Classification metrics debug: {'y_test': (126,), 'y_pred_probs': (126, 2), 'unique_y_test': (2,), 'class_labels': (2,), 'train_labels': (2,), 'n_missing_train': 0, 'n_missing_valid': 0, 'sample_weight': None}
2026-02-24 07:43:35.383 - INFO - 44 - azureml.training.tabular.score._validation.log_classification_debug:194 - Classification metrics debug: {'y_test': (126,), 'y_pred_probs': (126, 2), 'unique_y_test': (2,), 'class_labels': (2,), 'train_labels': (2,), 'n_missing_train': 0, 'n_missing_valid': 0, 'sample_weight': None}
2026-02-24 07:43:35.383 - INFO - 44 - azureml.training.tabular.score._scoring_utilities.__init__:522 - No positive_label provided but detected a binary classification task
2026-02-24 07:43:35.383 - INFO - 44 - azureml.training.tabular.score._scoring_utilities.__init__:522 - No positive_label provided but detected a binary classification task
2026-02-24 07:43:35.385 - INFO - 44 - azureml.training.tabular.score._validation.log_classification_debug:194 - Classification metrics debug: {'y_test': (125,), 'y_pred_probs': (125, 2), 'unique_y_test': (2,), 'class_labels': (2,), 'train_labels': (2,), 'n_missing_train': 0, 'n_missing_valid': 0, 'sample_weight': None}
2026-02-24 07:43:35.385 - INFO - 44 - azureml.training.tabular.score._validation.log_classification_debug:194 - Classification metrics debug: {'y_test': (125,), 'y_pred_probs': (125, 2), 'unique_y_test': (2,), 'class_labels': (2,), 'train_labels': (2,), 'n_missing_train': 0, 'n_missing_valid': 0, 'sample_weight': None}
2026-02-24 07:43:35.386 - INFO - 44 - azureml.training.tabular.score._scoring_utilities.__init__:522 - No positive_label provided but detected a binary classification task
2026-02-24 07:43:35.386 - INFO - 44 - azureml.training.tabular.score._scoring_utilities.__init__:522 - No positive_label provided but detected a binary classification task
2026-02-24 07:43:35.388 - INFO - 44 - azureml.training.tabular.score._validation.log_classification_debug:194 - Classification metrics debug: {'y_test': (125,), 'y_pred_probs': (125, 2), 'unique_y_test': (2,), 'class_labels': (2,), 'train_labels': (2,), 'n_missing_train': 0, 'n_missing_valid': 0, 'sample_weight': None}
2026-02-24 07:43:35.388 - INFO - 44 - azureml.training.tabular.score._validation.log_classification_debug:194 - Classification metrics debug: {'y_test': (125,), 'y_pred_probs': (125, 2), 'unique_y_test': (2,), 'class_labels': (2,), 'train_labels': (2,), 'n_missing_train': 0, 'n_missing_valid': 0, 'sample_weight': None}
2026-02-24 07:43:35.389 - INFO - 44 - azureml.training.tabular.score._scoring_utilities.__init__:522 - No positive_label provided but detected a binary classification task
2026-02-24 07:43:35.389 - INFO - 44 - azureml.training.tabular.score._scoring_utilities.__init__:522 - No positive_label provided but detected a binary classification task
2026-02-24 07:43:35.391 - INFO - 44 - azureml.training.tabular.score._validation.log_classification_debug:194 - Classification metrics debug: {'y_test': (126,), 'y_pred_probs': (126, 2), 'unique_y_test': (2,), 'class_labels': (2,), 'train_labels': (2,), 'n_missing_train': 0, 'n_missing_valid': 0, 'sample_weight': None}
2026-02-24 07:43:35.391 - INFO - 44 - azureml.training.tabular.score._validation.log_classification_debug:194 - Classification metrics debug: {'y_test': (126,), 'y_pred_probs': (126, 2), 'unique_y_test': (2,), 'class_labels': (2,), 'train_labels': (2,), 'n_missing_train': 0, 'n_missing_valid': 0, 'sample_weight': None}
2026-02-24 07:43:35.392 - INFO - 44 - azureml.training.tabular.score._scoring_utilities.__init__:522 - No positive_label provided but detected a binary classification task
2026-02-24 07:43:35.392 - INFO - 44 - azureml.training.tabular.score._scoring_utilities.__init__:522 - No positive_label provided but detected a binary classification task
2026-02-24 07:43:35.394 - INFO - 44 - azureml.training.tabular.score._validation.log_classification_debug:194 - Classification metrics debug: {'y_test': (126,), 'y_pred_probs': (126, 2), 'unique_y_test': (2,), 'class_labels': (2,), 'train_labels': (2,), 'n_missing_train': 0, 'n_missing_valid': 0, 'sample_weight': None}
2026-02-24 07:43:35.394 - INFO - 44 - azureml.training.tabular.score._validation.log_classification_debug:194 - Classification metrics debug: {'y_test': (126,), 'y_pred_probs': (126, 2), 'unique_y_test': (2,), 'class_labels': (2,), 'train_labels': (2,), 'n_missing_train': 0, 'n_missing_valid': 0, 'sample_weight': None}
2026-02-24 07:43:35.395 - INFO - 44 - azureml.training.tabular.score._scoring_utilities.__init__:522 - No positive_label provided but detected a binary classification task
2026-02-24 07:43:35.395 - INFO - 44 - azureml.training.tabular.score._scoring_utilities.__init__:522 - No positive_label provided but detected a binary classification task
2026-02-24 07:43:35.397 - INFO - 44 - azureml.training.tabular.score._validation.log_classification_debug:194 - Classification metrics debug: {'y_test': (126,), 'y_pred_probs': (126, 2), 'unique_y_test': (2,), 'class_labels': (2,), 'train_labels': (2,), 'n_missing_train': 0, 'n_missing_valid': 0, 'sample_weight': None}
2026-02-24 07:43:35.397 - INFO - 44 - azureml.training.tabular.score._validation.log_classification_debug:194 - Classification metrics debug: {'y_test': (126,), 'y_pred_probs': (126, 2), 'unique_y_test': (2,), 'class_labels': (2,), 'train_labels': (2,), 'n_missing_train': 0, 'n_missing_valid': 0, 'sample_weight': None}
2026-02-24 07:43:35.398 - INFO - 44 - azureml.training.tabular.score._scoring_utilities.__init__:522 - No positive_label provided but detected a binary classification task
2026-02-24 07:43:35.398 - INFO - 44 - azureml.training.tabular.score._scoring_utilities.__init__:522 - No positive_label provided but detected a binary classification task
2026-02-24 07:43:35.400 - INFO - 44 - azureml.training.tabular.score._validation.log_classification_debug:194 - Classification metrics debug: {'y_test': (125,), 'y_pred_probs': (125, 2), 'unique_y_test': (2,), 'class_labels': (2,), 'train_labels': (2,), 'n_missing_train': 0, 'n_missing_valid': 0, 'sample_weight': None}
2026-02-24 07:43:35.400 - INFO - 44 - azureml.training.tabular.score._validation.log_classification_debug:194 - Classification metrics debug: {'y_test': (125,), 'y_pred_probs': (125, 2), 'unique_y_test': (2,), 'class_labels': (2,), 'train_labels': (2,), 'n_missing_train': 0, 'n_missing_valid': 0, 'sample_weight': None}
2026-02-24 07:43:35.400 - INFO - 44 - azureml.training.tabular.score._scoring_utilities.__init__:522 - No positive_label provided but detected a binary classification task
2026-02-24 07:43:35.400 - INFO - 44 - azureml.training.tabular.score._scoring_utilities.__init__:522 - No positive_label provided but detected a binary classification task
2026-02-24 07:43:35.402 - INFO - 44 - azureml.training.tabular.score._validation.log_classification_debug:194 - Classification metrics debug: {'y_test': (125,), 'y_pred_probs': (125, 2), 'unique_y_test': (2,), 'class_labels': (2,), 'train_labels': (2,), 'n_missing_train': 0, 'n_missing_valid': 0, 'sample_weight': None}
2026-02-24 07:43:35.402 - INFO - 44 - azureml.training.tabular.score._validation.log_classification_debug:194 - Classification metrics debug: {'y_test': (125,), 'y_pred_probs': (125, 2), 'unique_y_test': (2,), 'class_labels': (2,), 'train_labels': (2,), 'n_missing_train': 0, 'n_missing_valid': 0, 'sample_weight': None}
2026-02-24 07:43:35.403 - INFO - 44 - azureml.training.tabular.score._scoring_utilities.__init__:522 - No positive_label provided but detected a binary classification task
2026-02-24 07:43:35.403 - INFO - 44 - azureml.training.tabular.score._scoring_utilities.__init__:522 - No positive_label provided but detected a binary classification task
2026-02-24 07:43:35.405 - INFO - 44 - azureml.training.tabular.score._validation.log_classification_debug:194 - Classification metrics debug: {'y_test': (126,), 'y_pred_probs': (126, 2), 'unique_y_test': (2,), 'class_labels': (2,), 'train_labels': (2,), 'n_missing_train': 0, 'n_missing_valid': 0, 'sample_weight': None}
2026-02-24 07:43:35.405 - INFO - 44 - azureml.training.tabular.score._validation.log_classification_debug:194 - Classification metrics debug: {'y_test': (126,), 'y_pred_probs': (126, 2), 'unique_y_test': (2,), 'class_labels': (2,), 'train_labels': (2,), 'n_missing_train': 0, 'n_missing_valid': 0, 'sample_weight': None}
2026-02-24 07:43:35.406 - INFO - 44 - azureml.training.tabular.score._scoring_utilities.__init__:522 - No positive_label provided but detected a binary classification task
2026-02-24 07:43:35.406 - INFO - 44 - azureml.training.tabular.score._scoring_utilities.__init__:522 - No positive_label provided but detected a binary classification task
2026-02-24 07:43:35.408 - INFO - 44 - azureml.training.tabular.score._validation.log_classification_debug:194 - Classification metrics debug: {'y_test': (126,), 'y_pred_probs': (126, 2), 'unique_y_test': (2,), 'class_labels': (2,), 'train_labels': (2,), 'n_missing_train': 0, 'n_missing_valid': 0, 'sample_weight': None}
2026-02-24 07:43:35.408 - INFO - 44 - azureml.training.tabular.score._validation.log_classification_debug:194 - Classification metrics debug: {'y_test': (126,), 'y_pred_probs': (126, 2), 'unique_y_test': (2,), 'class_labels': (2,), 'train_labels': (2,), 'n_missing_train': 0, 'n_missing_valid': 0, 'sample_weight': None}
2026-02-24 07:43:35.409 - INFO - 44 - azureml.training.tabular.score._scoring_utilities.__init__:522 - No positive_label provided but detected a binary classification task
2026-02-24 07:43:35.409 - INFO - 44 - azureml.training.tabular.score._scoring_utilities.__init__:522 - No positive_label provided but detected a binary classification task
2026-02-24 07:43:35.411 - INFO - 44 - azureml.training.tabular.score._validation.log_classification_debug:194 - Classification metrics debug: {'y_test': (126,), 'y_pred_probs': (126, 2), 'unique_y_test': (2,), 'class_labels': (2,), 'train_labels': (2,), 'n_missing_train': 0, 'n_missing_valid': 0, 'sample_weight': None}
2026-02-24 07:43:35.411 - INFO - 44 - azureml.training.tabular.score._validation.log_classification_debug:194 - Classification metrics debug: {'y_test': (126,), 'y_pred_probs': (126, 2), 'unique_y_test': (2,), 'class_labels': (2,), 'train_labels': (2,), 'n_missing_train': 0, 'n_missing_valid': 0, 'sample_weight': None}
2026-02-24 07:43:35.412 - INFO - 44 - azureml.training.tabular.score._scoring_utilities.__init__:522 - No positive_label provided but detected a binary classification task
2026-02-24 07:43:35.412 - INFO - 44 - azureml.training.tabular.score._scoring_utilities.__init__:522 - No positive_label provided but detected a binary classification task
2026-02-24 07:43:35.414 - INFO - 44 - azureml.training.tabular.score._validation.log_classification_debug:194 - Classification metrics debug: {'y_test': (125,), 'y_pred_probs': (125, 2), 'unique_y_test': (2,), 'class_labels': (2,), 'train_labels': (2,), 'n_missing_train': 0, 'n_missing_valid': 0, 'sample_weight': None}
2026-02-24 07:43:35.414 - INFO - 44 - azureml.training.tabular.score._validation.log_classification_debug:194 - Classification metrics debug: {'y_test': (125,), 'y_pred_probs': (125, 2), 'unique_y_test': (2,), 'class_labels': (2,), 'train_labels': (2,), 'n_missing_train': 0, 'n_missing_valid': 0, 'sample_weight': None}
2026-02-24 07:43:35.415 - INFO - 44 - azureml.training.tabular.score._scoring_utilities.__init__:522 - No positive_label provided but detected a binary classification task
2026-02-24 07:43:35.415 - INFO - 44 - azureml.training.tabular.score._scoring_utilities.__init__:522 - No positive_label provided but detected a binary classification task
2026-02-24 07:43:35.417 - INFO - 44 - azureml.training.tabular.score._validation.log_classification_debug:194 - Classification metrics debug: {'y_test': (125,), 'y_pred_probs': (125, 2), 'unique_y_test': (2,), 'class_labels': (2,), 'train_labels': (2,), 'n_missing_train': 0, 'n_missing_valid': 0, 'sample_weight': None}
2026-02-24 07:43:35.417 - INFO - 44 - azureml.training.tabular.score._validation.log_classification_debug:194 - Classification metrics debug: {'y_test': (125,), 'y_pred_probs': (125, 2), 'unique_y_test': (2,), 'class_labels': (2,), 'train_labels': (2,), 'n_missing_train': 0, 'n_missing_valid': 0, 'sample_weight': None}
2026-02-24 07:43:35.417 - INFO - 44 - azureml.training.tabular.score._scoring_utilities.__init__:522 - No positive_label provided but detected a binary classification task
2026-02-24 07:43:35.417 - INFO - 44 - azureml.training.tabular.score._scoring_utilities.__init__:522 - No positive_label provided but detected a binary classification task
2026-02-24 07:43:35.420 - INFO - 44 - azureml.training.tabular.score._validation.log_classification_debug:194 - Classification metrics debug: {'y_test': (126,), 'y_pred_probs': (126, 2), 'unique_y_test': (2,), 'class_labels': (2,), 'train_labels': (2,), 'n_missing_train': 0, 'n_missing_valid': 0, 'sample_weight': None}
2026-02-24 07:43:35.420 - INFO - 44 - azureml.training.tabular.score._validation.log_classification_debug:194 - Classification metrics debug: {'y_test': (126,), 'y_pred_probs': (126, 2), 'unique_y_test': (2,), 'class_labels': (2,), 'train_labels': (2,), 'n_missing_train': 0, 'n_missing_valid': 0, 'sample_weight': None}
2026-02-24 07:43:35.420 - INFO - 44 - azureml.training.tabular.score._scoring_utilities.__init__:522 - No positive_label provided but detected a binary classification task
2026-02-24 07:43:35.420 - INFO - 44 - azureml.training.tabular.score._scoring_utilities.__init__:522 - No positive_label provided but detected a binary classification task
2026-02-24 07:43:35.422 - INFO - 44 - azureml.training.tabular.score._validation.log_classification_debug:194 - Classification metrics debug: {'y_test': (126,), 'y_pred_probs': (126, 2), 'unique_y_test': (2,), 'class_labels': (2,), 'train_labels': (2,), 'n_missing_train': 0, 'n_missing_valid': 0, 'sample_weight': None}
2026-02-24 07:43:35.422 - INFO - 44 - azureml.training.tabular.score._validation.log_classification_debug:194 - Classification metrics debug: {'y_test': (126,), 'y_pred_probs': (126, 2), 'unique_y_test': (2,), 'class_labels': (2,), 'train_labels': (2,), 'n_missing_train': 0, 'n_missing_valid': 0, 'sample_weight': None}
2026-02-24 07:43:35.423 - INFO - 44 - azureml.training.tabular.score._scoring_utilities.__init__:522 - No positive_label provided but detected a binary classification task
2026-02-24 07:43:35.423 - INFO - 44 - azureml.training.tabular.score._scoring_utilities.__init__:522 - No positive_label provided but detected a binary classification task
2026-02-24 07:43:35.425 - INFO - 44 - azureml.training.tabular.score._validation.log_classification_debug:194 - Classification metrics debug: {'y_test': (126,), 'y_pred_probs': (126, 2), 'unique_y_test': (2,), 'class_labels': (2,), 'train_labels': (2,), 'n_missing_train': 0, 'n_missing_valid': 0, 'sample_weight': None}
2026-02-24 07:43:35.425 - INFO - 44 - azureml.training.tabular.score._validation.log_classification_debug:194 - Classification metrics debug: {'y_test': (126,), 'y_pred_probs': (126, 2), 'unique_y_test': (2,), 'class_labels': (2,), 'train_labels': (2,), 'n_missing_train': 0, 'n_missing_valid': 0, 'sample_weight': None}
2026-02-24 07:43:35.426 - INFO - 44 - azureml.training.tabular.score._scoring_utilities.__init__:522 - No positive_label provided but detected a binary classification task
2026-02-24 07:43:35.426 - INFO - 44 - azureml.training.tabular.score._scoring_utilities.__init__:522 - No positive_label provided but detected a binary classification task
2026-02-24 07:43:35.428 - INFO - 44 - azureml.training.tabular.score._validation.log_classification_debug:194 - Classification metrics debug: {'y_test': (125,), 'y_pred_probs': (125, 2), 'unique_y_test': (2,), 'class_labels': (2,), 'train_labels': (2,), 'n_missing_train': 0, 'n_missing_valid': 0, 'sample_weight': None}
2026-02-24 07:43:35.428 - INFO - 44 - azureml.training.tabular.score._validation.log_classification_debug:194 - Classification metrics debug: {'y_test': (125,), 'y_pred_probs': (125, 2), 'unique_y_test': (2,), 'class_labels': (2,), 'train_labels': (2,), 'n_missing_train': 0, 'n_missing_valid': 0, 'sample_weight': None}
2026-02-24 07:43:35.429 - INFO - 44 - azureml.training.tabular.score._scoring_utilities.__init__:522 - No positive_label provided but detected a binary classification task
2026-02-24 07:43:35.429 - INFO - 44 - azureml.training.tabular.score._scoring_utilities.__init__:522 - No positive_label provided but detected a binary classification task
2026-02-24 07:43:35.431 - INFO - 44 - azureml.training.tabular.score._validation.log_classification_debug:194 - Classification metrics debug: {'y_test': (125,), 'y_pred_probs': (125, 2), 'unique_y_test': (2,), 'class_labels': (2,), 'train_labels': (2,), 'n_missing_train': 0, 'n_missing_valid': 0, 'sample_weight': None}
2026-02-24 07:43:35.431 - INFO - 44 - azureml.training.tabular.score._validation.log_classification_debug:194 - Classification metrics debug: {'y_test': (125,), 'y_pred_probs': (125, 2), 'unique_y_test': (2,), 'class_labels': (2,), 'train_labels': (2,), 'n_missing_train': 0, 'n_missing_valid': 0, 'sample_weight': None}
2026-02-24 07:43:35.432 - INFO - 44 - azureml.training.tabular.score._scoring_utilities.__init__:522 - No positive_label provided but detected a binary classification task
2026-02-24 07:43:35.432 - INFO - 44 - azureml.training.tabular.score._scoring_utilities.__init__:522 - No positive_label provided but detected a binary classification task
2026-02-24 07:43:35.433 - INFO - 44 - azureml.automl.runtime._ml_engine.ensemble.ensemble_selector.select:204 - Iteration 0, new best ensemble: [0, 1, 2, 3, 4, 0], new best score :0.8121015873015873
2026-02-24 07:43:35.433 - INFO - 44 - azureml.automl.runtime._ml_engine.ensemble.ensemble_selector.select:204 - Iteration 0, new best ensemble: [0, 1, 2, 3, 4, 0], new best score :0.8121015873015873
2026-02-24 07:43:35.434 - INFO - 44 - azureml.training.tabular.score._validation.log_classification_debug:194 - Classification metrics debug: {'y_test': (126,), 'y_pred_probs': (126, 2), 'unique_y_test': (2,), 'class_labels': (2,), 'train_labels': (2,), 'n_missing_train': 0, 'n_missing_valid': 0, 'sample_weight': None}
2026-02-24 07:43:35.434 - INFO - 44 - azureml.training.tabular.score._validation.log_classification_debug:194 - Classification metrics debug: {'y_test': (126,), 'y_pred_probs': (126, 2), 'unique_y_test': (2,), 'class_labels': (2,), 'train_labels': (2,), 'n_missing_train': 0, 'n_missing_valid': 0, 'sample_weight': None}
2026-02-24 07:43:35.435 - INFO - 44 - azureml.training.tabular.score._scoring_utilities.__init__:522 - No positive_label provided but detected a binary classification task
2026-02-24 07:43:35.435 - INFO - 44 - azureml.training.tabular.score._scoring_utilities.__init__:522 - No positive_label provided but detected a binary classification task
2026-02-24 07:43:35.437 - INFO - 44 - azureml.training.tabular.score._validation.log_classification_debug:194 - Classification metrics debug: {'y_test': (126,), 'y_pred_probs': (126, 2), 'unique_y_test': (2,), 'class_labels': (2,), 'train_labels': (2,), 'n_missing_train': 0, 'n_missing_valid': 0, 'sample_weight': None}
2026-02-24 07:43:35.437 - INFO - 44 - azureml.training.tabular.score._validation.log_classification_debug:194 - Classification metrics debug: {'y_test': (126,), 'y_pred_probs': (126, 2), 'unique_y_test': (2,), 'class_labels': (2,), 'train_labels': (2,), 'n_missing_train': 0, 'n_missing_valid': 0, 'sample_weight': None}
2026-02-24 07:43:35.438 - INFO - 44 - azureml.training.tabular.score._scoring_utilities.__init__:522 - No positive_label provided but detected a binary classification task
2026-02-24 07:43:35.438 - INFO - 44 - azureml.training.tabular.score._scoring_utilities.__init__:522 - No positive_label provided but detected a binary classification task
2026-02-24 07:43:35.440 - INFO - 44 - azureml.training.tabular.score._validation.log_classification_debug:194 - Classification metrics debug: {'y_test': (126,), 'y_pred_probs': (126, 2), 'unique_y_test': (2,), 'class_labels': (2,), 'train_labels': (2,), 'n_missing_train': 0, 'n_missing_valid': 0, 'sample_weight': None}
2026-02-24 07:43:35.440 - INFO - 44 - azureml.training.tabular.score._validation.log_classification_debug:194 - Classification metrics debug: {'y_test': (126,), 'y_pred_probs': (126, 2), 'unique_y_test': (2,), 'class_labels': (2,), 'train_labels': (2,), 'n_missing_train': 0, 'n_missing_valid': 0, 'sample_weight': None}
2026-02-24 07:43:35.441 - INFO - 44 - azureml.training.tabular.score._scoring_utilities.__init__:522 - No positive_label provided but detected a binary classification task
2026-02-24 07:43:35.441 - INFO - 44 - azureml.training.tabular.score._scoring_utilities.__init__:522 - No positive_label provided but detected a binary classification task
2026-02-24 07:43:35.442 - INFO - 44 - azureml.training.tabular.score._validation.log_classification_debug:194 - Classification metrics debug: {'y_test': (125,), 'y_pred_probs': (125, 2), 'unique_y_test': (2,), 'class_labels': (2,), 'train_labels': (2,), 'n_missing_train': 0, 'n_missing_valid': 0, 'sample_weight': None}
2026-02-24 07:43:35.442 - INFO - 44 - azureml.training.tabular.score._validation.log_classification_debug:194 - Classification metrics debug: {'y_test': (125,), 'y_pred_probs': (125, 2), 'unique_y_test': (2,), 'class_labels': (2,), 'train_labels': (2,), 'n_missing_train': 0, 'n_missing_valid': 0, 'sample_weight': None}
2026-02-24 07:43:35.443 - INFO - 44 - azureml.training.tabular.score._scoring_utilities.__init__:522 - No positive_label provided but detected a binary classification task
2026-02-24 07:43:35.443 - INFO - 44 - azureml.training.tabular.score._scoring_utilities.__init__:522 - No positive_label provided but detected a binary classification task
2026-02-24 07:43:35.445 - INFO - 44 - azureml.training.tabular.score._validation.log_classification_debug:194 - Classification metrics debug: {'y_test': (125,), 'y_pred_probs': (125, 2), 'unique_y_test': (2,), 'class_labels': (2,), 'train_labels': (2,), 'n_missing_train': 0, 'n_missing_valid': 0, 'sample_weight': None}
2026-02-24 07:43:35.445 - INFO - 44 - azureml.training.tabular.score._validation.log_classification_debug:194 - Classification metrics debug: {'y_test': (125,), 'y_pred_probs': (125, 2), 'unique_y_test': (2,), 'class_labels': (2,), 'train_labels': (2,), 'n_missing_train': 0, 'n_missing_valid': 0, 'sample_weight': None}
2026-02-24 07:43:35.446 - INFO - 44 - azureml.training.tabular.score._scoring_utilities.__init__:522 - No positive_label provided but detected a binary classification task
2026-02-24 07:43:35.446 - INFO - 44 - azureml.training.tabular.score._scoring_utilities.__init__:522 - No positive_label provided but detected a binary classification task
2026-02-24 07:43:35.448 - INFO - 44 - azureml.training.tabular.score._validation.log_classification_debug:194 - Classification metrics debug: {'y_test': (126,), 'y_pred_probs': (126, 2), 'unique_y_test': (2,), 'class_labels': (2,), 'train_labels': (2,), 'n_missing_train': 0, 'n_missing_valid': 0, 'sample_weight': None}
2026-02-24 07:43:35.448 - INFO - 44 - azureml.training.tabular.score._validation.log_classification_debug:194 - Classification metrics debug: {'y_test': (126,), 'y_pred_probs': (126, 2), 'unique_y_test': (2,), 'class_labels': (2,), 'train_labels': (2,), 'n_missing_train': 0, 'n_missing_valid': 0, 'sample_weight': None}
2026-02-24 07:43:35.449 - INFO - 44 - azureml.training.tabular.score._scoring_utilities.__init__:522 - No positive_label provided but detected a binary classification task
2026-02-24 07:43:35.449 - INFO - 44 - azureml.training.tabular.score._scoring_utilities.__init__:522 - No positive_label provided but detected a binary classification task
2026-02-24 07:43:35.451 - INFO - 44 - azureml.training.tabular.score._validation.log_classification_debug:194 - Classification metrics debug: {'y_test': (126,), 'y_pred_probs': (126, 2), 'unique_y_test': (2,), 'class_labels': (2,), 'train_labels': (2,), 'n_missing_train': 0, 'n_missing_valid': 0, 'sample_weight': None}
2026-02-24 07:43:35.451 - INFO - 44 - azureml.training.tabular.score._validation.log_classification_debug:194 - Classification metrics debug: {'y_test': (126,), 'y_pred_probs': (126, 2), 'unique_y_test': (2,), 'class_labels': (2,), 'train_labels': (2,), 'n_missing_train': 0, 'n_missing_valid': 0, 'sample_weight': None}
2026-02-24 07:43:35.452 - INFO - 44 - azureml.training.tabular.score._scoring_utilities.__init__:522 - No positive_label provided but detected a binary classification task
2026-02-24 07:43:35.452 - INFO - 44 - azureml.training.tabular.score._scoring_utilities.__init__:522 - No positive_label provided but detected a binary classification task
2026-02-24 07:43:35.454 - INFO - 44 - azureml.training.tabular.score._validation.log_classification_debug:194 - Classification metrics debug: {'y_test': (126,), 'y_pred_probs': (126, 2), 'unique_y_test': (2,), 'class_labels': (2,), 'train_labels': (2,), 'n_missing_train': 0, 'n_missing_valid': 0, 'sample_weight': None}
2026-02-24 07:43:35.454 - INFO - 44 - azureml.training.tabular.score._validation.log_classification_debug:194 - Classification metrics debug: {'y_test': (126,), 'y_pred_probs': (126, 2), 'unique_y_test': (2,), 'class_labels': (2,), 'train_labels': (2,), 'n_missing_train': 0, 'n_missing_valid': 0, 'sample_weight': None}
2026-02-24 07:43:35.455 - INFO - 44 - azureml.training.tabular.score._scoring_utilities.__init__:522 - No positive_label provided but detected a binary classification task
2026-02-24 07:43:35.455 - INFO - 44 - azureml.training.tabular.score._scoring_utilities.__init__:522 - No positive_label provided but detected a binary classification task
2026-02-24 07:43:35.457 - INFO - 44 - azureml.training.tabular.score._validation.log_classification_debug:194 - Classification metrics debug: {'y_test': (125,), 'y_pred_probs': (125, 2), 'unique_y_test': (2,), 'class_labels': (2,), 'train_labels': (2,), 'n_missing_train': 0, 'n_missing_valid': 0, 'sample_weight': None}
2026-02-24 07:43:35.457 - INFO - 44 - azureml.training.tabular.score._validation.log_classification_debug:194 - Classification metrics debug: {'y_test': (125,), 'y_pred_probs': (125, 2), 'unique_y_test': (2,), 'class_labels': (2,), 'train_labels': (2,), 'n_missing_train': 0, 'n_missing_valid': 0, 'sample_weight': None}
2026-02-24 07:43:35.457 - INFO - 44 - azureml.training.tabular.score._scoring_utilities.__init__:522 - No positive_label provided but detected a binary classification task
2026-02-24 07:43:35.457 - INFO - 44 - azureml.training.tabular.score._scoring_utilities.__init__:522 - No positive_label provided but detected a binary classification task
2026-02-24 07:43:35.459 - INFO - 44 - azureml.training.tabular.score._validation.log_classification_debug:194 - Classification metrics debug: {'y_test': (125,), 'y_pred_probs': (125, 2), 'unique_y_test': (2,), 'class_labels': (2,), 'train_labels': (2,), 'n_missing_train': 0, 'n_missing_valid': 0, 'sample_weight': None}
2026-02-24 07:43:35.459 - INFO - 44 - azureml.training.tabular.score._validation.log_classification_debug:194 - Classification metrics debug: {'y_test': (125,), 'y_pred_probs': (125, 2), 'unique_y_test': (2,), 'class_labels': (2,), 'train_labels': (2,), 'n_missing_train': 0, 'n_missing_valid': 0, 'sample_weight': None}
2026-02-24 07:43:35.460 - INFO - 44 - azureml.training.tabular.score._scoring_utilities.__init__:522 - No positive_label provided but detected a binary classification task
2026-02-24 07:43:35.460 - INFO - 44 - azureml.training.tabular.score._scoring_utilities.__init__:522 - No positive_label provided but detected a binary classification task
2026-02-24 07:43:35.463 - INFO - 44 - azureml.training.tabular.score._validation.log_classification_debug:194 - Classification metrics debug: {'y_test': (126,), 'y_pred_probs': (126, 2), 'unique_y_test': (2,), 'class_labels': (2,), 'train_labels': (2,), 'n_missing_train': 0, 'n_missing_valid': 0, 'sample_weight': None}
2026-02-24 07:43:35.463 - INFO - 44 - azureml.training.tabular.score._validation.log_classification_debug:194 - Classification metrics debug: {'y_test': (126,), 'y_pred_probs': (126, 2), 'unique_y_test': (2,), 'class_labels': (2,), 'train_labels': (2,), 'n_missing_train': 0, 'n_missing_valid': 0, 'sample_weight': None}
2026-02-24 07:43:35.463 - INFO - 44 - azureml.training.tabular.score._scoring_utilities.__init__:522 - No positive_label provided but detected a binary classification task
2026-02-24 07:43:35.463 - INFO - 44 - azureml.training.tabular.score._scoring_utilities.__init__:522 - No positive_label provided but detected a binary classification task
2026-02-24 07:43:35.465 - INFO - 44 - azureml.training.tabular.score._validation.log_classification_debug:194 - Classification metrics debug: {'y_test': (126,), 'y_pred_probs': (126, 2), 'unique_y_test': (2,), 'class_labels': (2,), 'train_labels': (2,), 'n_missing_train': 0, 'n_missing_valid': 0, 'sample_weight': None}
2026-02-24 07:43:35.465 - INFO - 44 - azureml.training.tabular.score._validation.log_classification_debug:194 - Classification metrics debug: {'y_test': (126,), 'y_pred_probs': (126, 2), 'unique_y_test': (2,), 'class_labels': (2,), 'train_labels': (2,), 'n_missing_train': 0, 'n_missing_valid': 0, 'sample_weight': None}
2026-02-24 07:43:35.466 - INFO - 44 - azureml.training.tabular.score._scoring_utilities.__init__:522 - No positive_label provided but detected a binary classification task
2026-02-24 07:43:35.466 - INFO - 44 - azureml.training.tabular.score._scoring_utilities.__init__:522 - No positive_label provided but detected a binary classification task
2026-02-24 07:43:35.468 - INFO - 44 - azureml.training.tabular.score._validation.log_classification_debug:194 - Classification metrics debug: {'y_test': (126,), 'y_pred_probs': (126, 2), 'unique_y_test': (2,), 'class_labels': (2,), 'train_labels': (2,), 'n_missing_train': 0, 'n_missing_valid': 0, 'sample_weight': None}
2026-02-24 07:43:35.468 - INFO - 44 - azureml.training.tabular.score._validation.log_classification_debug:194 - Classification metrics debug: {'y_test': (126,), 'y_pred_probs': (126, 2), 'unique_y_test': (2,), 'class_labels': (2,), 'train_labels': (2,), 'n_missing_train': 0, 'n_missing_valid': 0, 'sample_weight': None}
2026-02-24 07:43:35.469 - INFO - 44 - azureml.training.tabular.score._scoring_utilities.__init__:522 - No positive_label provided but detected a binary classification task
2026-02-24 07:43:35.469 - INFO - 44 - azureml.training.tabular.score._scoring_utilities.__init__:522 - No positive_label provided but detected a binary classification task
2026-02-24 07:43:35.471 - INFO - 44 - azureml.training.tabular.score._validation.log_classification_debug:194 - Classification metrics debug: {'y_test': (125,), 'y_pred_probs': (125, 2), 'unique_y_test': (2,), 'class_labels': (2,), 'train_labels': (2,), 'n_missing_train': 0, 'n_missing_valid': 0, 'sample_weight': None}
2026-02-24 07:43:35.471 - INFO - 44 - azureml.training.tabular.score._validation.log_classification_debug:194 - Classification metrics debug: {'y_test': (125,), 'y_pred_probs': (125, 2), 'unique_y_test': (2,), 'class_labels': (2,), 'train_labels': (2,), 'n_missing_train': 0, 'n_missing_valid': 0, 'sample_weight': None}
2026-02-24 07:43:35.472 - INFO - 44 - azureml.training.tabular.score._scoring_utilities.__init__:522 - No positive_label provided but detected a binary classification task
2026-02-24 07:43:35.472 - INFO - 44 - azureml.training.tabular.score._scoring_utilities.__init__:522 - No positive_label provided but detected a binary classification task
2026-02-24 07:43:35.474 - INFO - 44 - azureml.training.tabular.score._validation.log_classification_debug:194 - Classification metrics debug: {'y_test': (125,), 'y_pred_probs': (125, 2), 'unique_y_test': (2,), 'class_labels': (2,), 'train_labels': (2,), 'n_missing_train': 0, 'n_missing_valid': 0, 'sample_weight': None}
2026-02-24 07:43:35.474 - INFO - 44 - azureml.training.tabular.score._validation.log_classification_debug:194 - Classification metrics debug: {'y_test': (125,), 'y_pred_probs': (125, 2), 'unique_y_test': (2,), 'class_labels': (2,), 'train_labels': (2,), 'n_missing_train': 0, 'n_missing_valid': 0, 'sample_weight': None}
2026-02-24 07:43:35.474 - INFO - 44 - azureml.training.tabular.score._scoring_utilities.__init__:522 - No positive_label provided but detected a binary classification task
2026-02-24 07:43:35.474 - INFO - 44 - azureml.training.tabular.score._scoring_utilities.__init__:522 - No positive_label provided but detected a binary classification task
2026-02-24 07:43:35.477 - INFO - 44 - azureml.training.tabular.score._validation.log_classification_debug:194 - Classification metrics debug: {'y_test': (126,), 'y_pred_probs': (126, 2), 'unique_y_test': (2,), 'class_labels': (2,), 'train_labels': (2,), 'n_missing_train': 0, 'n_missing_valid': 0, 'sample_weight': None}
2026-02-24 07:43:35.477 - INFO - 44 - azureml.training.tabular.score._validation.log_classification_debug:194 - Classification metrics debug: {'y_test': (126,), 'y_pred_probs': (126, 2), 'unique_y_test': (2,), 'class_labels': (2,), 'train_labels': (2,), 'n_missing_train': 0, 'n_missing_valid': 0, 'sample_weight': None}
2026-02-24 07:43:35.477 - INFO - 44 - azureml.training.tabular.score._scoring_utilities.__init__:522 - No positive_label provided but detected a binary classification task
2026-02-24 07:43:35.477 - INFO - 44 - azureml.training.tabular.score._scoring_utilities.__init__:522 - No positive_label provided but detected a binary classification task
2026-02-24 07:43:35.479 - INFO - 44 - azureml.training.tabular.score._validation.log_classification_debug:194 - Classification metrics debug: {'y_test': (126,), 'y_pred_probs': (126, 2), 'unique_y_test': (2,), 'class_labels': (2,), 'train_labels': (2,), 'n_missing_train': 0, 'n_missing_valid': 0, 'sample_weight': None}
2026-02-24 07:43:35.479 - INFO - 44 - azureml.training.tabular.score._validation.log_classification_debug:194 - Classification metrics debug: {'y_test': (126,), 'y_pred_probs': (126, 2), 'unique_y_test': (2,), 'class_labels': (2,), 'train_labels': (2,), 'n_missing_train': 0, 'n_missing_valid': 0, 'sample_weight': None}
2026-02-24 07:43:35.480 - INFO - 44 - azureml.training.tabular.score._scoring_utilities.__init__:522 - No positive_label provided but detected a binary classification task
2026-02-24 07:43:35.480 - INFO - 44 - azureml.training.tabular.score._scoring_utilities.__init__:522 - No positive_label provided but detected a binary classification task
2026-02-24 07:43:35.482 - INFO - 44 - azureml.training.tabular.score._validation.log_classification_debug:194 - Classification metrics debug: {'y_test': (126,), 'y_pred_probs': (126, 2), 'unique_y_test': (2,), 'class_labels': (2,), 'train_labels': (2,), 'n_missing_train': 0, 'n_missing_valid': 0, 'sample_weight': None}
2026-02-24 07:43:35.482 - INFO - 44 - azureml.training.tabular.score._validation.log_classification_debug:194 - Classification metrics debug: {'y_test': (126,), 'y_pred_probs': (126, 2), 'unique_y_test': (2,), 'class_labels': (2,), 'train_labels': (2,), 'n_missing_train': 0, 'n_missing_valid': 0, 'sample_weight': None}
2026-02-24 07:43:35.483 - INFO - 44 - azureml.training.tabular.score._scoring_utilities.__init__:522 - No positive_label provided but detected a binary classification task
2026-02-24 07:43:35.483 - INFO - 44 - azureml.training.tabular.score._scoring_utilities.__init__:522 - No positive_label provided but detected a binary classification task
2026-02-24 07:43:35.485 - INFO - 44 - azureml.training.tabular.score._validation.log_classification_debug:194 - Classification metrics debug: {'y_test': (125,), 'y_pred_probs': (125, 2), 'unique_y_test': (2,), 'class_labels': (2,), 'train_labels': (2,), 'n_missing_train': 0, 'n_missing_valid': 0, 'sample_weight': None}
2026-02-24 07:43:35.485 - INFO - 44 - azureml.training.tabular.score._validation.log_classification_debug:194 - Classification metrics debug: {'y_test': (125,), 'y_pred_probs': (125, 2), 'unique_y_test': (2,), 'class_labels': (2,), 'train_labels': (2,), 'n_missing_train': 0, 'n_missing_valid': 0, 'sample_weight': None}
2026-02-24 07:43:35.486 - INFO - 44 - azureml.training.tabular.score._scoring_utilities.__init__:522 - No positive_label provided but detected a binary classification task
2026-02-24 07:43:35.486 - INFO - 44 - azureml.training.tabular.score._scoring_utilities.__init__:522 - No positive_label provided but detected a binary classification task
2026-02-24 07:43:35.488 - INFO - 44 - azureml.training.tabular.score._validation.log_classification_debug:194 - Classification metrics debug: {'y_test': (125,), 'y_pred_probs': (125, 2), 'unique_y_test': (2,), 'class_labels': (2,), 'train_labels': (2,), 'n_missing_train': 0, 'n_missing_valid': 0, 'sample_weight': None}
2026-02-24 07:43:35.488 - INFO - 44 - azureml.training.tabular.score._validation.log_classification_debug:194 - Classification metrics debug: {'y_test': (125,), 'y_pred_probs': (125, 2), 'unique_y_test': (2,), 'class_labels': (2,), 'train_labels': (2,), 'n_missing_train': 0, 'n_missing_valid': 0, 'sample_weight': None}
2026-02-24 07:43:35.489 - INFO - 44 - azureml.training.tabular.score._scoring_utilities.__init__:522 - No positive_label provided but detected a binary classification task
2026-02-24 07:43:35.489 - INFO - 44 - azureml.training.tabular.score._scoring_utilities.__init__:522 - No positive_label provided but detected a binary classification task
2026-02-24 07:43:35.491 - INFO - 44 - azureml.training.tabular.score._validation.log_classification_debug:194 - Classification metrics debug: {'y_test': (126,), 'y_pred_probs': (126, 2), 'unique_y_test': (2,), 'class_labels': (2,), 'train_labels': (2,), 'n_missing_train': 0, 'n_missing_valid': 0, 'sample_weight': None}
2026-02-24 07:43:35.491 - INFO - 44 - azureml.training.tabular.score._validation.log_classification_debug:194 - Classification metrics debug: {'y_test': (126,), 'y_pred_probs': (126, 2), 'unique_y_test': (2,), 'class_labels': (2,), 'train_labels': (2,), 'n_missing_train': 0, 'n_missing_valid': 0, 'sample_weight': None}
2026-02-24 07:43:35.492 - INFO - 44 - azureml.training.tabular.score._scoring_utilities.__init__:522 - No positive_label provided but detected a binary classification task
2026-02-24 07:43:35.492 - INFO - 44 - azureml.training.tabular.score._scoring_utilities.__init__:522 - No positive_label provided but detected a binary classification task
2026-02-24 07:43:35.496 - INFO - 44 - azureml.training.tabular.score._validation.log_classification_debug:194 - Classification metrics debug: {'y_test': (126,), 'y_pred_probs': (126, 2), 'unique_y_test': (2,), 'class_labels': (2,), 'train_labels': (2,), 'n_missing_train': 0, 'n_missing_valid': 0, 'sample_weight': None}
2026-02-24 07:43:35.496 - INFO - 44 - azureml.training.tabular.score._validation.log_classification_debug:194 - Classification metrics debug: {'y_test': (126,), 'y_pred_probs': (126, 2), 'unique_y_test': (2,), 'class_labels': (2,), 'train_labels': (2,), 'n_missing_train': 0, 'n_missing_valid': 0, 'sample_weight': None}
2026-02-24 07:43:35.497 - INFO - 44 - azureml.training.tabular.score._scoring_utilities.__init__:522 - No positive_label provided but detected a binary classification task
2026-02-24 07:43:35.497 - INFO - 44 - azureml.training.tabular.score._scoring_utilities.__init__:522 - No positive_label provided but detected a binary classification task
2026-02-24 07:43:35.499 - INFO - 44 - azureml.training.tabular.score._validation.log_classification_debug:194 - Classification metrics debug: {'y_test': (126,), 'y_pred_probs': (126, 2), 'unique_y_test': (2,), 'class_labels': (2,), 'train_labels': (2,), 'n_missing_train': 0, 'n_missing_valid': 0, 'sample_weight': None}
2026-02-24 07:43:35.499 - INFO - 44 - azureml.training.tabular.score._validation.log_classification_debug:194 - Classification metrics debug: {'y_test': (126,), 'y_pred_probs': (126, 2), 'unique_y_test': (2,), 'class_labels': (2,), 'train_labels': (2,), 'n_missing_train': 0, 'n_missing_valid': 0, 'sample_weight': None}
2026-02-24 07:43:35.500 - INFO - 44 - azureml.training.tabular.score._scoring_utilities.__init__:522 - No positive_label provided but detected a binary classification task
2026-02-24 07:43:35.500 - INFO - 44 - azureml.training.tabular.score._scoring_utilities.__init__:522 - No positive_label provided but detected a binary classification task
2026-02-24 07:43:35.502 - INFO - 44 - azureml.training.tabular.score._validation.log_classification_debug:194 - Classification metrics debug: {'y_test': (125,), 'y_pred_probs': (125, 2), 'unique_y_test': (2,), 'class_labels': (2,), 'train_labels': (2,), 'n_missing_train': 0, 'n_missing_valid': 0, 'sample_weight': None}
2026-02-24 07:43:35.502 - INFO - 44 - azureml.training.tabular.score._validation.log_classification_debug:194 - Classification metrics debug: {'y_test': (125,), 'y_pred_probs': (125, 2), 'unique_y_test': (2,), 'class_labels': (2,), 'train_labels': (2,), 'n_missing_train': 0, 'n_missing_valid': 0, 'sample_weight': None}
2026-02-24 07:43:35.503 - INFO - 44 - azureml.training.tabular.score._scoring_utilities.__init__:522 - No positive_label provided but detected a binary classification task
2026-02-24 07:43:35.503 - INFO - 44 - azureml.training.tabular.score._scoring_utilities.__init__:522 - No positive_label provided but detected a binary classification task
2026-02-24 07:43:35.505 - INFO - 44 - azureml.training.tabular.score._validation.log_classification_debug:194 - Classification metrics debug: {'y_test': (125,), 'y_pred_probs': (125, 2), 'unique_y_test': (2,), 'class_labels': (2,), 'train_labels': (2,), 'n_missing_train': 0, 'n_missing_valid': 0, 'sample_weight': None}
2026-02-24 07:43:35.505 - INFO - 44 - azureml.training.tabular.score._validation.log_classification_debug:194 - Classification metrics debug: {'y_test': (125,), 'y_pred_probs': (125, 2), 'unique_y_test': (2,), 'class_labels': (2,), 'train_labels': (2,), 'n_missing_train': 0, 'n_missing_valid': 0, 'sample_weight': None}
2026-02-24 07:43:35.506 - INFO - 44 - azureml.training.tabular.score._scoring_utilities.__init__:522 - No positive_label provided but detected a binary classification task
2026-02-24 07:43:35.506 - INFO - 44 - azureml.training.tabular.score._scoring_utilities.__init__:522 - No positive_label provided but detected a binary classification task
2026-02-24 07:43:35.508 - INFO - 44 - azureml.training.tabular.score._validation.log_classification_debug:194 - Classification metrics debug: {'y_test': (126,), 'y_pred_probs': (126, 2), 'unique_y_test': (2,), 'class_labels': (2,), 'train_labels': (2,), 'n_missing_train': 0, 'n_missing_valid': 0, 'sample_weight': None}
2026-02-24 07:43:35.508 - INFO - 44 - azureml.training.tabular.score._validation.log_classification_debug:194 - Classification metrics debug: {'y_test': (126,), 'y_pred_probs': (126, 2), 'unique_y_test': (2,), 'class_labels': (2,), 'train_labels': (2,), 'n_missing_train': 0, 'n_missing_valid': 0, 'sample_weight': None}
2026-02-24 07:43:35.509 - INFO - 44 - azureml.training.tabular.score._scoring_utilities.__init__:522 - No positive_label provided but detected a binary classification task
2026-02-24 07:43:35.509 - INFO - 44 - azureml.training.tabular.score._scoring_utilities.__init__:522 - No positive_label provided but detected a binary classification task
2026-02-24 07:43:35.511 - INFO - 44 - azureml.training.tabular.score._validation.log_classification_debug:194 - Classification metrics debug: {'y_test': (126,), 'y_pred_probs': (126, 2), 'unique_y_test': (2,), 'class_labels': (2,), 'train_labels': (2,), 'n_missing_train': 0, 'n_missing_valid': 0, 'sample_weight': None}
2026-02-24 07:43:35.511 - INFO - 44 - azureml.training.tabular.score._validation.log_classification_debug:194 - Classification metrics debug: {'y_test': (126,), 'y_pred_probs': (126, 2), 'unique_y_test': (2,), 'class_labels': (2,), 'train_labels': (2,), 'n_missing_train': 0, 'n_missing_valid': 0, 'sample_weight': None}
2026-02-24 07:43:35.512 - INFO - 44 - azureml.training.tabular.score._scoring_utilities.__init__:522 - No positive_label provided but detected a binary classification task
2026-02-24 07:43:35.512 - INFO - 44 - azureml.training.tabular.score._scoring_utilities.__init__:522 - No positive_label provided but detected a binary classification task
2026-02-24 07:43:35.514 - INFO - 44 - azureml.training.tabular.score._validation.log_classification_debug:194 - Classification metrics debug: {'y_test': (126,), 'y_pred_probs': (126, 2), 'unique_y_test': (2,), 'class_labels': (2,), 'train_labels': (2,), 'n_missing_train': 0, 'n_missing_valid': 0, 'sample_weight': None}
2026-02-24 07:43:35.514 - INFO - 44 - azureml.training.tabular.score._validation.log_classification_debug:194 - Classification metrics debug: {'y_test': (126,), 'y_pred_probs': (126, 2), 'unique_y_test': (2,), 'class_labels': (2,), 'train_labels': (2,), 'n_missing_train': 0, 'n_missing_valid': 0, 'sample_weight': None}
2026-02-24 07:43:35.515 - INFO - 44 - azureml.training.tabular.score._scoring_utilities.__init__:522 - No positive_label provided but detected a binary classification task
2026-02-24 07:43:35.515 - INFO - 44 - azureml.training.tabular.score._scoring_utilities.__init__:522 - No positive_label provided but detected a binary classification task
2026-02-24 07:43:35.517 - INFO - 44 - azureml.training.tabular.score._validation.log_classification_debug:194 - Classification metrics debug: {'y_test': (125,), 'y_pred_probs': (125, 2), 'unique_y_test': (2,), 'class_labels': (2,), 'train_labels': (2,), 'n_missing_train': 0, 'n_missing_valid': 0, 'sample_weight': None}
2026-02-24 07:43:35.517 - INFO - 44 - azureml.training.tabular.score._validation.log_classification_debug:194 - Classification metrics debug: {'y_test': (125,), 'y_pred_probs': (125, 2), 'unique_y_test': (2,), 'class_labels': (2,), 'train_labels': (2,), 'n_missing_train': 0, 'n_missing_valid': 0, 'sample_weight': None}
2026-02-24 07:43:35.517 - INFO - 44 - azureml.training.tabular.score._scoring_utilities.__init__:522 - No positive_label provided but detected a binary classification task
2026-02-24 07:43:35.517 - INFO - 44 - azureml.training.tabular.score._scoring_utilities.__init__:522 - No positive_label provided but detected a binary classification task
2026-02-24 07:43:35.520 - INFO - 44 - azureml.training.tabular.score._validation.log_classification_debug:194 - Classification metrics debug: {'y_test': (125,), 'y_pred_probs': (125, 2), 'unique_y_test': (2,), 'class_labels': (2,), 'train_labels': (2,), 'n_missing_train': 0, 'n_missing_valid': 0, 'sample_weight': None}
2026-02-24 07:43:35.520 - INFO - 44 - azureml.training.tabular.score._validation.log_classification_debug:194 - Classification metrics debug: {'y_test': (125,), 'y_pred_probs': (125, 2), 'unique_y_test': (2,), 'class_labels': (2,), 'train_labels': (2,), 'n_missing_train': 0, 'n_missing_valid': 0, 'sample_weight': None}
2026-02-24 07:43:35.521 - INFO - 44 - azureml.training.tabular.score._scoring_utilities.__init__:522 - No positive_label provided but detected a binary classification task
2026-02-24 07:43:35.521 - INFO - 44 - azureml.training.tabular.score._scoring_utilities.__init__:522 - No positive_label provided but detected a binary classification task
2026-02-24 07:43:35.523 - INFO - 44 - azureml.training.tabular.score._validation.log_classification_debug:194 - Classification metrics debug: {'y_test': (126,), 'y_pred_probs': (126, 2), 'unique_y_test': (2,), 'class_labels': (2,), 'train_labels': (2,), 'n_missing_train': 0, 'n_missing_valid': 0, 'sample_weight': None}
2026-02-24 07:43:35.523 - INFO - 44 - azureml.training.tabular.score._validation.log_classification_debug:194 - Classification metrics debug: {'y_test': (126,), 'y_pred_probs': (126, 2), 'unique_y_test': (2,), 'class_labels': (2,), 'train_labels': (2,), 'n_missing_train': 0, 'n_missing_valid': 0, 'sample_weight': None}
2026-02-24 07:43:35.524 - INFO - 44 - azureml.training.tabular.score._scoring_utilities.__init__:522 - No positive_label provided but detected a binary classification task
2026-02-24 07:43:35.524 - INFO - 44 - azureml.training.tabular.score._scoring_utilities.__init__:522 - No positive_label provided but detected a binary classification task
2026-02-24 07:43:35.526 - INFO - 44 - azureml.training.tabular.score._validation.log_classification_debug:194 - Classification metrics debug: {'y_test': (126,), 'y_pred_probs': (126, 2), 'unique_y_test': (2,), 'class_labels': (2,), 'train_labels': (2,), 'n_missing_train': 0, 'n_missing_valid': 0, 'sample_weight': None}
2026-02-24 07:43:35.526 - INFO - 44 - azureml.training.tabular.score._validation.log_classification_debug:194 - Classification metrics debug: {'y_test': (126,), 'y_pred_probs': (126, 2), 'unique_y_test': (2,), 'class_labels': (2,), 'train_labels': (2,), 'n_missing_train': 0, 'n_missing_valid': 0, 'sample_weight': None}
2026-02-24 07:43:35.527 - INFO - 44 - azureml.training.tabular.score._scoring_utilities.__init__:522 - No positive_label provided but detected a binary classification task
2026-02-24 07:43:35.527 - INFO - 44 - azureml.training.tabular.score._scoring_utilities.__init__:522 - No positive_label provided but detected a binary classification task
2026-02-24 07:43:35.529 - INFO - 44 - azureml.training.tabular.score._validation.log_classification_debug:194 - Classification metrics debug: {'y_test': (126,), 'y_pred_probs': (126, 2), 'unique_y_test': (2,), 'class_labels': (2,), 'train_labels': (2,), 'n_missing_train': 0, 'n_missing_valid': 0, 'sample_weight': None}
2026-02-24 07:43:35.529 - INFO - 44 - azureml.training.tabular.score._validation.log_classification_debug:194 - Classification metrics debug: {'y_test': (126,), 'y_pred_probs': (126, 2), 'unique_y_test': (2,), 'class_labels': (2,), 'train_labels': (2,), 'n_missing_train': 0, 'n_missing_valid': 0, 'sample_weight': None}
2026-02-24 07:43:35.529 - INFO - 44 - azureml.training.tabular.score._scoring_utilities.__init__:522 - No positive_label provided but detected a binary classification task
2026-02-24 07:43:35.529 - INFO - 44 - azureml.training.tabular.score._scoring_utilities.__init__:522 - No positive_label provided but detected a binary classification task
2026-02-24 07:43:35.531 - INFO - 44 - azureml.training.tabular.score._validation.log_classification_debug:194 - Classification metrics debug: {'y_test': (125,), 'y_pred_probs': (125, 2), 'unique_y_test': (2,), 'class_labels': (2,), 'train_labels': (2,), 'n_missing_train': 0, 'n_missing_valid': 0, 'sample_weight': None}
2026-02-24 07:43:35.531 - INFO - 44 - azureml.training.tabular.score._validation.log_classification_debug:194 - Classification metrics debug: {'y_test': (125,), 'y_pred_probs': (125, 2), 'unique_y_test': (2,), 'class_labels': (2,), 'train_labels': (2,), 'n_missing_train': 0, 'n_missing_valid': 0, 'sample_weight': None}
2026-02-24 07:43:35.532 - INFO - 44 - azureml.training.tabular.score._scoring_utilities.__init__:522 - No positive_label provided but detected a binary classification task
2026-02-24 07:43:35.532 - INFO - 44 - azureml.training.tabular.score._scoring_utilities.__init__:522 - No positive_label provided but detected a binary classification task
2026-02-24 07:43:35.534 - INFO - 44 - azureml.training.tabular.score._validation.log_classification_debug:194 - Classification metrics debug: {'y_test': (125,), 'y_pred_probs': (125, 2), 'unique_y_test': (2,), 'class_labels': (2,), 'train_labels': (2,), 'n_missing_train': 0, 'n_missing_valid': 0, 'sample_weight': None}
2026-02-24 07:43:35.534 - INFO - 44 - azureml.training.tabular.score._validation.log_classification_debug:194 - Classification metrics debug: {'y_test': (125,), 'y_pred_probs': (125, 2), 'unique_y_test': (2,), 'class_labels': (2,), 'train_labels': (2,), 'n_missing_train': 0, 'n_missing_valid': 0, 'sample_weight': None}
2026-02-24 07:43:35.535 - INFO - 44 - azureml.training.tabular.score._scoring_utilities.__init__:522 - No positive_label provided but detected a binary classification task
2026-02-24 07:43:35.535 - INFO - 44 - azureml.training.tabular.score._scoring_utilities.__init__:522 - No positive_label provided but detected a binary classification task
2026-02-24 07:43:35.537 - INFO - 44 - azureml.training.tabular.score._validation.log_classification_debug:194 - Classification metrics debug: {'y_test': (126,), 'y_pred_probs': (126, 2), 'unique_y_test': (2,), 'class_labels': (2,), 'train_labels': (2,), 'n_missing_train': 0, 'n_missing_valid': 0, 'sample_weight': None}
2026-02-24 07:43:35.537 - INFO - 44 - azureml.training.tabular.score._validation.log_classification_debug:194 - Classification metrics debug: {'y_test': (126,), 'y_pred_probs': (126, 2), 'unique_y_test': (2,), 'class_labels': (2,), 'train_labels': (2,), 'n_missing_train': 0, 'n_missing_valid': 0, 'sample_weight': None}
2026-02-24 07:43:35.538 - INFO - 44 - azureml.training.tabular.score._scoring_utilities.__init__:522 - No positive_label provided but detected a binary classification task
2026-02-24 07:43:35.538 - INFO - 44 - azureml.training.tabular.score._scoring_utilities.__init__:522 - No positive_label provided but detected a binary classification task
2026-02-24 07:43:35.540 - INFO - 44 - azureml.training.tabular.score._validation.log_classification_debug:194 - Classification metrics debug: {'y_test': (126,), 'y_pred_probs': (126, 2), 'unique_y_test': (2,), 'class_labels': (2,), 'train_labels': (2,), 'n_missing_train': 0, 'n_missing_valid': 0, 'sample_weight': None}
2026-02-24 07:43:35.540 - INFO - 44 - azureml.training.tabular.score._validation.log_classification_debug:194 - Classification metrics debug: {'y_test': (126,), 'y_pred_probs': (126, 2), 'unique_y_test': (2,), 'class_labels': (2,), 'train_labels': (2,), 'n_missing_train': 0, 'n_missing_valid': 0, 'sample_weight': None}
2026-02-24 07:43:35.541 - INFO - 44 - azureml.training.tabular.score._scoring_utilities.__init__:522 - No positive_label provided but detected a binary classification task
2026-02-24 07:43:35.541 - INFO - 44 - azureml.training.tabular.score._scoring_utilities.__init__:522 - No positive_label provided but detected a binary classification task
2026-02-24 07:43:35.543 - INFO - 44 - azureml.training.tabular.score._validation.log_classification_debug:194 - Classification metrics debug: {'y_test': (126,), 'y_pred_probs': (126, 2), 'unique_y_test': (2,), 'class_labels': (2,), 'train_labels': (2,), 'n_missing_train': 0, 'n_missing_valid': 0, 'sample_weight': None}
2026-02-24 07:43:35.543 - INFO - 44 - azureml.training.tabular.score._validation.log_classification_debug:194 - Classification metrics debug: {'y_test': (126,), 'y_pred_probs': (126, 2), 'unique_y_test': (2,), 'class_labels': (2,), 'train_labels': (2,), 'n_missing_train': 0, 'n_missing_valid': 0, 'sample_weight': None}
2026-02-24 07:43:35.544 - INFO - 44 - azureml.training.tabular.score._scoring_utilities.__init__:522 - No positive_label provided but detected a binary classification task
2026-02-24 07:43:35.544 - INFO - 44 - azureml.training.tabular.score._scoring_utilities.__init__:522 - No positive_label provided but detected a binary classification task
2026-02-24 07:43:35.546 - INFO - 44 - azureml.training.tabular.score._validation.log_classification_debug:194 - Classification metrics debug: {'y_test': (125,), 'y_pred_probs': (125, 2), 'unique_y_test': (2,), 'class_labels': (2,), 'train_labels': (2,), 'n_missing_train': 0, 'n_missing_valid': 0, 'sample_weight': None}
2026-02-24 07:43:35.546 - INFO - 44 - azureml.training.tabular.score._validation.log_classification_debug:194 - Classification metrics debug: {'y_test': (125,), 'y_pred_probs': (125, 2), 'unique_y_test': (2,), 'class_labels': (2,), 'train_labels': (2,), 'n_missing_train': 0, 'n_missing_valid': 0, 'sample_weight': None}
2026-02-24 07:43:35.547 - INFO - 44 - azureml.training.tabular.score._scoring_utilities.__init__:522 - No positive_label provided but detected a binary classification task
2026-02-24 07:43:35.547 - INFO - 44 - azureml.training.tabular.score._scoring_utilities.__init__:522 - No positive_label provided but detected a binary classification task
2026-02-24 07:43:35.549 - INFO - 44 - azureml.training.tabular.score._validation.log_classification_debug:194 - Classification metrics debug: {'y_test': (125,), 'y_pred_probs': (125, 2), 'unique_y_test': (2,), 'class_labels': (2,), 'train_labels': (2,), 'n_missing_train': 0, 'n_missing_valid': 0, 'sample_weight': None}
2026-02-24 07:43:35.549 - INFO - 44 - azureml.training.tabular.score._validation.log_classification_debug:194 - Classification metrics debug: {'y_test': (125,), 'y_pred_probs': (125, 2), 'unique_y_test': (2,), 'class_labels': (2,), 'train_labels': (2,), 'n_missing_train': 0, 'n_missing_valid': 0, 'sample_weight': None}
2026-02-24 07:43:35.550 - INFO - 44 - azureml.training.tabular.score._scoring_utilities.__init__:522 - No positive_label provided but detected a binary classification task
2026-02-24 07:43:35.550 - INFO - 44 - azureml.training.tabular.score._scoring_utilities.__init__:522 - No positive_label provided but detected a binary classification task
2026-02-24 07:43:35.552 - INFO - 44 - azureml.automl.runtime._ml_engine.ensemble.ensemble_selector.select:204 - Iteration 1, new best ensemble: [0, 1, 2, 3, 4, 0, 0], new best score :0.8137015873015873
2026-02-24 07:43:35.552 - INFO - 44 - azureml.automl.runtime._ml_engine.ensemble.ensemble_selector.select:204 - Iteration 1, new best ensemble: [0, 1, 2, 3, 4, 0, 0], new best score :0.8137015873015873
2026-02-24 07:43:35.553 - INFO - 44 - azureml.training.tabular.score._validation.log_classification_debug:194 - Classification metrics debug: {'y_test': (126,), 'y_pred_probs': (126, 2), 'unique_y_test': (2,), 'class_labels': (2,), 'train_labels': (2,), 'n_missing_train': 0, 'n_missing_valid': 0, 'sample_weight': None}
2026-02-24 07:43:35.553 - INFO - 44 - azureml.training.tabular.score._validation.log_classification_debug:194 - Classification metrics debug: {'y_test': (126,), 'y_pred_probs': (126, 2), 'unique_y_test': (2,), 'class_labels': (2,), 'train_labels': (2,), 'n_missing_train': 0, 'n_missing_valid': 0, 'sample_weight': None}
2026-02-24 07:43:35.554 - INFO - 44 - azureml.training.tabular.score._scoring_utilities.__init__:522 - No positive_label provided but detected a binary classification task
2026-02-24 07:43:35.554 - INFO - 44 - azureml.training.tabular.score._scoring_utilities.__init__:522 - No positive_label provided but detected a binary classification task
2026-02-24 07:43:35.556 - INFO - 44 - azureml.training.tabular.score._validation.log_classification_debug:194 - Classification metrics debug: {'y_test': (126,), 'y_pred_probs': (126, 2), 'unique_y_test': (2,), 'class_labels': (2,), 'train_labels': (2,), 'n_missing_train': 0, 'n_missing_valid': 0, 'sample_weight': None}
2026-02-24 07:43:35.556 - INFO - 44 - azureml.training.tabular.score._validation.log_classification_debug:194 - Classification metrics debug: {'y_test': (126,), 'y_pred_probs': (126, 2), 'unique_y_test': (2,), 'class_labels': (2,), 'train_labels': (2,), 'n_missing_train': 0, 'n_missing_valid': 0, 'sample_weight': None}
2026-02-24 07:43:35.557 - INFO - 44 - azureml.training.tabular.score._scoring_utilities.__init__:522 - No positive_label provided but detected a binary classification task
2026-02-24 07:43:35.557 - INFO - 44 - azureml.training.tabular.score._scoring_utilities.__init__:522 - No positive_label provided but detected a binary classification task
2026-02-24 07:43:35.559 - INFO - 44 - azureml.training.tabular.score._validation.log_classification_debug:194 - Classification metrics debug: {'y_test': (126,), 'y_pred_probs': (126, 2), 'unique_y_test': (2,), 'class_labels': (2,), 'train_labels': (2,), 'n_missing_train': 0, 'n_missing_valid': 0, 'sample_weight': None}
2026-02-24 07:43:35.559 - INFO - 44 - azureml.training.tabular.score._validation.log_classification_debug:194 - Classification metrics debug: {'y_test': (126,), 'y_pred_probs': (126, 2), 'unique_y_test': (2,), 'class_labels': (2,), 'train_labels': (2,), 'n_missing_train': 0, 'n_missing_valid': 0, 'sample_weight': None}
2026-02-24 07:43:35.559 - INFO - 44 - azureml.training.tabular.score._scoring_utilities.__init__:522 - No positive_label provided but detected a binary classification task
2026-02-24 07:43:35.559 - INFO - 44 - azureml.training.tabular.score._scoring_utilities.__init__:522 - No positive_label provided but detected a binary classification task
2026-02-24 07:43:35.561 - INFO - 44 - azureml.training.tabular.score._validation.log_classification_debug:194 - Classification metrics debug: {'y_test': (125,), 'y_pred_probs': (125, 2), 'unique_y_test': (2,), 'class_labels': (2,), 'train_labels': (2,), 'n_missing_train': 0, 'n_missing_valid': 0, 'sample_weight': None}
2026-02-24 07:43:35.561 - INFO - 44 - azureml.training.tabular.score._validation.log_classification_debug:194 - Classification metrics debug: {'y_test': (125,), 'y_pred_probs': (125, 2), 'unique_y_test': (2,), 'class_labels': (2,), 'train_labels': (2,), 'n_missing_train': 0, 'n_missing_valid': 0, 'sample_weight': None}
2026-02-24 07:43:35.562 - INFO - 44 - azureml.training.tabular.score._scoring_utilities.__init__:522 - No positive_label provided but detected a binary classification task
2026-02-24 07:43:35.562 - INFO - 44 - azureml.training.tabular.score._scoring_utilities.__init__:522 - No positive_label provided but detected a binary classification task
2026-02-24 07:43:35.564 - INFO - 44 - azureml.training.tabular.score._validation.log_classification_debug:194 - Classification metrics debug: {'y_test': (125,), 'y_pred_probs': (125, 2), 'unique_y_test': (2,), 'class_labels': (2,), 'train_labels': (2,), 'n_missing_train': 0, 'n_missing_valid': 0, 'sample_weight': None}
2026-02-24 07:43:35.564 - INFO - 44 - azureml.training.tabular.score._validation.log_classification_debug:194 - Classification metrics debug: {'y_test': (125,), 'y_pred_probs': (125, 2), 'unique_y_test': (2,), 'class_labels': (2,), 'train_labels': (2,), 'n_missing_train': 0, 'n_missing_valid': 0, 'sample_weight': None}
2026-02-24 07:43:35.565 - INFO - 44 - azureml.training.tabular.score._scoring_utilities.__init__:522 - No positive_label provided but detected a binary classification task
2026-02-24 07:43:35.565 - INFO - 44 - azureml.training.tabular.score._scoring_utilities.__init__:522 - No positive_label provided but detected a binary classification task
2026-02-24 07:43:35.567 - INFO - 44 - azureml.training.tabular.score._validation.log_classification_debug:194 - Classification metrics debug: {'y_test': (126,), 'y_pred_probs': (126, 2), 'unique_y_test': (2,), 'class_labels': (2,), 'train_labels': (2,), 'n_missing_train': 0, 'n_missing_valid': 0, 'sample_weight': None}
2026-02-24 07:43:35.567 - INFO - 44 - azureml.training.tabular.score._validation.log_classification_debug:194 - Classification metrics debug: {'y_test': (126,), 'y_pred_probs': (126, 2), 'unique_y_test': (2,), 'class_labels': (2,), 'train_labels': (2,), 'n_missing_train': 0, 'n_missing_valid': 0, 'sample_weight': None}
2026-02-24 07:43:35.568 - INFO - 44 - azureml.training.tabular.score._scoring_utilities.__init__:522 - No positive_label provided but detected a binary classification task
2026-02-24 07:43:35.568 - INFO - 44 - azureml.training.tabular.score._scoring_utilities.__init__:522 - No positive_label provided but detected a binary classification task
2026-02-24 07:43:35.570 - INFO - 44 - azureml.training.tabular.score._validation.log_classification_debug:194 - Classification metrics debug: {'y_test': (126,), 'y_pred_probs': (126, 2), 'unique_y_test': (2,), 'class_labels': (2,), 'train_labels': (2,), 'n_missing_train': 0, 'n_missing_valid': 0, 'sample_weight': None}
2026-02-24 07:43:35.570 - INFO - 44 - azureml.training.tabular.score._validation.log_classification_debug:194 - Classification metrics debug: {'y_test': (126,), 'y_pred_probs': (126, 2), 'unique_y_test': (2,), 'class_labels': (2,), 'train_labels': (2,), 'n_missing_train': 0, 'n_missing_valid': 0, 'sample_weight': None}
2026-02-24 07:43:35.571 - INFO - 44 - azureml.training.tabular.score._scoring_utilities.__init__:522 - No positive_label provided but detected a binary classification task
2026-02-24 07:43:35.571 - INFO - 44 - azureml.training.tabular.score._scoring_utilities.__init__:522 - No positive_label provided but detected a binary classification task
2026-02-24 07:43:35.573 - INFO - 44 - azureml.training.tabular.score._validation.log_classification_debug:194 - Classification metrics debug: {'y_test': (126,), 'y_pred_probs': (126, 2), 'unique_y_test': (2,), 'class_labels': (2,), 'train_labels': (2,), 'n_missing_train': 0, 'n_missing_valid': 0, 'sample_weight': None}
2026-02-24 07:43:35.573 - INFO - 44 - azureml.training.tabular.score._validation.log_classification_debug:194 - Classification metrics debug: {'y_test': (126,), 'y_pred_probs': (126, 2), 'unique_y_test': (2,), 'class_labels': (2,), 'train_labels': (2,), 'n_missing_train': 0, 'n_missing_valid': 0, 'sample_weight': None}
2026-02-24 07:43:35.574 - INFO - 44 - azureml.training.tabular.score._scoring_utilities.__init__:522 - No positive_label provided but detected a binary classification task
2026-02-24 07:43:35.574 - INFO - 44 - azureml.training.tabular.score._scoring_utilities.__init__:522 - No positive_label provided but detected a binary classification task
2026-02-24 07:43:35.576 - INFO - 44 - azureml.training.tabular.score._validation.log_classification_debug:194 - Classification metrics debug: {'y_test': (125,), 'y_pred_probs': (125, 2), 'unique_y_test': (2,), 'class_labels': (2,), 'train_labels': (2,), 'n_missing_train': 0, 'n_missing_valid': 0, 'sample_weight': None}
2026-02-24 07:43:35.576 - INFO - 44 - azureml.training.tabular.score._validation.log_classification_debug:194 - Classification metrics debug: {'y_test': (125,), 'y_pred_probs': (125, 2), 'unique_y_test': (2,), 'class_labels': (2,), 'train_labels': (2,), 'n_missing_train': 0, 'n_missing_valid': 0, 'sample_weight': None}
2026-02-24 07:43:35.576 - INFO - 44 - azureml.training.tabular.score._scoring_utilities.__init__:522 - No positive_label provided but detected a binary classification task
2026-02-24 07:43:35.576 - INFO - 44 - azureml.training.tabular.score._scoring_utilities.__init__:522 - No positive_label provided but detected a binary classification task
2026-02-24 07:43:35.578 - INFO - 44 - azureml.training.tabular.score._validation.log_classification_debug:194 - Classification metrics debug: {'y_test': (125,), 'y_pred_probs': (125, 2), 'unique_y_test': (2,), 'class_labels': (2,), 'train_labels': (2,), 'n_missing_train': 0, 'n_missing_valid': 0, 'sample_weight': None}
2026-02-24 07:43:35.578 - INFO - 44 - azureml.training.tabular.score._validation.log_classification_debug:194 - Classification metrics debug: {'y_test': (125,), 'y_pred_probs': (125, 2), 'unique_y_test': (2,), 'class_labels': (2,), 'train_labels': (2,), 'n_missing_train': 0, 'n_missing_valid': 0, 'sample_weight': None}
2026-02-24 07:43:35.579 - INFO - 44 - azureml.training.tabular.score._scoring_utilities.__init__:522 - No positive_label provided but detected a binary classification task
2026-02-24 07:43:35.579 - INFO - 44 - azureml.training.tabular.score._scoring_utilities.__init__:522 - No positive_label provided but detected a binary classification task
2026-02-24 07:43:35.581 - INFO - 44 - azureml.training.tabular.score._validation.log_classification_debug:194 - Classification metrics debug: {'y_test': (126,), 'y_pred_probs': (126, 2), 'unique_y_test': (2,), 'class_labels': (2,), 'train_labels': (2,), 'n_missing_train': 0, 'n_missing_valid': 0, 'sample_weight': None}
2026-02-24 07:43:35.581 - INFO - 44 - azureml.training.tabular.score._validation.log_classification_debug:194 - Classification metrics debug: {'y_test': (126,), 'y_pred_probs': (126, 2), 'unique_y_test': (2,), 'class_labels': (2,), 'train_labels': (2,), 'n_missing_train': 0, 'n_missing_valid': 0, 'sample_weight': None}
2026-02-24 07:43:35.582 - INFO - 44 - azureml.training.tabular.score._scoring_utilities.__init__:522 - No positive_label provided but detected a binary classification task
2026-02-24 07:43:35.582 - INFO - 44 - azureml.training.tabular.score._scoring_utilities.__init__:522 - No positive_label provided but detected a binary classification task
2026-02-24 07:43:35.584 - INFO - 44 - azureml.training.tabular.score._validation.log_classification_debug:194 - Classification metrics debug: {'y_test': (126,), 'y_pred_probs': (126, 2), 'unique_y_test': (2,), 'class_labels': (2,), 'train_labels': (2,), 'n_missing_train': 0, 'n_missing_valid': 0, 'sample_weight': None}
2026-02-24 07:43:35.584 - INFO - 44 - azureml.training.tabular.score._validation.log_classification_debug:194 - Classification metrics debug: {'y_test': (126,), 'y_pred_probs': (126, 2), 'unique_y_test': (2,), 'class_labels': (2,), 'train_labels': (2,), 'n_missing_train': 0, 'n_missing_valid': 0, 'sample_weight': None}
2026-02-24 07:43:35.585 - INFO - 44 - azureml.training.tabular.score._scoring_utilities.__init__:522 - No positive_label provided but detected a binary classification task
2026-02-24 07:43:35.585 - INFO - 44 - azureml.training.tabular.score._scoring_utilities.__init__:522 - No positive_label provided but detected a binary classification task
2026-02-24 07:43:35.587 - INFO - 44 - azureml.training.tabular.score._validation.log_classification_debug:194 - Classification metrics debug: {'y_test': (126,), 'y_pred_probs': (126, 2), 'unique_y_test': (2,), 'class_labels': (2,), 'train_labels': (2,), 'n_missing_train': 0, 'n_missing_valid': 0, 'sample_weight': None}
2026-02-24 07:43:35.587 - INFO - 44 - azureml.training.tabular.score._validation.log_classification_debug:194 - Classification metrics debug: {'y_test': (126,), 'y_pred_probs': (126, 2), 'unique_y_test': (2,), 'class_labels': (2,), 'train_labels': (2,), 'n_missing_train': 0, 'n_missing_valid': 0, 'sample_weight': None}
2026-02-24 07:43:35.588 - INFO - 44 - azureml.training.tabular.score._scoring_utilities.__init__:522 - No positive_label provided but detected a binary classification task
2026-02-24 07:43:35.588 - INFO - 44 - azureml.training.tabular.score._scoring_utilities.__init__:522 - No positive_label provided but detected a binary classification task
2026-02-24 07:43:35.590 - INFO - 44 - azureml.training.tabular.score._validation.log_classification_debug:194 - Classification metrics debug: {'y_test': (125,), 'y_pred_probs': (125, 2), 'unique_y_test': (2,), 'class_labels': (2,), 'train_labels': (2,), 'n_missing_train': 0, 'n_missing_valid': 0, 'sample_weight': None}
2026-02-24 07:43:35.590 - INFO - 44 - azureml.training.tabular.score._validation.log_classification_debug:194 - Classification metrics debug: {'y_test': (125,), 'y_pred_probs': (125, 2), 'unique_y_test': (2,), 'class_labels': (2,), 'train_labels': (2,), 'n_missing_train': 0, 'n_missing_valid': 0, 'sample_weight': None}
2026-02-24 07:43:35.591 - INFO - 44 - azureml.training.tabular.score._scoring_utilities.__init__:522 - No positive_label provided but detected a binary classification task
2026-02-24 07:43:35.591 - INFO - 44 - azureml.training.tabular.score._scoring_utilities.__init__:522 - No positive_label provided but detected a binary classification task
2026-02-24 07:43:35.593 - INFO - 44 - azureml.training.tabular.score._validation.log_classification_debug:194 - Classification metrics debug: {'y_test': (125,), 'y_pred_probs': (125, 2), 'unique_y_test': (2,), 'class_labels': (2,), 'train_labels': (2,), 'n_missing_train': 0, 'n_missing_valid': 0, 'sample_weight': None}
2026-02-24 07:43:35.593 - INFO - 44 - azureml.training.tabular.score._validation.log_classification_debug:194 - Classification metrics debug: {'y_test': (125,), 'y_pred_probs': (125, 2), 'unique_y_test': (2,), 'class_labels': (2,), 'train_labels': (2,), 'n_missing_train': 0, 'n_missing_valid': 0, 'sample_weight': None}
2026-02-24 07:43:35.593 - INFO - 44 - azureml.training.tabular.score._scoring_utilities.__init__:522 - No positive_label provided but detected a binary classification task
2026-02-24 07:43:35.593 - INFO - 44 - azureml.training.tabular.score._scoring_utilities.__init__:522 - No positive_label provided but detected a binary classification task
2026-02-24 07:43:35.596 - INFO - 44 - azureml.training.tabular.score._validation.log_classification_debug:194 - Classification metrics debug: {'y_test': (126,), 'y_pred_probs': (126, 2), 'unique_y_test': (2,), 'class_labels': (2,), 'train_labels': (2,), 'n_missing_train': 0, 'n_missing_valid': 0, 'sample_weight': None}
2026-02-24 07:43:35.596 - INFO - 44 - azureml.training.tabular.score._validation.log_classification_debug:194 - Classification metrics debug: {'y_test': (126,), 'y_pred_probs': (126, 2), 'unique_y_test': (2,), 'class_labels': (2,), 'train_labels': (2,), 'n_missing_train': 0, 'n_missing_valid': 0, 'sample_weight': None}
2026-02-24 07:43:35.596 - INFO - 44 - azureml.training.tabular.score._scoring_utilities.__init__:522 - No positive_label provided but detected a binary classification task
2026-02-24 07:43:35.596 - INFO - 44 - azureml.training.tabular.score._scoring_utilities.__init__:522 - No positive_label provided but detected a binary classification task
2026-02-24 07:43:35.598 - INFO - 44 - azureml.training.tabular.score._validation.log_classification_debug:194 - Classification metrics debug: {'y_test': (126,), 'y_pred_probs': (126, 2), 'unique_y_test': (2,), 'class_labels': (2,), 'train_labels': (2,), 'n_missing_train': 0, 'n_missing_valid': 0, 'sample_weight': None}
2026-02-24 07:43:35.598 - INFO - 44 - azureml.training.tabular.score._validation.log_classification_debug:194 - Classification metrics debug: {'y_test': (126,), 'y_pred_probs': (126, 2), 'unique_y_test': (2,), 'class_labels': (2,), 'train_labels': (2,), 'n_missing_train': 0, 'n_missing_valid': 0, 'sample_weight': None}
2026-02-24 07:43:35.599 - INFO - 44 - azureml.training.tabular.score._scoring_utilities.__init__:522 - No positive_label provided but detected a binary classification task
2026-02-24 07:43:35.599 - INFO - 44 - azureml.training.tabular.score._scoring_utilities.__init__:522 - No positive_label provided but detected a binary classification task
2026-02-24 07:43:35.601 - INFO - 44 - azureml.training.tabular.score._validation.log_classification_debug:194 - Classification metrics debug: {'y_test': (126,), 'y_pred_probs': (126, 2), 'unique_y_test': (2,), 'class_labels': (2,), 'train_labels': (2,), 'n_missing_train': 0, 'n_missing_valid': 0, 'sample_weight': None}
2026-02-24 07:43:35.601 - INFO - 44 - azureml.training.tabular.score._validation.log_classification_debug:194 - Classification metrics debug: {'y_test': (126,), 'y_pred_probs': (126, 2), 'unique_y_test': (2,), 'class_labels': (2,), 'train_labels': (2,), 'n_missing_train': 0, 'n_missing_valid': 0, 'sample_weight': None}
2026-02-24 07:43:35.602 - INFO - 44 - azureml.training.tabular.score._scoring_utilities.__init__:522 - No positive_label provided but detected a binary classification task
2026-02-24 07:43:35.602 - INFO - 44 - azureml.training.tabular.score._scoring_utilities.__init__:522 - No positive_label provided but detected a binary classification task
2026-02-24 07:43:35.604 - INFO - 44 - azureml.training.tabular.score._validation.log_classification_debug:194 - Classification metrics debug: {'y_test': (125,), 'y_pred_probs': (125, 2), 'unique_y_test': (2,), 'class_labels': (2,), 'train_labels': (2,), 'n_missing_train': 0, 'n_missing_valid': 0, 'sample_weight': None}
2026-02-24 07:43:35.604 - INFO - 44 - azureml.training.tabular.score._validation.log_classification_debug:194 - Classification metrics debug: {'y_test': (125,), 'y_pred_probs': (125, 2), 'unique_y_test': (2,), 'class_labels': (2,), 'train_labels': (2,), 'n_missing_train': 0, 'n_missing_valid': 0, 'sample_weight': None}
2026-02-24 07:43:35.605 - INFO - 44 - azureml.training.tabular.score._scoring_utilities.__init__:522 - No positive_label provided but detected a binary classification task
2026-02-24 07:43:35.605 - INFO - 44 - azureml.training.tabular.score._scoring_utilities.__init__:522 - No positive_label provided but detected a binary classification task
2026-02-24 07:43:35.607 - INFO - 44 - azureml.training.tabular.score._validation.log_classification_debug:194 - Classification metrics debug: {'y_test': (125,), 'y_pred_probs': (125, 2), 'unique_y_test': (2,), 'class_labels': (2,), 'train_labels': (2,), 'n_missing_train': 0, 'n_missing_valid': 0, 'sample_weight': None}
2026-02-24 07:43:35.607 - INFO - 44 - azureml.training.tabular.score._validation.log_classification_debug:194 - Classification metrics debug: {'y_test': (125,), 'y_pred_probs': (125, 2), 'unique_y_test': (2,), 'class_labels': (2,), 'train_labels': (2,), 'n_missing_train': 0, 'n_missing_valid': 0, 'sample_weight': None}
2026-02-24 07:43:35.607 - INFO - 44 - azureml.training.tabular.score._scoring_utilities.__init__:522 - No positive_label provided but detected a binary classification task
2026-02-24 07:43:35.607 - INFO - 44 - azureml.training.tabular.score._scoring_utilities.__init__:522 - No positive_label provided but detected a binary classification task
2026-02-24 07:43:35.610 - INFO - 44 - azureml.training.tabular.score._validation.log_classification_debug:194 - Classification metrics debug: {'y_test': (126,), 'y_pred_probs': (126, 2), 'unique_y_test': (2,), 'class_labels': (2,), 'train_labels': (2,), 'n_missing_train': 0, 'n_missing_valid': 0, 'sample_weight': None}
2026-02-24 07:43:35.610 - INFO - 44 - azureml.training.tabular.score._validation.log_classification_debug:194 - Classification metrics debug: {'y_test': (126,), 'y_pred_probs': (126, 2), 'unique_y_test': (2,), 'class_labels': (2,), 'train_labels': (2,), 'n_missing_train': 0, 'n_missing_valid': 0, 'sample_weight': None}
2026-02-24 07:43:35.610 - INFO - 44 - azureml.training.tabular.score._scoring_utilities.__init__:522 - No positive_label provided but detected a binary classification task
2026-02-24 07:43:35.610 - INFO - 44 - azureml.training.tabular.score._scoring_utilities.__init__:522 - No positive_label provided but detected a binary classification task
2026-02-24 07:43:35.612 - INFO - 44 - azureml.training.tabular.score._validation.log_classification_debug:194 - Classification metrics debug: {'y_test': (126,), 'y_pred_probs': (126, 2), 'unique_y_test': (2,), 'class_labels': (2,), 'train_labels': (2,), 'n_missing_train': 0, 'n_missing_valid': 0, 'sample_weight': None}
2026-02-24 07:43:35.612 - INFO - 44 - azureml.training.tabular.score._validation.log_classification_debug:194 - Classification metrics debug: {'y_test': (126,), 'y_pred_probs': (126, 2), 'unique_y_test': (2,), 'class_labels': (2,), 'train_labels': (2,), 'n_missing_train': 0, 'n_missing_valid': 0, 'sample_weight': None}
2026-02-24 07:43:35.613 - INFO - 44 - azureml.training.tabular.score._scoring_utilities.__init__:522 - No positive_label provided but detected a binary classification task
2026-02-24 07:43:35.613 - INFO - 44 - azureml.training.tabular.score._scoring_utilities.__init__:522 - No positive_label provided but detected a binary classification task
2026-02-24 07:43:35.615 - INFO - 44 - azureml.training.tabular.score._validation.log_classification_debug:194 - Classification metrics debug: {'y_test': (126,), 'y_pred_probs': (126, 2), 'unique_y_test': (2,), 'class_labels': (2,), 'train_labels': (2,), 'n_missing_train': 0, 'n_missing_valid': 0, 'sample_weight': None}
2026-02-24 07:43:35.615 - INFO - 44 - azureml.training.tabular.score._validation.log_classification_debug:194 - Classification metrics debug: {'y_test': (126,), 'y_pred_probs': (126, 2), 'unique_y_test': (2,), 'class_labels': (2,), 'train_labels': (2,), 'n_missing_train': 0, 'n_missing_valid': 0, 'sample_weight': None}
2026-02-24 07:43:35.616 - INFO - 44 - azureml.training.tabular.score._scoring_utilities.__init__:522 - No positive_label provided but detected a binary classification task
2026-02-24 07:43:35.616 - INFO - 44 - azureml.training.tabular.score._scoring_utilities.__init__:522 - No positive_label provided but detected a binary classification task
2026-02-24 07:43:35.618 - INFO - 44 - azureml.training.tabular.score._validation.log_classification_debug:194 - Classification metrics debug: {'y_test': (125,), 'y_pred_probs': (125, 2), 'unique_y_test': (2,), 'class_labels': (2,), 'train_labels': (2,), 'n_missing_train': 0, 'n_missing_valid': 0, 'sample_weight': None}
2026-02-24 07:43:35.618 - INFO - 44 - azureml.training.tabular.score._validation.log_classification_debug:194 - Classification metrics debug: {'y_test': (125,), 'y_pred_probs': (125, 2), 'unique_y_test': (2,), 'class_labels': (2,), 'train_labels': (2,), 'n_missing_train': 0, 'n_missing_valid': 0, 'sample_weight': None}
2026-02-24 07:43:35.619 - INFO - 44 - azureml.training.tabular.score._scoring_utilities.__init__:522 - No positive_label provided but detected a binary classification task
2026-02-24 07:43:35.619 - INFO - 44 - azureml.training.tabular.score._scoring_utilities.__init__:522 - No positive_label provided but detected a binary classification task
2026-02-24 07:43:35.621 - INFO - 44 - azureml.training.tabular.score._validation.log_classification_debug:194 - Classification metrics debug: {'y_test': (125,), 'y_pred_probs': (125, 2), 'unique_y_test': (2,), 'class_labels': (2,), 'train_labels': (2,), 'n_missing_train': 0, 'n_missing_valid': 0, 'sample_weight': None}
2026-02-24 07:43:35.621 - INFO - 44 - azureml.training.tabular.score._validation.log_classification_debug:194 - Classification metrics debug: {'y_test': (125,), 'y_pred_probs': (125, 2), 'unique_y_test': (2,), 'class_labels': (2,), 'train_labels': (2,), 'n_missing_train': 0, 'n_missing_valid': 0, 'sample_weight': None}
2026-02-24 07:43:35.622 - INFO - 44 - azureml.training.tabular.score._scoring_utilities.__init__:522 - No positive_label provided but detected a binary classification task
2026-02-24 07:43:35.622 - INFO - 44 - azureml.training.tabular.score._scoring_utilities.__init__:522 - No positive_label provided but detected a binary classification task
2026-02-24 07:43:35.624 - INFO - 44 - azureml.training.tabular.score._validation.log_classification_debug:194 - Classification metrics debug: {'y_test': (126,), 'y_pred_probs': (126, 2), 'unique_y_test': (2,), 'class_labels': (2,), 'train_labels': (2,), 'n_missing_train': 0, 'n_missing_valid': 0, 'sample_weight': None}
2026-02-24 07:43:35.624 - INFO - 44 - azureml.training.tabular.score._validation.log_classification_debug:194 - Classification metrics debug: {'y_test': (126,), 'y_pred_probs': (126, 2), 'unique_y_test': (2,), 'class_labels': (2,), 'train_labels': (2,), 'n_missing_train': 0, 'n_missing_valid': 0, 'sample_weight': None}
2026-02-24 07:43:35.625 - INFO - 44 - azureml.training.tabular.score._scoring_utilities.__init__:522 - No positive_label provided but detected a binary classification task
2026-02-24 07:43:35.625 - INFO - 44 - azureml.training.tabular.score._scoring_utilities.__init__:522 - No positive_label provided but detected a binary classification task
2026-02-24 07:43:35.627 - INFO - 44 - azureml.training.tabular.score._validation.log_classification_debug:194 - Classification metrics debug: {'y_test': (126,), 'y_pred_probs': (126, 2), 'unique_y_test': (2,), 'class_labels': (2,), 'train_labels': (2,), 'n_missing_train': 0, 'n_missing_valid': 0, 'sample_weight': None}
2026-02-24 07:43:35.627 - INFO - 44 - azureml.training.tabular.score._validation.log_classification_debug:194 - Classification metrics debug: {'y_test': (126,), 'y_pred_probs': (126, 2), 'unique_y_test': (2,), 'class_labels': (2,), 'train_labels': (2,), 'n_missing_train': 0, 'n_missing_valid': 0, 'sample_weight': None}
2026-02-24 07:43:35.627 - INFO - 44 - azureml.training.tabular.score._scoring_utilities.__init__:522 - No positive_label provided but detected a binary classification task
2026-02-24 07:43:35.627 - INFO - 44 - azureml.training.tabular.score._scoring_utilities.__init__:522 - No positive_label provided but detected a binary classification task
2026-02-24 07:43:35.630 - INFO - 44 - azureml.training.tabular.score._validation.log_classification_debug:194 - Classification metrics debug: {'y_test': (126,), 'y_pred_probs': (126, 2), 'unique_y_test': (2,), 'class_labels': (2,), 'train_labels': (2,), 'n_missing_train': 0, 'n_missing_valid': 0, 'sample_weight': None}
2026-02-24 07:43:35.630 - INFO - 44 - azureml.training.tabular.score._validation.log_classification_debug:194 - Classification metrics debug: {'y_test': (126,), 'y_pred_probs': (126, 2), 'unique_y_test': (2,), 'class_labels': (2,), 'train_labels': (2,), 'n_missing_train': 0, 'n_missing_valid': 0, 'sample_weight': None}
2026-02-24 07:43:35.631 - INFO - 44 - azureml.training.tabular.score._scoring_utilities.__init__:522 - No positive_label provided but detected a binary classification task
2026-02-24 07:43:35.631 - INFO - 44 - azureml.training.tabular.score._scoring_utilities.__init__:522 - No positive_label provided but detected a binary classification task
2026-02-24 07:43:35.633 - INFO - 44 - azureml.training.tabular.score._validation.log_classification_debug:194 - Classification metrics debug: {'y_test': (125,), 'y_pred_probs': (125, 2), 'unique_y_test': (2,), 'class_labels': (2,), 'train_labels': (2,), 'n_missing_train': 0, 'n_missing_valid': 0, 'sample_weight': None}
2026-02-24 07:43:35.633 - INFO - 44 - azureml.training.tabular.score._validation.log_classification_debug:194 - Classification metrics debug: {'y_test': (125,), 'y_pred_probs': (125, 2), 'unique_y_test': (2,), 'class_labels': (2,), 'train_labels': (2,), 'n_missing_train': 0, 'n_missing_valid': 0, 'sample_weight': None}
2026-02-24 07:43:35.634 - INFO - 44 - azureml.training.tabular.score._scoring_utilities.__init__:522 - No positive_label provided but detected a binary classification task
2026-02-24 07:43:35.634 - INFO - 44 - azureml.training.tabular.score._scoring_utilities.__init__:522 - No positive_label provided but detected a binary classification task
2026-02-24 07:43:35.636 - INFO - 44 - azureml.training.tabular.score._validation.log_classification_debug:194 - Classification metrics debug: {'y_test': (125,), 'y_pred_probs': (125, 2), 'unique_y_test': (2,), 'class_labels': (2,), 'train_labels': (2,), 'n_missing_train': 0, 'n_missing_valid': 0, 'sample_weight': None}
2026-02-24 07:43:35.636 - INFO - 44 - azureml.training.tabular.score._validation.log_classification_debug:194 - Classification metrics debug: {'y_test': (125,), 'y_pred_probs': (125, 2), 'unique_y_test': (2,), 'class_labels': (2,), 'train_labels': (2,), 'n_missing_train': 0, 'n_missing_valid': 0, 'sample_weight': None}
2026-02-24 07:43:35.637 - INFO - 44 - azureml.training.tabular.score._scoring_utilities.__init__:522 - No positive_label provided but detected a binary classification task
2026-02-24 07:43:35.637 - INFO - 44 - azureml.training.tabular.score._scoring_utilities.__init__:522 - No positive_label provided but detected a binary classification task
2026-02-24 07:43:35.639 - INFO - 44 - azureml.training.tabular.score._validation.log_classification_debug:194 - Classification metrics debug: {'y_test': (126,), 'y_pred_probs': (126, 2), 'unique_y_test': (2,), 'class_labels': (2,), 'train_labels': (2,), 'n_missing_train': 0, 'n_missing_valid': 0, 'sample_weight': None}
2026-02-24 07:43:35.639 - INFO - 44 - azureml.training.tabular.score._validation.log_classification_debug:194 - Classification metrics debug: {'y_test': (126,), 'y_pred_probs': (126, 2), 'unique_y_test': (2,), 'class_labels': (2,), 'train_labels': (2,), 'n_missing_train': 0, 'n_missing_valid': 0, 'sample_weight': None}
2026-02-24 07:43:35.640 - INFO - 44 - azureml.training.tabular.score._scoring_utilities.__init__:522 - No positive_label provided but detected a binary classification task
2026-02-24 07:43:35.640 - INFO - 44 - azureml.training.tabular.score._scoring_utilities.__init__:522 - No positive_label provided but detected a binary classification task
2026-02-24 07:43:35.642 - INFO - 44 - azureml.training.tabular.score._validation.log_classification_debug:194 - Classification metrics debug: {'y_test': (126,), 'y_pred_probs': (126, 2), 'unique_y_test': (2,), 'class_labels': (2,), 'train_labels': (2,), 'n_missing_train': 0, 'n_missing_valid': 0, 'sample_weight': None}
2026-02-24 07:43:35.642 - INFO - 44 - azureml.training.tabular.score._validation.log_classification_debug:194 - Classification metrics debug: {'y_test': (126,), 'y_pred_probs': (126, 2), 'unique_y_test': (2,), 'class_labels': (2,), 'train_labels': (2,), 'n_missing_train': 0, 'n_missing_valid': 0, 'sample_weight': None}
2026-02-24 07:43:35.643 - INFO - 44 - azureml.training.tabular.score._scoring_utilities.__init__:522 - No positive_label provided but detected a binary classification task
2026-02-24 07:43:35.643 - INFO - 44 - azureml.training.tabular.score._scoring_utilities.__init__:522 - No positive_label provided but detected a binary classification task
2026-02-24 07:43:35.645 - INFO - 44 - azureml.training.tabular.score._validation.log_classification_debug:194 - Classification metrics debug: {'y_test': (126,), 'y_pred_probs': (126, 2), 'unique_y_test': (2,), 'class_labels': (2,), 'train_labels': (2,), 'n_missing_train': 0, 'n_missing_valid': 0, 'sample_weight': None}
2026-02-24 07:43:35.645 - INFO - 44 - azureml.training.tabular.score._validation.log_classification_debug:194 - Classification metrics debug: {'y_test': (126,), 'y_pred_probs': (126, 2), 'unique_y_test': (2,), 'class_labels': (2,), 'train_labels': (2,), 'n_missing_train': 0, 'n_missing_valid': 0, 'sample_weight': None}
2026-02-24 07:43:35.645 - INFO - 44 - azureml.training.tabular.score._scoring_utilities.__init__:522 - No positive_label provided but detected a binary classification task
2026-02-24 07:43:35.645 - INFO - 44 - azureml.training.tabular.score._scoring_utilities.__init__:522 - No positive_label provided but detected a binary classification task
2026-02-24 07:43:35.647 - INFO - 44 - azureml.training.tabular.score._validation.log_classification_debug:194 - Classification metrics debug: {'y_test': (125,), 'y_pred_probs': (125, 2), 'unique_y_test': (2,), 'class_labels': (2,), 'train_labels': (2,), 'n_missing_train': 0, 'n_missing_valid': 0, 'sample_weight': None}
2026-02-24 07:43:35.647 - INFO - 44 - azureml.training.tabular.score._validation.log_classification_debug:194 - Classification metrics debug: {'y_test': (125,), 'y_pred_probs': (125, 2), 'unique_y_test': (2,), 'class_labels': (2,), 'train_labels': (2,), 'n_missing_train': 0, 'n_missing_valid': 0, 'sample_weight': None}
2026-02-24 07:43:35.648 - INFO - 44 - azureml.training.tabular.score._scoring_utilities.__init__:522 - No positive_label provided but detected a binary classification task
2026-02-24 07:43:35.648 - INFO - 44 - azureml.training.tabular.score._scoring_utilities.__init__:522 - No positive_label provided but detected a binary classification task
2026-02-24 07:43:35.650 - INFO - 44 - azureml.training.tabular.score._validation.log_classification_debug:194 - Classification metrics debug: {'y_test': (125,), 'y_pred_probs': (125, 2), 'unique_y_test': (2,), 'class_labels': (2,), 'train_labels': (2,), 'n_missing_train': 0, 'n_missing_valid': 0, 'sample_weight': None}
2026-02-24 07:43:35.650 - INFO - 44 - azureml.training.tabular.score._validation.log_classification_debug:194 - Classification metrics debug: {'y_test': (125,), 'y_pred_probs': (125, 2), 'unique_y_test': (2,), 'class_labels': (2,), 'train_labels': (2,), 'n_missing_train': 0, 'n_missing_valid': 0, 'sample_weight': None}
2026-02-24 07:43:35.651 - INFO - 44 - azureml.training.tabular.score._scoring_utilities.__init__:522 - No positive_label provided but detected a binary classification task
2026-02-24 07:43:35.651 - INFO - 44 - azureml.training.tabular.score._scoring_utilities.__init__:522 - No positive_label provided but detected a binary classification task
2026-02-24 07:43:35.653 - INFO - 44 - azureml.training.tabular.score._validation.log_classification_debug:194 - Classification metrics debug: {'y_test': (126,), 'y_pred_probs': (126, 2), 'unique_y_test': (2,), 'class_labels': (2,), 'train_labels': (2,), 'n_missing_train': 0, 'n_missing_valid': 0, 'sample_weight': None}
2026-02-24 07:43:35.653 - INFO - 44 - azureml.training.tabular.score._validation.log_classification_debug:194 - Classification metrics debug: {'y_test': (126,), 'y_pred_probs': (126, 2), 'unique_y_test': (2,), 'class_labels': (2,), 'train_labels': (2,), 'n_missing_train': 0, 'n_missing_valid': 0, 'sample_weight': None}
2026-02-24 07:43:35.654 - INFO - 44 - azureml.training.tabular.score._scoring_utilities.__init__:522 - No positive_label provided but detected a binary classification task
2026-02-24 07:43:35.654 - INFO - 44 - azureml.training.tabular.score._scoring_utilities.__init__:522 - No positive_label provided but detected a binary classification task
2026-02-24 07:43:35.656 - INFO - 44 - azureml.training.tabular.score._validation.log_classification_debug:194 - Classification metrics debug: {'y_test': (126,), 'y_pred_probs': (126, 2), 'unique_y_test': (2,), 'class_labels': (2,), 'train_labels': (2,), 'n_missing_train': 0, 'n_missing_valid': 0, 'sample_weight': None}
2026-02-24 07:43:35.656 - INFO - 44 - azureml.training.tabular.score._validation.log_classification_debug:194 - Classification metrics debug: {'y_test': (126,), 'y_pred_probs': (126, 2), 'unique_y_test': (2,), 'class_labels': (2,), 'train_labels': (2,), 'n_missing_train': 0, 'n_missing_valid': 0, 'sample_weight': None}
2026-02-24 07:43:35.657 - INFO - 44 - azureml.training.tabular.score._scoring_utilities.__init__:522 - No positive_label provided but detected a binary classification task
2026-02-24 07:43:35.657 - INFO - 44 - azureml.training.tabular.score._scoring_utilities.__init__:522 - No positive_label provided but detected a binary classification task
2026-02-24 07:43:35.659 - INFO - 44 - azureml.training.tabular.score._validation.log_classification_debug:194 - Classification metrics debug: {'y_test': (126,), 'y_pred_probs': (126, 2), 'unique_y_test': (2,), 'class_labels': (2,), 'train_labels': (2,), 'n_missing_train': 0, 'n_missing_valid': 0, 'sample_weight': None}
2026-02-24 07:43:35.659 - INFO - 44 - azureml.training.tabular.score._validation.log_classification_debug:194 - Classification metrics debug: {'y_test': (126,), 'y_pred_probs': (126, 2), 'unique_y_test': (2,), 'class_labels': (2,), 'train_labels': (2,), 'n_missing_train': 0, 'n_missing_valid': 0, 'sample_weight': None}
2026-02-24 07:43:35.659 - INFO - 44 - azureml.training.tabular.score._scoring_utilities.__init__:522 - No positive_label provided but detected a binary classification task
2026-02-24 07:43:35.659 - INFO - 44 - azureml.training.tabular.score._scoring_utilities.__init__:522 - No positive_label provided but detected a binary classification task
2026-02-24 07:43:35.661 - INFO - 44 - azureml.training.tabular.score._validation.log_classification_debug:194 - Classification metrics debug: {'y_test': (125,), 'y_pred_probs': (125, 2), 'unique_y_test': (2,), 'class_labels': (2,), 'train_labels': (2,), 'n_missing_train': 0, 'n_missing_valid': 0, 'sample_weight': None}
2026-02-24 07:43:35.661 - INFO - 44 - azureml.training.tabular.score._validation.log_classification_debug:194 - Classification metrics debug: {'y_test': (125,), 'y_pred_probs': (125, 2), 'unique_y_test': (2,), 'class_labels': (2,), 'train_labels': (2,), 'n_missing_train': 0, 'n_missing_valid': 0, 'sample_weight': None}
2026-02-24 07:43:35.662 - INFO - 44 - azureml.training.tabular.score._scoring_utilities.__init__:522 - No positive_label provided but detected a binary classification task
2026-02-24 07:43:35.662 - INFO - 44 - azureml.training.tabular.score._scoring_utilities.__init__:522 - No positive_label provided but detected a binary classification task
2026-02-24 07:43:35.664 - INFO - 44 - azureml.training.tabular.score._validation.log_classification_debug:194 - Classification metrics debug: {'y_test': (125,), 'y_pred_probs': (125, 2), 'unique_y_test': (2,), 'class_labels': (2,), 'train_labels': (2,), 'n_missing_train': 0, 'n_missing_valid': 0, 'sample_weight': None}
2026-02-24 07:43:35.664 - INFO - 44 - azureml.training.tabular.score._validation.log_classification_debug:194 - Classification metrics debug: {'y_test': (125,), 'y_pred_probs': (125, 2), 'unique_y_test': (2,), 'class_labels': (2,), 'train_labels': (2,), 'n_missing_train': 0, 'n_missing_valid': 0, 'sample_weight': None}
2026-02-24 07:43:35.665 - INFO - 44 - azureml.training.tabular.score._scoring_utilities.__init__:522 - No positive_label provided but detected a binary classification task
2026-02-24 07:43:35.665 - INFO - 44 - azureml.training.tabular.score._scoring_utilities.__init__:522 - No positive_label provided but detected a binary classification task
2026-02-24 07:43:35.667 - INFO - 44 - azureml.training.tabular.score._validation.log_classification_debug:194 - Classification metrics debug: {'y_test': (126,), 'y_pred_probs': (126, 2), 'unique_y_test': (2,), 'class_labels': (2,), 'train_labels': (2,), 'n_missing_train': 0, 'n_missing_valid': 0, 'sample_weight': None}
2026-02-24 07:43:35.667 - INFO - 44 - azureml.training.tabular.score._validation.log_classification_debug:194 - Classification metrics debug: {'y_test': (126,), 'y_pred_probs': (126, 2), 'unique_y_test': (2,), 'class_labels': (2,), 'train_labels': (2,), 'n_missing_train': 0, 'n_missing_valid': 0, 'sample_weight': None}
2026-02-24 07:43:35.668 - INFO - 44 - azureml.training.tabular.score._scoring_utilities.__init__:522 - No positive_label provided but detected a binary classification task
2026-02-24 07:43:35.668 - INFO - 44 - azureml.training.tabular.score._scoring_utilities.__init__:522 - No positive_label provided but detected a binary classification task
2026-02-24 07:43:35.670 - INFO - 44 - azureml.training.tabular.score._validation.log_classification_debug:194 - Classification metrics debug: {'y_test': (126,), 'y_pred_probs': (126, 2), 'unique_y_test': (2,), 'class_labels': (2,), 'train_labels': (2,), 'n_missing_train': 0, 'n_missing_valid': 0, 'sample_weight': None}
2026-02-24 07:43:35.670 - INFO - 44 - azureml.training.tabular.score._validation.log_classification_debug:194 - Classification metrics debug: {'y_test': (126,), 'y_pred_probs': (126, 2), 'unique_y_test': (2,), 'class_labels': (2,), 'train_labels': (2,), 'n_missing_train': 0, 'n_missing_valid': 0, 'sample_weight': None}
2026-02-24 07:43:35.671 - INFO - 44 - azureml.training.tabular.score._scoring_utilities.__init__:522 - No positive_label provided but detected a binary classification task
2026-02-24 07:43:35.671 - INFO - 44 - azureml.training.tabular.score._scoring_utilities.__init__:522 - No positive_label provided but detected a binary classification task
2026-02-24 07:43:35.673 - INFO - 44 - azureml.training.tabular.score._validation.log_classification_debug:194 - Classification metrics debug: {'y_test': (126,), 'y_pred_probs': (126, 2), 'unique_y_test': (2,), 'class_labels': (2,), 'train_labels': (2,), 'n_missing_train': 0, 'n_missing_valid': 0, 'sample_weight': None}
2026-02-24 07:43:35.673 - INFO - 44 - azureml.training.tabular.score._validation.log_classification_debug:194 - Classification metrics debug: {'y_test': (126,), 'y_pred_probs': (126, 2), 'unique_y_test': (2,), 'class_labels': (2,), 'train_labels': (2,), 'n_missing_train': 0, 'n_missing_valid': 0, 'sample_weight': None}
2026-02-24 07:43:35.674 - INFO - 44 - azureml.training.tabular.score._scoring_utilities.__init__:522 - No positive_label provided but detected a binary classification task
2026-02-24 07:43:35.674 - INFO - 44 - azureml.training.tabular.score._scoring_utilities.__init__:522 - No positive_label provided but detected a binary classification task
2026-02-24 07:43:35.922 - INFO - 44 - azureml.training.tabular.score._validation.log_classification_debug:194 - Classification metrics debug: {'y_test': (125,), 'y_pred_probs': (125, 2), 'unique_y_test': (2,), 'class_labels': (2,), 'train_labels': (2,), 'n_missing_train': 0, 'n_missing_valid': 0, 'sample_weight': None}
2026-02-24 07:43:35.922 - INFO - 44 - azureml.training.tabular.score._validation.log_classification_debug:194 - Classification metrics debug: {'y_test': (125,), 'y_pred_probs': (125, 2), 'unique_y_test': (2,), 'class_labels': (2,), 'train_labels': (2,), 'n_missing_train': 0, 'n_missing_valid': 0, 'sample_weight': None}
2026-02-24 07:43:35.923 - INFO - 44 - azureml.training.tabular.score._scoring_utilities.__init__:522 - No positive_label provided but detected a binary classification task
2026-02-24 07:43:35.923 - INFO - 44 - azureml.training.tabular.score._scoring_utilities.__init__:522 - No positive_label provided but detected a binary classification task
2026-02-24 07:43:35.925 - INFO - 44 - azureml.training.tabular.score._validation.log_classification_debug:194 - Classification metrics debug: {'y_test': (125,), 'y_pred_probs': (125, 2), 'unique_y_test': (2,), 'class_labels': (2,), 'train_labels': (2,), 'n_missing_train': 0, 'n_missing_valid': 0, 'sample_weight': None}
2026-02-24 07:43:35.925 - INFO - 44 - azureml.training.tabular.score._validation.log_classification_debug:194 - Classification metrics debug: {'y_test': (125,), 'y_pred_probs': (125, 2), 'unique_y_test': (2,), 'class_labels': (2,), 'train_labels': (2,), 'n_missing_train': 0, 'n_missing_valid': 0, 'sample_weight': None}
2026-02-24 07:43:35.925 - INFO - 44 - azureml.training.tabular.score._scoring_utilities.__init__:522 - No positive_label provided but detected a binary classification task
2026-02-24 07:43:35.925 - INFO - 44 - azureml.training.tabular.score._scoring_utilities.__init__:522 - No positive_label provided but detected a binary classification task
2026-02-24 07:43:35.928 - INFO - 44 - azureml.training.tabular.score._validation.log_classification_debug:194 - Classification metrics debug: {'y_test': (126,), 'y_pred_probs': (126, 2), 'unique_y_test': (2,), 'class_labels': (2,), 'train_labels': (2,), 'n_missing_train': 0, 'n_missing_valid': 0, 'sample_weight': None}
2026-02-24 07:43:35.928 - INFO - 44 - azureml.training.tabular.score._validation.log_classification_debug:194 - Classification metrics debug: {'y_test': (126,), 'y_pred_probs': (126, 2), 'unique_y_test': (2,), 'class_labels': (2,), 'train_labels': (2,), 'n_missing_train': 0, 'n_missing_valid': 0, 'sample_weight': None}
2026-02-24 07:43:35.929 - INFO - 44 - azureml.training.tabular.score._scoring_utilities.__init__:522 - No positive_label provided but detected a binary classification task
2026-02-24 07:43:35.929 - INFO - 44 - azureml.training.tabular.score._scoring_utilities.__init__:522 - No positive_label provided but detected a binary classification task
2026-02-24 07:43:35.931 - INFO - 44 - azureml.training.tabular.score._validation.log_classification_debug:194 - Classification metrics debug: {'y_test': (126,), 'y_pred_probs': (126, 2), 'unique_y_test': (2,), 'class_labels': (2,), 'train_labels': (2,), 'n_missing_train': 0, 'n_missing_valid': 0, 'sample_weight': None}
2026-02-24 07:43:35.931 - INFO - 44 - azureml.training.tabular.score._validation.log_classification_debug:194 - Classification metrics debug: {'y_test': (126,), 'y_pred_probs': (126, 2), 'unique_y_test': (2,), 'class_labels': (2,), 'train_labels': (2,), 'n_missing_train': 0, 'n_missing_valid': 0, 'sample_weight': None}
2026-02-24 07:43:35.932 - INFO - 44 - azureml.training.tabular.score._scoring_utilities.__init__:522 - No positive_label provided but detected a binary classification task
2026-02-24 07:43:35.932 - INFO - 44 - azureml.training.tabular.score._scoring_utilities.__init__:522 - No positive_label provided but detected a binary classification task
2026-02-24 07:43:35.934 - INFO - 44 - azureml.training.tabular.score._validation.log_classification_debug:194 - Classification metrics debug: {'y_test': (126,), 'y_pred_probs': (126, 2), 'unique_y_test': (2,), 'class_labels': (2,), 'train_labels': (2,), 'n_missing_train': 0, 'n_missing_valid': 0, 'sample_weight': None}
2026-02-24 07:43:35.934 - INFO - 44 - azureml.training.tabular.score._validation.log_classification_debug:194 - Classification metrics debug: {'y_test': (126,), 'y_pred_probs': (126, 2), 'unique_y_test': (2,), 'class_labels': (2,), 'train_labels': (2,), 'n_missing_train': 0, 'n_missing_valid': 0, 'sample_weight': None}
2026-02-24 07:43:35.934 - INFO - 44 - azureml.training.tabular.score._scoring_utilities.__init__:522 - No positive_label provided but detected a binary classification task
2026-02-24 07:43:35.934 - INFO - 44 - azureml.training.tabular.score._scoring_utilities.__init__:522 - No positive_label provided but detected a binary classification task
2026-02-24 07:43:35.937 - INFO - 44 - azureml.training.tabular.score._validation.log_classification_debug:194 - Classification metrics debug: {'y_test': (125,), 'y_pred_probs': (125, 2), 'unique_y_test': (2,), 'class_labels': (2,), 'train_labels': (2,), 'n_missing_train': 0, 'n_missing_valid': 0, 'sample_weight': None}
2026-02-24 07:43:35.937 - INFO - 44 - azureml.training.tabular.score._validation.log_classification_debug:194 - Classification metrics debug: {'y_test': (125,), 'y_pred_probs': (125, 2), 'unique_y_test': (2,), 'class_labels': (2,), 'train_labels': (2,), 'n_missing_train': 0, 'n_missing_valid': 0, 'sample_weight': None}
2026-02-24 07:43:35.938 - INFO - 44 - azureml.training.tabular.score._scoring_utilities.__init__:522 - No positive_label provided but detected a binary classification task
2026-02-24 07:43:35.938 - INFO - 44 - azureml.training.tabular.score._scoring_utilities.__init__:522 - No positive_label provided but detected a binary classification task
2026-02-24 07:43:35.940 - INFO - 44 - azureml.training.tabular.score._validation.log_classification_debug:194 - Classification metrics debug: {'y_test': (125,), 'y_pred_probs': (125, 2), 'unique_y_test': (2,), 'class_labels': (2,), 'train_labels': (2,), 'n_missing_train': 0, 'n_missing_valid': 0, 'sample_weight': None}
2026-02-24 07:43:35.940 - INFO - 44 - azureml.training.tabular.score._validation.log_classification_debug:194 - Classification metrics debug: {'y_test': (125,), 'y_pred_probs': (125, 2), 'unique_y_test': (2,), 'class_labels': (2,), 'train_labels': (2,), 'n_missing_train': 0, 'n_missing_valid': 0, 'sample_weight': None}
2026-02-24 07:43:35.940 - INFO - 44 - azureml.training.tabular.score._scoring_utilities.__init__:522 - No positive_label provided but detected a binary classification task
2026-02-24 07:43:35.940 - INFO - 44 - azureml.training.tabular.score._scoring_utilities.__init__:522 - No positive_label provided but detected a binary classification task
2026-02-24 07:43:35.943 - INFO - 44 - azureml.training.tabular.score._validation.log_classification_debug:194 - Classification metrics debug: {'y_test': (126,), 'y_pred_probs': (126, 2), 'unique_y_test': (2,), 'class_labels': (2,), 'train_labels': (2,), 'n_missing_train': 0, 'n_missing_valid': 0, 'sample_weight': None}
2026-02-24 07:43:35.943 - INFO - 44 - azureml.training.tabular.score._validation.log_classification_debug:194 - Classification metrics debug: {'y_test': (126,), 'y_pred_probs': (126, 2), 'unique_y_test': (2,), 'class_labels': (2,), 'train_labels': (2,), 'n_missing_train': 0, 'n_missing_valid': 0, 'sample_weight': None}
2026-02-24 07:43:35.943 - INFO - 44 - azureml.training.tabular.score._scoring_utilities.__init__:522 - No positive_label provided but detected a binary classification task
2026-02-24 07:43:35.943 - INFO - 44 - azureml.training.tabular.score._scoring_utilities.__init__:522 - No positive_label provided but detected a binary classification task
2026-02-24 07:43:35.946 - INFO - 44 - azureml.training.tabular.score._validation.log_classification_debug:194 - Classification metrics debug: {'y_test': (126,), 'y_pred_probs': (126, 2), 'unique_y_test': (2,), 'class_labels': (2,), 'train_labels': (2,), 'n_missing_train': 0, 'n_missing_valid': 0, 'sample_weight': None}
2026-02-24 07:43:35.946 - INFO - 44 - azureml.training.tabular.score._validation.log_classification_debug:194 - Classification metrics debug: {'y_test': (126,), 'y_pred_probs': (126, 2), 'unique_y_test': (2,), 'class_labels': (2,), 'train_labels': (2,), 'n_missing_train': 0, 'n_missing_valid': 0, 'sample_weight': None}
2026-02-24 07:43:35.947 - INFO - 44 - azureml.training.tabular.score._scoring_utilities.__init__:522 - No positive_label provided but detected a binary classification task
2026-02-24 07:43:35.947 - INFO - 44 - azureml.training.tabular.score._scoring_utilities.__init__:522 - No positive_label provided but detected a binary classification task
2026-02-24 07:43:35.949 - INFO - 44 - azureml.training.tabular.score._validation.log_classification_debug:194 - Classification metrics debug: {'y_test': (126,), 'y_pred_probs': (126, 2), 'unique_y_test': (2,), 'class_labels': (2,), 'train_labels': (2,), 'n_missing_train': 0, 'n_missing_valid': 0, 'sample_weight': None}
2026-02-24 07:43:35.949 - INFO - 44 - azureml.training.tabular.score._validation.log_classification_debug:194 - Classification metrics debug: {'y_test': (126,), 'y_pred_probs': (126, 2), 'unique_y_test': (2,), 'class_labels': (2,), 'train_labels': (2,), 'n_missing_train': 0, 'n_missing_valid': 0, 'sample_weight': None}
2026-02-24 07:43:35.949 - INFO - 44 - azureml.training.tabular.score._scoring_utilities.__init__:522 - No positive_label provided but detected a binary classification task
2026-02-24 07:43:35.949 - INFO - 44 - azureml.training.tabular.score._scoring_utilities.__init__:522 - No positive_label provided but detected a binary classification task
2026-02-24 07:43:35.951 - INFO - 44 - azureml.training.tabular.score._validation.log_classification_debug:194 - Classification metrics debug: {'y_test': (125,), 'y_pred_probs': (125, 2), 'unique_y_test': (2,), 'class_labels': (2,), 'train_labels': (2,), 'n_missing_train': 0, 'n_missing_valid': 0, 'sample_weight': None}
2026-02-24 07:43:35.951 - INFO - 44 - azureml.training.tabular.score._validation.log_classification_debug:194 - Classification metrics debug: {'y_test': (125,), 'y_pred_probs': (125, 2), 'unique_y_test': (2,), 'class_labels': (2,), 'train_labels': (2,), 'n_missing_train': 0, 'n_missing_valid': 0, 'sample_weight': None}
2026-02-24 07:43:35.952 - INFO - 44 - azureml.training.tabular.score._scoring_utilities.__init__:522 - No positive_label provided but detected a binary classification task
2026-02-24 07:43:35.952 - INFO - 44 - azureml.training.tabular.score._scoring_utilities.__init__:522 - No positive_label provided but detected a binary classification task
2026-02-24 07:43:35.954 - INFO - 44 - azureml.training.tabular.score._validation.log_classification_debug:194 - Classification metrics debug: {'y_test': (125,), 'y_pred_probs': (125, 2), 'unique_y_test': (2,), 'class_labels': (2,), 'train_labels': (2,), 'n_missing_train': 0, 'n_missing_valid': 0, 'sample_weight': None}
2026-02-24 07:43:35.954 - INFO - 44 - azureml.training.tabular.score._validation.log_classification_debug:194 - Classification metrics debug: {'y_test': (125,), 'y_pred_probs': (125, 2), 'unique_y_test': (2,), 'class_labels': (2,), 'train_labels': (2,), 'n_missing_train': 0, 'n_missing_valid': 0, 'sample_weight': None}
2026-02-24 07:43:35.955 - INFO - 44 - azureml.training.tabular.score._scoring_utilities.__init__:522 - No positive_label provided but detected a binary classification task
2026-02-24 07:43:35.955 - INFO - 44 - azureml.training.tabular.score._scoring_utilities.__init__:522 - No positive_label provided but detected a binary classification task
2026-02-24 07:43:35.957 - INFO - 44 - azureml.training.tabular.score._validation.log_classification_debug:194 - Classification metrics debug: {'y_test': (126,), 'y_pred_probs': (126, 2), 'unique_y_test': (2,), 'class_labels': (2,), 'train_labels': (2,), 'n_missing_train': 0, 'n_missing_valid': 0, 'sample_weight': None}
2026-02-24 07:43:35.957 - INFO - 44 - azureml.training.tabular.score._validation.log_classification_debug:194 - Classification metrics debug: {'y_test': (126,), 'y_pred_probs': (126, 2), 'unique_y_test': (2,), 'class_labels': (2,), 'train_labels': (2,), 'n_missing_train': 0, 'n_missing_valid': 0, 'sample_weight': None}
2026-02-24 07:43:35.958 - INFO - 44 - azureml.training.tabular.score._scoring_utilities.__init__:522 - No positive_label provided but detected a binary classification task
2026-02-24 07:43:35.958 - INFO - 44 - azureml.training.tabular.score._scoring_utilities.__init__:522 - No positive_label provided but detected a binary classification task
2026-02-24 07:43:35.960 - INFO - 44 - azureml.training.tabular.score._validation.log_classification_debug:194 - Classification metrics debug: {'y_test': (126,), 'y_pred_probs': (126, 2), 'unique_y_test': (2,), 'class_labels': (2,), 'train_labels': (2,), 'n_missing_train': 0, 'n_missing_valid': 0, 'sample_weight': None}
2026-02-24 07:43:35.960 - INFO - 44 - azureml.training.tabular.score._validation.log_classification_debug:194 - Classification metrics debug: {'y_test': (126,), 'y_pred_probs': (126, 2), 'unique_y_test': (2,), 'class_labels': (2,), 'train_labels': (2,), 'n_missing_train': 0, 'n_missing_valid': 0, 'sample_weight': None}
2026-02-24 07:43:35.961 - INFO - 44 - azureml.training.tabular.score._scoring_utilities.__init__:522 - No positive_label provided but detected a binary classification task
2026-02-24 07:43:35.961 - INFO - 44 - azureml.training.tabular.score._scoring_utilities.__init__:522 - No positive_label provided but detected a binary classification task
2026-02-24 07:43:35.963 - INFO - 44 - azureml.training.tabular.score._validation.log_classification_debug:194 - Classification metrics debug: {'y_test': (126,), 'y_pred_probs': (126, 2), 'unique_y_test': (2,), 'class_labels': (2,), 'train_labels': (2,), 'n_missing_train': 0, 'n_missing_valid': 0, 'sample_weight': None}
2026-02-24 07:43:35.963 - INFO - 44 - azureml.training.tabular.score._validation.log_classification_debug:194 - Classification metrics debug: {'y_test': (126,), 'y_pred_probs': (126, 2), 'unique_y_test': (2,), 'class_labels': (2,), 'train_labels': (2,), 'n_missing_train': 0, 'n_missing_valid': 0, 'sample_weight': None}
2026-02-24 07:43:35.964 - INFO - 44 - azureml.training.tabular.score._scoring_utilities.__init__:522 - No positive_label provided but detected a binary classification task
2026-02-24 07:43:35.964 - INFO - 44 - azureml.training.tabular.score._scoring_utilities.__init__:522 - No positive_label provided but detected a binary classification task
2026-02-24 07:43:35.966 - INFO - 44 - azureml.training.tabular.score._validation.log_classification_debug:194 - Classification metrics debug: {'y_test': (125,), 'y_pred_probs': (125, 2), 'unique_y_test': (2,), 'class_labels': (2,), 'train_labels': (2,), 'n_missing_train': 0, 'n_missing_valid': 0, 'sample_weight': None}
2026-02-24 07:43:35.966 - INFO - 44 - azureml.training.tabular.score._validation.log_classification_debug:194 - Classification metrics debug: {'y_test': (125,), 'y_pred_probs': (125, 2), 'unique_y_test': (2,), 'class_labels': (2,), 'train_labels': (2,), 'n_missing_train': 0, 'n_missing_valid': 0, 'sample_weight': None}
2026-02-24 07:43:35.967 - INFO - 44 - azureml.training.tabular.score._scoring_utilities.__init__:522 - No positive_label provided but detected a binary classification task
2026-02-24 07:43:35.967 - INFO - 44 - azureml.training.tabular.score._scoring_utilities.__init__:522 - No positive_label provided but detected a binary classification task
2026-02-24 07:43:35.969 - INFO - 44 - azureml.training.tabular.score._validation.log_classification_debug:194 - Classification metrics debug: {'y_test': (125,), 'y_pred_probs': (125, 2), 'unique_y_test': (2,), 'class_labels': (2,), 'train_labels': (2,), 'n_missing_train': 0, 'n_missing_valid': 0, 'sample_weight': None}
2026-02-24 07:43:35.969 - INFO - 44 - azureml.training.tabular.score._validation.log_classification_debug:194 - Classification metrics debug: {'y_test': (125,), 'y_pred_probs': (125, 2), 'unique_y_test': (2,), 'class_labels': (2,), 'train_labels': (2,), 'n_missing_train': 0, 'n_missing_valid': 0, 'sample_weight': None}
2026-02-24 07:43:35.970 - INFO - 44 - azureml.training.tabular.score._scoring_utilities.__init__:522 - No positive_label provided but detected a binary classification task
2026-02-24 07:43:35.970 - INFO - 44 - azureml.training.tabular.score._scoring_utilities.__init__:522 - No positive_label provided but detected a binary classification task
2026-02-24 07:43:35.972 - INFO - 44 - azureml.training.tabular.score._validation.log_classification_debug:194 - Classification metrics debug: {'y_test': (126,), 'y_pred_probs': (126, 2), 'unique_y_test': (2,), 'class_labels': (2,), 'train_labels': (2,), 'n_missing_train': 0, 'n_missing_valid': 0, 'sample_weight': None}
2026-02-24 07:43:35.972 - INFO - 44 - azureml.training.tabular.score._validation.log_classification_debug:194 - Classification metrics debug: {'y_test': (126,), 'y_pred_probs': (126, 2), 'unique_y_test': (2,), 'class_labels': (2,), 'train_labels': (2,), 'n_missing_train': 0, 'n_missing_valid': 0, 'sample_weight': None}
2026-02-24 07:43:35.973 - INFO - 44 - azureml.training.tabular.score._scoring_utilities.__init__:522 - No positive_label provided but detected a binary classification task
2026-02-24 07:43:35.973 - INFO - 44 - azureml.training.tabular.score._scoring_utilities.__init__:522 - No positive_label provided but detected a binary classification task
2026-02-24 07:43:35.975 - INFO - 44 - azureml.training.tabular.score._validation.log_classification_debug:194 - Classification metrics debug: {'y_test': (126,), 'y_pred_probs': (126, 2), 'unique_y_test': (2,), 'class_labels': (2,), 'train_labels': (2,), 'n_missing_train': 0, 'n_missing_valid': 0, 'sample_weight': None}
2026-02-24 07:43:35.975 - INFO - 44 - azureml.training.tabular.score._validation.log_classification_debug:194 - Classification metrics debug: {'y_test': (126,), 'y_pred_probs': (126, 2), 'unique_y_test': (2,), 'class_labels': (2,), 'train_labels': (2,), 'n_missing_train': 0, 'n_missing_valid': 0, 'sample_weight': None}
2026-02-24 07:43:35.975 - INFO - 44 - azureml.training.tabular.score._scoring_utilities.__init__:522 - No positive_label provided but detected a binary classification task
2026-02-24 07:43:35.975 - INFO - 44 - azureml.training.tabular.score._scoring_utilities.__init__:522 - No positive_label provided but detected a binary classification task
2026-02-24 07:43:35.977 - INFO - 44 - azureml.training.tabular.score._validation.log_classification_debug:194 - Classification metrics debug: {'y_test': (126,), 'y_pred_probs': (126, 2), 'unique_y_test': (2,), 'class_labels': (2,), 'train_labels': (2,), 'n_missing_train': 0, 'n_missing_valid': 0, 'sample_weight': None}
2026-02-24 07:43:35.977 - INFO - 44 - azureml.training.tabular.score._validation.log_classification_debug:194 - Classification metrics debug: {'y_test': (126,), 'y_pred_probs': (126, 2), 'unique_y_test': (2,), 'class_labels': (2,), 'train_labels': (2,), 'n_missing_train': 0, 'n_missing_valid': 0, 'sample_weight': None}
2026-02-24 07:43:35.978 - INFO - 44 - azureml.training.tabular.score._scoring_utilities.__init__:522 - No positive_label provided but detected a binary classification task
2026-02-24 07:43:35.978 - INFO - 44 - azureml.training.tabular.score._scoring_utilities.__init__:522 - No positive_label provided but detected a binary classification task
2026-02-24 07:43:35.981 - INFO - 44 - azureml.training.tabular.score._validation.log_classification_debug:194 - Classification metrics debug: {'y_test': (125,), 'y_pred_probs': (125, 2), 'unique_y_test': (2,), 'class_labels': (2,), 'train_labels': (2,), 'n_missing_train': 0, 'n_missing_valid': 0, 'sample_weight': None}
2026-02-24 07:43:35.981 - INFO - 44 - azureml.training.tabular.score._validation.log_classification_debug:194 - Classification metrics debug: {'y_test': (125,), 'y_pred_probs': (125, 2), 'unique_y_test': (2,), 'class_labels': (2,), 'train_labels': (2,), 'n_missing_train': 0, 'n_missing_valid': 0, 'sample_weight': None}
2026-02-24 07:43:35.982 - INFO - 44 - azureml.training.tabular.score._scoring_utilities.__init__:522 - No positive_label provided but detected a binary classification task
2026-02-24 07:43:35.982 - INFO - 44 - azureml.training.tabular.score._scoring_utilities.__init__:522 - No positive_label provided but detected a binary classification task
2026-02-24 07:43:35.984 - INFO - 44 - azureml.training.tabular.score._validation.log_classification_debug:194 - Classification metrics debug: {'y_test': (125,), 'y_pred_probs': (125, 2), 'unique_y_test': (2,), 'class_labels': (2,), 'train_labels': (2,), 'n_missing_train': 0, 'n_missing_valid': 0, 'sample_weight': None}
2026-02-24 07:43:35.984 - INFO - 44 - azureml.training.tabular.score._validation.log_classification_debug:194 - Classification metrics debug: {'y_test': (125,), 'y_pred_probs': (125, 2), 'unique_y_test': (2,), 'class_labels': (2,), 'train_labels': (2,), 'n_missing_train': 0, 'n_missing_valid': 0, 'sample_weight': None}
2026-02-24 07:43:35.984 - INFO - 44 - azureml.training.tabular.score._scoring_utilities.__init__:522 - No positive_label provided but detected a binary classification task
2026-02-24 07:43:35.984 - INFO - 44 - azureml.training.tabular.score._scoring_utilities.__init__:522 - No positive_label provided but detected a binary classification task
2026-02-24 07:43:35.987 - INFO - 44 - azureml.training.tabular.score._validation.log_classification_debug:194 - Classification metrics debug: {'y_test': (126,), 'y_pred_probs': (126, 2), 'unique_y_test': (2,), 'class_labels': (2,), 'train_labels': (2,), 'n_missing_train': 0, 'n_missing_valid': 0, 'sample_weight': None}
2026-02-24 07:43:35.987 - INFO - 44 - azureml.training.tabular.score._validation.log_classification_debug:194 - Classification metrics debug: {'y_test': (126,), 'y_pred_probs': (126, 2), 'unique_y_test': (2,), 'class_labels': (2,), 'train_labels': (2,), 'n_missing_train': 0, 'n_missing_valid': 0, 'sample_weight': None}
2026-02-24 07:43:35.988 - INFO - 44 - azureml.training.tabular.score._scoring_utilities.__init__:522 - No positive_label provided but detected a binary classification task
2026-02-24 07:43:35.988 - INFO - 44 - azureml.training.tabular.score._scoring_utilities.__init__:522 - No positive_label provided but detected a binary classification task
2026-02-24 07:43:35.989 - INFO - 44 - azureml.training.tabular.score._validation.log_classification_debug:194 - Classification metrics debug: {'y_test': (126,), 'y_pred_probs': (126, 2), 'unique_y_test': (2,), 'class_labels': (2,), 'train_labels': (2,), 'n_missing_train': 0, 'n_missing_valid': 0, 'sample_weight': None}
2026-02-24 07:43:35.989 - INFO - 44 - azureml.training.tabular.score._validation.log_classification_debug:194 - Classification metrics debug: {'y_test': (126,), 'y_pred_probs': (126, 2), 'unique_y_test': (2,), 'class_labels': (2,), 'train_labels': (2,), 'n_missing_train': 0, 'n_missing_valid': 0, 'sample_weight': None}
2026-02-24 07:43:35.990 - INFO - 44 - azureml.training.tabular.score._scoring_utilities.__init__:522 - No positive_label provided but detected a binary classification task
2026-02-24 07:43:35.990 - INFO - 44 - azureml.training.tabular.score._scoring_utilities.__init__:522 - No positive_label provided but detected a binary classification task
2026-02-24 07:43:35.992 - INFO - 44 - azureml.training.tabular.score._validation.log_classification_debug:194 - Classification metrics debug: {'y_test': (126,), 'y_pred_probs': (126, 2), 'unique_y_test': (2,), 'class_labels': (2,), 'train_labels': (2,), 'n_missing_train': 0, 'n_missing_valid': 0, 'sample_weight': None}
2026-02-24 07:43:35.992 - INFO - 44 - azureml.training.tabular.score._validation.log_classification_debug:194 - Classification metrics debug: {'y_test': (126,), 'y_pred_probs': (126, 2), 'unique_y_test': (2,), 'class_labels': (2,), 'train_labels': (2,), 'n_missing_train': 0, 'n_missing_valid': 0, 'sample_weight': None}
2026-02-24 07:43:35.993 - INFO - 44 - azureml.training.tabular.score._scoring_utilities.__init__:522 - No positive_label provided but detected a binary classification task
2026-02-24 07:43:35.993 - INFO - 44 - azureml.training.tabular.score._scoring_utilities.__init__:522 - No positive_label provided but detected a binary classification task
2026-02-24 07:43:35.995 - INFO - 44 - azureml.training.tabular.score._validation.log_classification_debug:194 - Classification metrics debug: {'y_test': (125,), 'y_pred_probs': (125, 2), 'unique_y_test': (2,), 'class_labels': (2,), 'train_labels': (2,), 'n_missing_train': 0, 'n_missing_valid': 0, 'sample_weight': None}
2026-02-24 07:43:35.995 - INFO - 44 - azureml.training.tabular.score._validation.log_classification_debug:194 - Classification metrics debug: {'y_test': (125,), 'y_pred_probs': (125, 2), 'unique_y_test': (2,), 'class_labels': (2,), 'train_labels': (2,), 'n_missing_train': 0, 'n_missing_valid': 0, 'sample_weight': None}
2026-02-24 07:43:35.996 - INFO - 44 - azureml.training.tabular.score._scoring_utilities.__init__:522 - No positive_label provided but detected a binary classification task
2026-02-24 07:43:35.996 - INFO - 44 - azureml.training.tabular.score._scoring_utilities.__init__:522 - No positive_label provided but detected a binary classification task
2026-02-24 07:43:35.998 - INFO - 44 - azureml.training.tabular.score._validation.log_classification_debug:194 - Classification metrics debug: {'y_test': (125,), 'y_pred_probs': (125, 2), 'unique_y_test': (2,), 'class_labels': (2,), 'train_labels': (2,), 'n_missing_train': 0, 'n_missing_valid': 0, 'sample_weight': None}
2026-02-24 07:43:35.998 - INFO - 44 - azureml.training.tabular.score._validation.log_classification_debug:194 - Classification metrics debug: {'y_test': (125,), 'y_pred_probs': (125, 2), 'unique_y_test': (2,), 'class_labels': (2,), 'train_labels': (2,), 'n_missing_train': 0, 'n_missing_valid': 0, 'sample_weight': None}
2026-02-24 07:43:35.999 - INFO - 44 - azureml.training.tabular.score._scoring_utilities.__init__:522 - No positive_label provided but detected a binary classification task
2026-02-24 07:43:35.999 - INFO - 44 - azureml.training.tabular.score._scoring_utilities.__init__:522 - No positive_label provided but detected a binary classification task
2026-02-24 07:43:36.001 - INFO - 44 - azureml.training.tabular.score._validation.log_classification_debug:194 - Classification metrics debug: {'y_test': (126,), 'y_pred_probs': (126, 2), 'unique_y_test': (2,), 'class_labels': (2,), 'train_labels': (2,), 'n_missing_train': 0, 'n_missing_valid': 0, 'sample_weight': None}
2026-02-24 07:43:36.001 - INFO - 44 - azureml.training.tabular.score._validation.log_classification_debug:194 - Classification metrics debug: {'y_test': (126,), 'y_pred_probs': (126, 2), 'unique_y_test': (2,), 'class_labels': (2,), 'train_labels': (2,), 'n_missing_train': 0, 'n_missing_valid': 0, 'sample_weight': None}
2026-02-24 07:43:36.002 - INFO - 44 - azureml.training.tabular.score._scoring_utilities.__init__:522 - No positive_label provided but detected a binary classification task
2026-02-24 07:43:36.002 - INFO - 44 - azureml.training.tabular.score._scoring_utilities.__init__:522 - No positive_label provided but detected a binary classification task
2026-02-24 07:43:36.004 - INFO - 44 - azureml.training.tabular.score._validation.log_classification_debug:194 - Classification metrics debug: {'y_test': (126,), 'y_pred_probs': (126, 2), 'unique_y_test': (2,), 'class_labels': (2,), 'train_labels': (2,), 'n_missing_train': 0, 'n_missing_valid': 0, 'sample_weight': None}
2026-02-24 07:43:36.004 - INFO - 44 - azureml.training.tabular.score._validation.log_classification_debug:194 - Classification metrics debug: {'y_test': (126,), 'y_pred_probs': (126, 2), 'unique_y_test': (2,), 'class_labels': (2,), 'train_labels': (2,), 'n_missing_train': 0, 'n_missing_valid': 0, 'sample_weight': None}
2026-02-24 07:43:36.004 - INFO - 44 - azureml.training.tabular.score._scoring_utilities.__init__:522 - No positive_label provided but detected a binary classification task
2026-02-24 07:43:36.004 - INFO - 44 - azureml.training.tabular.score._scoring_utilities.__init__:522 - No positive_label provided but detected a binary classification task
2026-02-24 07:43:36.006 - INFO - 44 - azureml.training.tabular.score._validation.log_classification_debug:194 - Classification metrics debug: {'y_test': (126,), 'y_pred_probs': (126, 2), 'unique_y_test': (2,), 'class_labels': (2,), 'train_labels': (2,), 'n_missing_train': 0, 'n_missing_valid': 0, 'sample_weight': None}
2026-02-24 07:43:36.006 - INFO - 44 - azureml.training.tabular.score._validation.log_classification_debug:194 - Classification metrics debug: {'y_test': (126,), 'y_pred_probs': (126, 2), 'unique_y_test': (2,), 'class_labels': (2,), 'train_labels': (2,), 'n_missing_train': 0, 'n_missing_valid': 0, 'sample_weight': None}
2026-02-24 07:43:36.007 - INFO - 44 - azureml.training.tabular.score._scoring_utilities.__init__:522 - No positive_label provided but detected a binary classification task
2026-02-24 07:43:36.007 - INFO - 44 - azureml.training.tabular.score._scoring_utilities.__init__:522 - No positive_label provided but detected a binary classification task
2026-02-24 07:43:36.009 - INFO - 44 - azureml.training.tabular.score._validation.log_classification_debug:194 - Classification metrics debug: {'y_test': (125,), 'y_pred_probs': (125, 2), 'unique_y_test': (2,), 'class_labels': (2,), 'train_labels': (2,), 'n_missing_train': 0, 'n_missing_valid': 0, 'sample_weight': None}
2026-02-24 07:43:36.009 - INFO - 44 - azureml.training.tabular.score._validation.log_classification_debug:194 - Classification metrics debug: {'y_test': (125,), 'y_pred_probs': (125, 2), 'unique_y_test': (2,), 'class_labels': (2,), 'train_labels': (2,), 'n_missing_train': 0, 'n_missing_valid': 0, 'sample_weight': None}
2026-02-24 07:43:36.010 - INFO - 44 - azureml.training.tabular.score._scoring_utilities.__init__:522 - No positive_label provided but detected a binary classification task
2026-02-24 07:43:36.010 - INFO - 44 - azureml.training.tabular.score._scoring_utilities.__init__:522 - No positive_label provided but detected a binary classification task
2026-02-24 07:43:36.012 - INFO - 44 - azureml.training.tabular.score._validation.log_classification_debug:194 - Classification metrics debug: {'y_test': (125,), 'y_pred_probs': (125, 2), 'unique_y_test': (2,), 'class_labels': (2,), 'train_labels': (2,), 'n_missing_train': 0, 'n_missing_valid': 0, 'sample_weight': None}
2026-02-24 07:43:36.012 - INFO - 44 - azureml.training.tabular.score._validation.log_classification_debug:194 - Classification metrics debug: {'y_test': (125,), 'y_pred_probs': (125, 2), 'unique_y_test': (2,), 'class_labels': (2,), 'train_labels': (2,), 'n_missing_train': 0, 'n_missing_valid': 0, 'sample_weight': None}
2026-02-24 07:43:36.013 - INFO - 44 - azureml.training.tabular.score._scoring_utilities.__init__:522 - No positive_label provided but detected a binary classification task
2026-02-24 07:43:36.013 - INFO - 44 - azureml.training.tabular.score._scoring_utilities.__init__:522 - No positive_label provided but detected a binary classification task
2026-02-24 07:43:36.015 - INFO - 44 - azureml.training.tabular.score._validation.log_classification_debug:194 - Classification metrics debug: {'y_test': (126,), 'y_pred_probs': (126, 2), 'unique_y_test': (2,), 'class_labels': (2,), 'train_labels': (2,), 'n_missing_train': 0, 'n_missing_valid': 0, 'sample_weight': None}
2026-02-24 07:43:36.015 - INFO - 44 - azureml.training.tabular.score._validation.log_classification_debug:194 - Classification metrics debug: {'y_test': (126,), 'y_pred_probs': (126, 2), 'unique_y_test': (2,), 'class_labels': (2,), 'train_labels': (2,), 'n_missing_train': 0, 'n_missing_valid': 0, 'sample_weight': None}
2026-02-24 07:43:36.016 - INFO - 44 - azureml.training.tabular.score._scoring_utilities.__init__:522 - No positive_label provided but detected a binary classification task
2026-02-24 07:43:36.016 - INFO - 44 - azureml.training.tabular.score._scoring_utilities.__init__:522 - No positive_label provided but detected a binary classification task
2026-02-24 07:43:36.018 - INFO - 44 - azureml.training.tabular.score._validation.log_classification_debug:194 - Classification metrics debug: {'y_test': (126,), 'y_pred_probs': (126, 2), 'unique_y_test': (2,), 'class_labels': (2,), 'train_labels': (2,), 'n_missing_train': 0, 'n_missing_valid': 0, 'sample_weight': None}
2026-02-24 07:43:36.018 - INFO - 44 - azureml.training.tabular.score._validation.log_classification_debug:194 - Classification metrics debug: {'y_test': (126,), 'y_pred_probs': (126, 2), 'unique_y_test': (2,), 'class_labels': (2,), 'train_labels': (2,), 'n_missing_train': 0, 'n_missing_valid': 0, 'sample_weight': None}
2026-02-24 07:43:36.018 - INFO - 44 - azureml.training.tabular.score._scoring_utilities.__init__:522 - No positive_label provided but detected a binary classification task
2026-02-24 07:43:36.018 - INFO - 44 - azureml.training.tabular.score._scoring_utilities.__init__:522 - No positive_label provided but detected a binary classification task
2026-02-24 07:43:36.020 - INFO - 44 - azureml.training.tabular.score._validation.log_classification_debug:194 - Classification metrics debug: {'y_test': (126,), 'y_pred_probs': (126, 2), 'unique_y_test': (2,), 'class_labels': (2,), 'train_labels': (2,), 'n_missing_train': 0, 'n_missing_valid': 0, 'sample_weight': None}
2026-02-24 07:43:36.020 - INFO - 44 - azureml.training.tabular.score._validation.log_classification_debug:194 - Classification metrics debug: {'y_test': (126,), 'y_pred_probs': (126, 2), 'unique_y_test': (2,), 'class_labels': (2,), 'train_labels': (2,), 'n_missing_train': 0, 'n_missing_valid': 0, 'sample_weight': None}
2026-02-24 07:43:36.021 - INFO - 44 - azureml.training.tabular.score._scoring_utilities.__init__:522 - No positive_label provided but detected a binary classification task
2026-02-24 07:43:36.021 - INFO - 44 - azureml.training.tabular.score._scoring_utilities.__init__:522 - No positive_label provided but detected a binary classification task
2026-02-24 07:43:36.023 - INFO - 44 - azureml.training.tabular.score._validation.log_classification_debug:194 - Classification metrics debug: {'y_test': (125,), 'y_pred_probs': (125, 2), 'unique_y_test': (2,), 'class_labels': (2,), 'train_labels': (2,), 'n_missing_train': 0, 'n_missing_valid': 0, 'sample_weight': None}
2026-02-24 07:43:36.023 - INFO - 44 - azureml.training.tabular.score._validation.log_classification_debug:194 - Classification metrics debug: {'y_test': (125,), 'y_pred_probs': (125, 2), 'unique_y_test': (2,), 'class_labels': (2,), 'train_labels': (2,), 'n_missing_train': 0, 'n_missing_valid': 0, 'sample_weight': None}
2026-02-24 07:43:36.024 - INFO - 44 - azureml.training.tabular.score._scoring_utilities.__init__:522 - No positive_label provided but detected a binary classification task
2026-02-24 07:43:36.024 - INFO - 44 - azureml.training.tabular.score._scoring_utilities.__init__:522 - No positive_label provided but detected a binary classification task
2026-02-24 07:43:36.026 - INFO - 44 - azureml.training.tabular.score._validation.log_classification_debug:194 - Classification metrics debug: {'y_test': (125,), 'y_pred_probs': (125, 2), 'unique_y_test': (2,), 'class_labels': (2,), 'train_labels': (2,), 'n_missing_train': 0, 'n_missing_valid': 0, 'sample_weight': None}
2026-02-24 07:43:36.026 - INFO - 44 - azureml.training.tabular.score._validation.log_classification_debug:194 - Classification metrics debug: {'y_test': (125,), 'y_pred_probs': (125, 2), 'unique_y_test': (2,), 'class_labels': (2,), 'train_labels': (2,), 'n_missing_train': 0, 'n_missing_valid': 0, 'sample_weight': None}
2026-02-24 07:43:36.027 - INFO - 44 - azureml.training.tabular.score._scoring_utilities.__init__:522 - No positive_label provided but detected a binary classification task
2026-02-24 07:43:36.027 - INFO - 44 - azureml.training.tabular.score._scoring_utilities.__init__:522 - No positive_label provided but detected a binary classification task
2026-02-24 07:43:36.029 - INFO - 44 - azureml.training.tabular.score._validation.log_classification_debug:194 - Classification metrics debug: {'y_test': (126,), 'y_pred_probs': (126, 2), 'unique_y_test': (2,), 'class_labels': (2,), 'train_labels': (2,), 'n_missing_train': 0, 'n_missing_valid': 0, 'sample_weight': None}
2026-02-24 07:43:36.029 - INFO - 44 - azureml.training.tabular.score._validation.log_classification_debug:194 - Classification metrics debug: {'y_test': (126,), 'y_pred_probs': (126, 2), 'unique_y_test': (2,), 'class_labels': (2,), 'train_labels': (2,), 'n_missing_train': 0, 'n_missing_valid': 0, 'sample_weight': None}
2026-02-24 07:43:36.030 - INFO - 44 - azureml.training.tabular.score._scoring_utilities.__init__:522 - No positive_label provided but detected a binary classification task
2026-02-24 07:43:36.030 - INFO - 44 - azureml.training.tabular.score._scoring_utilities.__init__:522 - No positive_label provided but detected a binary classification task
2026-02-24 07:43:36.032 - INFO - 44 - azureml.training.tabular.score._validation.log_classification_debug:194 - Classification metrics debug: {'y_test': (126,), 'y_pred_probs': (126, 2), 'unique_y_test': (2,), 'class_labels': (2,), 'train_labels': (2,), 'n_missing_train': 0, 'n_missing_valid': 0, 'sample_weight': None}
2026-02-24 07:43:36.032 - INFO - 44 - azureml.training.tabular.score._validation.log_classification_debug:194 - Classification metrics debug: {'y_test': (126,), 'y_pred_probs': (126, 2), 'unique_y_test': (2,), 'class_labels': (2,), 'train_labels': (2,), 'n_missing_train': 0, 'n_missing_valid': 0, 'sample_weight': None}
2026-02-24 07:43:36.033 - INFO - 44 - azureml.training.tabular.score._scoring_utilities.__init__:522 - No positive_label provided but detected a binary classification task
2026-02-24 07:43:36.033 - INFO - 44 - azureml.training.tabular.score._scoring_utilities.__init__:522 - No positive_label provided but detected a binary classification task
2026-02-24 07:43:36.035 - INFO - 44 - azureml.training.tabular.score._validation.log_classification_debug:194 - Classification metrics debug: {'y_test': (126,), 'y_pred_probs': (126, 2), 'unique_y_test': (2,), 'class_labels': (2,), 'train_labels': (2,), 'n_missing_train': 0, 'n_missing_valid': 0, 'sample_weight': None}
2026-02-24 07:43:36.035 - INFO - 44 - azureml.training.tabular.score._validation.log_classification_debug:194 - Classification metrics debug: {'y_test': (126,), 'y_pred_probs': (126, 2), 'unique_y_test': (2,), 'class_labels': (2,), 'train_labels': (2,), 'n_missing_train': 0, 'n_missing_valid': 0, 'sample_weight': None}
2026-02-24 07:43:36.035 - INFO - 44 - azureml.training.tabular.score._scoring_utilities.__init__:522 - No positive_label provided but detected a binary classification task
2026-02-24 07:43:36.035 - INFO - 44 - azureml.training.tabular.score._scoring_utilities.__init__:522 - No positive_label provided but detected a binary classification task
2026-02-24 07:43:36.037 - INFO - 44 - azureml.training.tabular.score._validation.log_classification_debug:194 - Classification metrics debug: {'y_test': (125,), 'y_pred_probs': (125, 2), 'unique_y_test': (2,), 'class_labels': (2,), 'train_labels': (2,), 'n_missing_train': 0, 'n_missing_valid': 0, 'sample_weight': None}
2026-02-24 07:43:36.037 - INFO - 44 - azureml.training.tabular.score._validation.log_classification_debug:194 - Classification metrics debug: {'y_test': (125,), 'y_pred_probs': (125, 2), 'unique_y_test': (2,), 'class_labels': (2,), 'train_labels': (2,), 'n_missing_train': 0, 'n_missing_valid': 0, 'sample_weight': None}
2026-02-24 07:43:36.038 - INFO - 44 - azureml.training.tabular.score._scoring_utilities.__init__:522 - No positive_label provided but detected a binary classification task
2026-02-24 07:43:36.038 - INFO - 44 - azureml.training.tabular.score._scoring_utilities.__init__:522 - No positive_label provided but detected a binary classification task
2026-02-24 07:43:36.040 - INFO - 44 - azureml.training.tabular.score._validation.log_classification_debug:194 - Classification metrics debug: {'y_test': (125,), 'y_pred_probs': (125, 2), 'unique_y_test': (2,), 'class_labels': (2,), 'train_labels': (2,), 'n_missing_train': 0, 'n_missing_valid': 0, 'sample_weight': None}
2026-02-24 07:43:36.040 - INFO - 44 - azureml.training.tabular.score._validation.log_classification_debug:194 - Classification metrics debug: {'y_test': (125,), 'y_pred_probs': (125, 2), 'unique_y_test': (2,), 'class_labels': (2,), 'train_labels': (2,), 'n_missing_train': 0, 'n_missing_valid': 0, 'sample_weight': None}
2026-02-24 07:43:36.041 - INFO - 44 - azureml.training.tabular.score._scoring_utilities.__init__:522 - No positive_label provided but detected a binary classification task
2026-02-24 07:43:36.041 - INFO - 44 - azureml.training.tabular.score._scoring_utilities.__init__:522 - No positive_label provided but detected a binary classification task
2026-02-24 07:43:36.043 - INFO - 44 - azureml.training.tabular.score._validation.log_classification_debug:194 - Classification metrics debug: {'y_test': (126,), 'y_pred_probs': (126, 2), 'unique_y_test': (2,), 'class_labels': (2,), 'train_labels': (2,), 'n_missing_train': 0, 'n_missing_valid': 0, 'sample_weight': None}
2026-02-24 07:43:36.043 - INFO - 44 - azureml.training.tabular.score._validation.log_classification_debug:194 - Classification metrics debug: {'y_test': (126,), 'y_pred_probs': (126, 2), 'unique_y_test': (2,), 'class_labels': (2,), 'train_labels': (2,), 'n_missing_train': 0, 'n_missing_valid': 0, 'sample_weight': None}
2026-02-24 07:43:36.044 - INFO - 44 - azureml.training.tabular.score._scoring_utilities.__init__:522 - No positive_label provided but detected a binary classification task
2026-02-24 07:43:36.044 - INFO - 44 - azureml.training.tabular.score._scoring_utilities.__init__:522 - No positive_label provided but detected a binary classification task
2026-02-24 07:43:36.046 - INFO - 44 - azureml.training.tabular.score._validation.log_classification_debug:194 - Classification metrics debug: {'y_test': (126,), 'y_pred_probs': (126, 2), 'unique_y_test': (2,), 'class_labels': (2,), 'train_labels': (2,), 'n_missing_train': 0, 'n_missing_valid': 0, 'sample_weight': None}
2026-02-24 07:43:36.046 - INFO - 44 - azureml.training.tabular.score._validation.log_classification_debug:194 - Classification metrics debug: {'y_test': (126,), 'y_pred_probs': (126, 2), 'unique_y_test': (2,), 'class_labels': (2,), 'train_labels': (2,), 'n_missing_train': 0, 'n_missing_valid': 0, 'sample_weight': None}
2026-02-24 07:43:36.047 - INFO - 44 - azureml.training.tabular.score._scoring_utilities.__init__:522 - No positive_label provided but detected a binary classification task
2026-02-24 07:43:36.047 - INFO - 44 - azureml.training.tabular.score._scoring_utilities.__init__:522 - No positive_label provided but detected a binary classification task
2026-02-24 07:43:36.049 - INFO - 44 - azureml.training.tabular.score._validation.log_classification_debug:194 - Classification metrics debug: {'y_test': (126,), 'y_pred_probs': (126, 2), 'unique_y_test': (2,), 'class_labels': (2,), 'train_labels': (2,), 'n_missing_train': 0, 'n_missing_valid': 0, 'sample_weight': None}
2026-02-24 07:43:36.049 - INFO - 44 - azureml.training.tabular.score._validation.log_classification_debug:194 - Classification metrics debug: {'y_test': (126,), 'y_pred_probs': (126, 2), 'unique_y_test': (2,), 'class_labels': (2,), 'train_labels': (2,), 'n_missing_train': 0, 'n_missing_valid': 0, 'sample_weight': None}
2026-02-24 07:43:36.050 - INFO - 44 - azureml.training.tabular.score._scoring_utilities.__init__:522 - No positive_label provided but detected a binary classification task
2026-02-24 07:43:36.050 - INFO - 44 - azureml.training.tabular.score._scoring_utilities.__init__:522 - No positive_label provided but detected a binary classification task
2026-02-24 07:43:36.052 - INFO - 44 - azureml.training.tabular.score._validation.log_classification_debug:194 - Classification metrics debug: {'y_test': (125,), 'y_pred_probs': (125, 2), 'unique_y_test': (2,), 'class_labels': (2,), 'train_labels': (2,), 'n_missing_train': 0, 'n_missing_valid': 0, 'sample_weight': None}
2026-02-24 07:43:36.052 - INFO - 44 - azureml.training.tabular.score._validation.log_classification_debug:194 - Classification metrics debug: {'y_test': (125,), 'y_pred_probs': (125, 2), 'unique_y_test': (2,), 'class_labels': (2,), 'train_labels': (2,), 'n_missing_train': 0, 'n_missing_valid': 0, 'sample_weight': None}
2026-02-24 07:43:36.052 - INFO - 44 - azureml.training.tabular.score._scoring_utilities.__init__:522 - No positive_label provided but detected a binary classification task
2026-02-24 07:43:36.052 - INFO - 44 - azureml.training.tabular.score._scoring_utilities.__init__:522 - No positive_label provided but detected a binary classification task
2026-02-24 07:43:36.054 - INFO - 44 - azureml.training.tabular.score._validation.log_classification_debug:194 - Classification metrics debug: {'y_test': (125,), 'y_pred_probs': (125, 2), 'unique_y_test': (2,), 'class_labels': (2,), 'train_labels': (2,), 'n_missing_train': 0, 'n_missing_valid': 0, 'sample_weight': None}
2026-02-24 07:43:36.054 - INFO - 44 - azureml.training.tabular.score._validation.log_classification_debug:194 - Classification metrics debug: {'y_test': (125,), 'y_pred_probs': (125, 2), 'unique_y_test': (2,), 'class_labels': (2,), 'train_labels': (2,), 'n_missing_train': 0, 'n_missing_valid': 0, 'sample_weight': None}
2026-02-24 07:43:36.055 - INFO - 44 - azureml.training.tabular.score._scoring_utilities.__init__:522 - No positive_label provided but detected a binary classification task
2026-02-24 07:43:36.055 - INFO - 44 - azureml.training.tabular.score._scoring_utilities.__init__:522 - No positive_label provided but detected a binary classification task
2026-02-24 07:43:36.057 - INFO - 44 - azureml.training.tabular.score._validation.log_classification_debug:194 - Classification metrics debug: {'y_test': (126,), 'y_pred_probs': (126, 2), 'unique_y_test': (2,), 'class_labels': (2,), 'train_labels': (2,), 'n_missing_train': 0, 'n_missing_valid': 0, 'sample_weight': None}
2026-02-24 07:43:36.057 - INFO - 44 - azureml.training.tabular.score._validation.log_classification_debug:194 - Classification metrics debug: {'y_test': (126,), 'y_pred_probs': (126, 2), 'unique_y_test': (2,), 'class_labels': (2,), 'train_labels': (2,), 'n_missing_train': 0, 'n_missing_valid': 0, 'sample_weight': None}
2026-02-24 07:43:36.058 - INFO - 44 - azureml.training.tabular.score._scoring_utilities.__init__:522 - No positive_label provided but detected a binary classification task
2026-02-24 07:43:36.058 - INFO - 44 - azureml.training.tabular.score._scoring_utilities.__init__:522 - No positive_label provided but detected a binary classification task
2026-02-24 07:43:36.060 - INFO - 44 - azureml.training.tabular.score._validation.log_classification_debug:194 - Classification metrics debug: {'y_test': (126,), 'y_pred_probs': (126, 2), 'unique_y_test': (2,), 'class_labels': (2,), 'train_labels': (2,), 'n_missing_train': 0, 'n_missing_valid': 0, 'sample_weight': None}
2026-02-24 07:43:36.060 - INFO - 44 - azureml.training.tabular.score._validation.log_classification_debug:194 - Classification metrics debug: {'y_test': (126,), 'y_pred_probs': (126, 2), 'unique_y_test': (2,), 'class_labels': (2,), 'train_labels': (2,), 'n_missing_train': 0, 'n_missing_valid': 0, 'sample_weight': None}
2026-02-24 07:43:36.061 - INFO - 44 - azureml.training.tabular.score._scoring_utilities.__init__:522 - No positive_label provided but detected a binary classification task
2026-02-24 07:43:36.061 - INFO - 44 - azureml.training.tabular.score._scoring_utilities.__init__:522 - No positive_label provided but detected a binary classification task
2026-02-24 07:43:36.063 - INFO - 44 - azureml.training.tabular.score._validation.log_classification_debug:194 - Classification metrics debug: {'y_test': (126,), 'y_pred_probs': (126, 2), 'unique_y_test': (2,), 'class_labels': (2,), 'train_labels': (2,), 'n_missing_train': 0, 'n_missing_valid': 0, 'sample_weight': None}
2026-02-24 07:43:36.063 - INFO - 44 - azureml.training.tabular.score._validation.log_classification_debug:194 - Classification metrics debug: {'y_test': (126,), 'y_pred_probs': (126, 2), 'unique_y_test': (2,), 'class_labels': (2,), 'train_labels': (2,), 'n_missing_train': 0, 'n_missing_valid': 0, 'sample_weight': None}
2026-02-24 07:43:36.064 - INFO - 44 - azureml.training.tabular.score._scoring_utilities.__init__:522 - No positive_label provided but detected a binary classification task
2026-02-24 07:43:36.064 - INFO - 44 - azureml.training.tabular.score._scoring_utilities.__init__:522 - No positive_label provided but detected a binary classification task
2026-02-24 07:43:36.066 - INFO - 44 - azureml.training.tabular.score._validation.log_classification_debug:194 - Classification metrics debug: {'y_test': (125,), 'y_pred_probs': (125, 2), 'unique_y_test': (2,), 'class_labels': (2,), 'train_labels': (2,), 'n_missing_train': 0, 'n_missing_valid': 0, 'sample_weight': None}
2026-02-24 07:43:36.066 - INFO - 44 - azureml.training.tabular.score._validation.log_classification_debug:194 - Classification metrics debug: {'y_test': (125,), 'y_pred_probs': (125, 2), 'unique_y_test': (2,), 'class_labels': (2,), 'train_labels': (2,), 'n_missing_train': 0, 'n_missing_valid': 0, 'sample_weight': None}
2026-02-24 07:43:36.066 - INFO - 44 - azureml.training.tabular.score._scoring_utilities.__init__:522 - No positive_label provided but detected a binary classification task
2026-02-24 07:43:36.066 - INFO - 44 - azureml.training.tabular.score._scoring_utilities.__init__:522 - No positive_label provided but detected a binary classification task
2026-02-24 07:43:36.068 - INFO - 44 - azureml.training.tabular.score._validation.log_classification_debug:194 - Classification metrics debug: {'y_test': (125,), 'y_pred_probs': (125, 2), 'unique_y_test': (2,), 'class_labels': (2,), 'train_labels': (2,), 'n_missing_train': 0, 'n_missing_valid': 0, 'sample_weight': None}
2026-02-24 07:43:36.068 - INFO - 44 - azureml.training.tabular.score._validation.log_classification_debug:194 - Classification metrics debug: {'y_test': (125,), 'y_pred_probs': (125, 2), 'unique_y_test': (2,), 'class_labels': (2,), 'train_labels': (2,), 'n_missing_train': 0, 'n_missing_valid': 0, 'sample_weight': None}
2026-02-24 07:43:36.069 - INFO - 44 - azureml.training.tabular.score._scoring_utilities.__init__:522 - No positive_label provided but detected a binary classification task
2026-02-24 07:43:36.069 - INFO - 44 - azureml.training.tabular.score._scoring_utilities.__init__:522 - No positive_label provided but detected a binary classification task
2026-02-24 07:43:36.071 - INFO - 44 - azureml.training.tabular.score._validation.log_classification_debug:194 - Classification metrics debug: {'y_test': (126,), 'y_pred_probs': (126, 2), 'unique_y_test': (2,), 'class_labels': (2,), 'train_labels': (2,), 'n_missing_train': 0, 'n_missing_valid': 0, 'sample_weight': None}
2026-02-24 07:43:36.071 - INFO - 44 - azureml.training.tabular.score._validation.log_classification_debug:194 - Classification metrics debug: {'y_test': (126,), 'y_pred_probs': (126, 2), 'unique_y_test': (2,), 'class_labels': (2,), 'train_labels': (2,), 'n_missing_train': 0, 'n_missing_valid': 0, 'sample_weight': None}
2026-02-24 07:43:36.072 - INFO - 44 - azureml.training.tabular.score._scoring_utilities.__init__:522 - No positive_label provided but detected a binary classification task
2026-02-24 07:43:36.072 - INFO - 44 - azureml.training.tabular.score._scoring_utilities.__init__:522 - No positive_label provided but detected a binary classification task
2026-02-24 07:43:36.074 - INFO - 44 - azureml.training.tabular.score._validation.log_classification_debug:194 - Classification metrics debug: {'y_test': (126,), 'y_pred_probs': (126, 2), 'unique_y_test': (2,), 'class_labels': (2,), 'train_labels': (2,), 'n_missing_train': 0, 'n_missing_valid': 0, 'sample_weight': None}
2026-02-24 07:43:36.074 - INFO - 44 - azureml.training.tabular.score._validation.log_classification_debug:194 - Classification metrics debug: {'y_test': (126,), 'y_pred_probs': (126, 2), 'unique_y_test': (2,), 'class_labels': (2,), 'train_labels': (2,), 'n_missing_train': 0, 'n_missing_valid': 0, 'sample_weight': None}
2026-02-24 07:43:36.075 - INFO - 44 - azureml.training.tabular.score._scoring_utilities.__init__:522 - No positive_label provided but detected a binary classification task
2026-02-24 07:43:36.075 - INFO - 44 - azureml.training.tabular.score._scoring_utilities.__init__:522 - No positive_label provided but detected a binary classification task
2026-02-24 07:43:36.077 - INFO - 44 - azureml.training.tabular.score._validation.log_classification_debug:194 - Classification metrics debug: {'y_test': (126,), 'y_pred_probs': (126, 2), 'unique_y_test': (2,), 'class_labels': (2,), 'train_labels': (2,), 'n_missing_train': 0, 'n_missing_valid': 0, 'sample_weight': None}
2026-02-24 07:43:36.077 - INFO - 44 - azureml.training.tabular.score._validation.log_classification_debug:194 - Classification metrics debug: {'y_test': (126,), 'y_pred_probs': (126, 2), 'unique_y_test': (2,), 'class_labels': (2,), 'train_labels': (2,), 'n_missing_train': 0, 'n_missing_valid': 0, 'sample_weight': None}
2026-02-24 07:43:36.078 - INFO - 44 - azureml.training.tabular.score._scoring_utilities.__init__:522 - No positive_label provided but detected a binary classification task
2026-02-24 07:43:36.078 - INFO - 44 - azureml.training.tabular.score._scoring_utilities.__init__:522 - No positive_label provided but detected a binary classification task
2026-02-24 07:43:36.080 - INFO - 44 - azureml.training.tabular.score._validation.log_classification_debug:194 - Classification metrics debug: {'y_test': (125,), 'y_pred_probs': (125, 2), 'unique_y_test': (2,), 'class_labels': (2,), 'train_labels': (2,), 'n_missing_train': 0, 'n_missing_valid': 0, 'sample_weight': None}
2026-02-24 07:43:36.080 - INFO - 44 - azureml.training.tabular.score._validation.log_classification_debug:194 - Classification metrics debug: {'y_test': (125,), 'y_pred_probs': (125, 2), 'unique_y_test': (2,), 'class_labels': (2,), 'train_labels': (2,), 'n_missing_train': 0, 'n_missing_valid': 0, 'sample_weight': None}
2026-02-24 07:43:36.081 - INFO - 44 - azureml.training.tabular.score._scoring_utilities.__init__:522 - No positive_label provided but detected a binary classification task
2026-02-24 07:43:36.081 - INFO - 44 - azureml.training.tabular.score._scoring_utilities.__init__:522 - No positive_label provided but detected a binary classification task
2026-02-24 07:43:36.082 - INFO - 44 - azureml.training.tabular.score._validation.log_classification_debug:194 - Classification metrics debug: {'y_test': (125,), 'y_pred_probs': (125, 2), 'unique_y_test': (2,), 'class_labels': (2,), 'train_labels': (2,), 'n_missing_train': 0, 'n_missing_valid': 0, 'sample_weight': None}
2026-02-24 07:43:36.082 - INFO - 44 - azureml.training.tabular.score._validation.log_classification_debug:194 - Classification metrics debug: {'y_test': (125,), 'y_pred_probs': (125, 2), 'unique_y_test': (2,), 'class_labels': (2,), 'train_labels': (2,), 'n_missing_train': 0, 'n_missing_valid': 0, 'sample_weight': None}
2026-02-24 07:43:36.083 - INFO - 44 - azureml.training.tabular.score._scoring_utilities.__init__:522 - No positive_label provided but detected a binary classification task
2026-02-24 07:43:36.083 - INFO - 44 - azureml.training.tabular.score._scoring_utilities.__init__:522 - No positive_label provided but detected a binary classification task
2026-02-24 07:43:36.086 - INFO - 44 - azureml.training.tabular.score._validation.log_classification_debug:194 - Classification metrics debug: {'y_test': (126,), 'y_pred_probs': (126, 2), 'unique_y_test': (2,), 'class_labels': (2,), 'train_labels': (2,), 'n_missing_train': 0, 'n_missing_valid': 0, 'sample_weight': None}
2026-02-24 07:43:36.086 - INFO - 44 - azureml.training.tabular.score._validation.log_classification_debug:194 - Classification metrics debug: {'y_test': (126,), 'y_pred_probs': (126, 2), 'unique_y_test': (2,), 'class_labels': (2,), 'train_labels': (2,), 'n_missing_train': 0, 'n_missing_valid': 0, 'sample_weight': None}
2026-02-24 07:43:36.086 - INFO - 44 - azureml.training.tabular.score._scoring_utilities.__init__:522 - No positive_label provided but detected a binary classification task
2026-02-24 07:43:36.086 - INFO - 44 - azureml.training.tabular.score._scoring_utilities.__init__:522 - No positive_label provided but detected a binary classification task
2026-02-24 07:43:36.088 - INFO - 44 - azureml.training.tabular.score._validation.log_classification_debug:194 - Classification metrics debug: {'y_test': (126,), 'y_pred_probs': (126, 2), 'unique_y_test': (2,), 'class_labels': (2,), 'train_labels': (2,), 'n_missing_train': 0, 'n_missing_valid': 0, 'sample_weight': None}
2026-02-24 07:43:36.088 - INFO - 44 - azureml.training.tabular.score._validation.log_classification_debug:194 - Classification metrics debug: {'y_test': (126,), 'y_pred_probs': (126, 2), 'unique_y_test': (2,), 'class_labels': (2,), 'train_labels': (2,), 'n_missing_train': 0, 'n_missing_valid': 0, 'sample_weight': None}
2026-02-24 07:43:36.089 - INFO - 44 - azureml.training.tabular.score._scoring_utilities.__init__:522 - No positive_label provided but detected a binary classification task
2026-02-24 07:43:36.089 - INFO - 44 - azureml.training.tabular.score._scoring_utilities.__init__:522 - No positive_label provided but detected a binary classification task
2026-02-24 07:43:36.091 - INFO - 44 - azureml.training.tabular.score._validation.log_classification_debug:194 - Classification metrics debug: {'y_test': (126,), 'y_pred_probs': (126, 2), 'unique_y_test': (2,), 'class_labels': (2,), 'train_labels': (2,), 'n_missing_train': 0, 'n_missing_valid': 0, 'sample_weight': None}
2026-02-24 07:43:36.091 - INFO - 44 - azureml.training.tabular.score._validation.log_classification_debug:194 - Classification metrics debug: {'y_test': (126,), 'y_pred_probs': (126, 2), 'unique_y_test': (2,), 'class_labels': (2,), 'train_labels': (2,), 'n_missing_train': 0, 'n_missing_valid': 0, 'sample_weight': None}
2026-02-24 07:43:36.092 - INFO - 44 - azureml.training.tabular.score._scoring_utilities.__init__:522 - No positive_label provided but detected a binary classification task
2026-02-24 07:43:36.092 - INFO - 44 - azureml.training.tabular.score._scoring_utilities.__init__:522 - No positive_label provided but detected a binary classification task
2026-02-24 07:43:36.094 - INFO - 44 - azureml.training.tabular.score._validation.log_classification_debug:194 - Classification metrics debug: {'y_test': (125,), 'y_pred_probs': (125, 2), 'unique_y_test': (2,), 'class_labels': (2,), 'train_labels': (2,), 'n_missing_train': 0, 'n_missing_valid': 0, 'sample_weight': None}
2026-02-24 07:43:36.094 - INFO - 44 - azureml.training.tabular.score._validation.log_classification_debug:194 - Classification metrics debug: {'y_test': (125,), 'y_pred_probs': (125, 2), 'unique_y_test': (2,), 'class_labels': (2,), 'train_labels': (2,), 'n_missing_train': 0, 'n_missing_valid': 0, 'sample_weight': None}
2026-02-24 07:43:36.095 - INFO - 44 - azureml.training.tabular.score._scoring_utilities.__init__:522 - No positive_label provided but detected a binary classification task
2026-02-24 07:43:36.095 - INFO - 44 - azureml.training.tabular.score._scoring_utilities.__init__:522 - No positive_label provided but detected a binary classification task
2026-02-24 07:43:36.097 - INFO - 44 - azureml.training.tabular.score._validation.log_classification_debug:194 - Classification metrics debug: {'y_test': (125,), 'y_pred_probs': (125, 2), 'unique_y_test': (2,), 'class_labels': (2,), 'train_labels': (2,), 'n_missing_train': 0, 'n_missing_valid': 0, 'sample_weight': None}
2026-02-24 07:43:36.097 - INFO - 44 - azureml.training.tabular.score._validation.log_classification_debug:194 - Classification metrics debug: {'y_test': (125,), 'y_pred_probs': (125, 2), 'unique_y_test': (2,), 'class_labels': (2,), 'train_labels': (2,), 'n_missing_train': 0, 'n_missing_valid': 0, 'sample_weight': None}
2026-02-24 07:43:36.097 - INFO - 44 - azureml.training.tabular.score._scoring_utilities.__init__:522 - No positive_label provided but detected a binary classification task
2026-02-24 07:43:36.097 - INFO - 44 - azureml.training.tabular.score._scoring_utilities.__init__:522 - No positive_label provided but detected a binary classification task
2026-02-24 07:43:36.100 - INFO - 44 - azureml.training.tabular.score._validation.log_classification_debug:194 - Classification metrics debug: {'y_test': (126,), 'y_pred_probs': (126, 2), 'unique_y_test': (2,), 'class_labels': (2,), 'train_labels': (2,), 'n_missing_train': 0, 'n_missing_valid': 0, 'sample_weight': None}
2026-02-24 07:43:36.100 - INFO - 44 - azureml.training.tabular.score._validation.log_classification_debug:194 - Classification metrics debug: {'y_test': (126,), 'y_pred_probs': (126, 2), 'unique_y_test': (2,), 'class_labels': (2,), 'train_labels': (2,), 'n_missing_train': 0, 'n_missing_valid': 0, 'sample_weight': None}
2026-02-24 07:43:36.100 - INFO - 44 - azureml.training.tabular.score._scoring_utilities.__init__:522 - No positive_label provided but detected a binary classification task
2026-02-24 07:43:36.100 - INFO - 44 - azureml.training.tabular.score._scoring_utilities.__init__:522 - No positive_label provided but detected a binary classification task
2026-02-24 07:43:36.102 - INFO - 44 - azureml.training.tabular.score._validation.log_classification_debug:194 - Classification metrics debug: {'y_test': (126,), 'y_pred_probs': (126, 2), 'unique_y_test': (2,), 'class_labels': (2,), 'train_labels': (2,), 'n_missing_train': 0, 'n_missing_valid': 0, 'sample_weight': None}
2026-02-24 07:43:36.102 - INFO - 44 - azureml.training.tabular.score._validation.log_classification_debug:194 - Classification metrics debug: {'y_test': (126,), 'y_pred_probs': (126, 2), 'unique_y_test': (2,), 'class_labels': (2,), 'train_labels': (2,), 'n_missing_train': 0, 'n_missing_valid': 0, 'sample_weight': None}
2026-02-24 07:43:36.103 - INFO - 44 - azureml.training.tabular.score._scoring_utilities.__init__:522 - No positive_label provided but detected a binary classification task
2026-02-24 07:43:36.103 - INFO - 44 - azureml.training.tabular.score._scoring_utilities.__init__:522 - No positive_label provided but detected a binary classification task
2026-02-24 07:43:36.105 - INFO - 44 - azureml.training.tabular.score._validation.log_classification_debug:194 - Classification metrics debug: {'y_test': (126,), 'y_pred_probs': (126, 2), 'unique_y_test': (2,), 'class_labels': (2,), 'train_labels': (2,), 'n_missing_train': 0, 'n_missing_valid': 0, 'sample_weight': None}
2026-02-24 07:43:36.105 - INFO - 44 - azureml.training.tabular.score._validation.log_classification_debug:194 - Classification metrics debug: {'y_test': (126,), 'y_pred_probs': (126, 2), 'unique_y_test': (2,), 'class_labels': (2,), 'train_labels': (2,), 'n_missing_train': 0, 'n_missing_valid': 0, 'sample_weight': None}
2026-02-24 07:43:36.106 - INFO - 44 - azureml.training.tabular.score._scoring_utilities.__init__:522 - No positive_label provided but detected a binary classification task
2026-02-24 07:43:36.106 - INFO - 44 - azureml.training.tabular.score._scoring_utilities.__init__:522 - No positive_label provided but detected a binary classification task
2026-02-24 07:43:36.108 - INFO - 44 - azureml.training.tabular.score._validation.log_classification_debug:194 - Classification metrics debug: {'y_test': (125,), 'y_pred_probs': (125, 2), 'unique_y_test': (2,), 'class_labels': (2,), 'train_labels': (2,), 'n_missing_train': 0, 'n_missing_valid': 0, 'sample_weight': None}
2026-02-24 07:43:36.108 - INFO - 44 - azureml.training.tabular.score._validation.log_classification_debug:194 - Classification metrics debug: {'y_test': (125,), 'y_pred_probs': (125, 2), 'unique_y_test': (2,), 'class_labels': (2,), 'train_labels': (2,), 'n_missing_train': 0, 'n_missing_valid': 0, 'sample_weight': None}
2026-02-24 07:43:36.109 - INFO - 44 - azureml.training.tabular.score._scoring_utilities.__init__:522 - No positive_label provided but detected a binary classification task
2026-02-24 07:43:36.109 - INFO - 44 - azureml.training.tabular.score._scoring_utilities.__init__:522 - No positive_label provided but detected a binary classification task
2026-02-24 07:43:36.111 - INFO - 44 - azureml.training.tabular.score._validation.log_classification_debug:194 - Classification metrics debug: {'y_test': (125,), 'y_pred_probs': (125, 2), 'unique_y_test': (2,), 'class_labels': (2,), 'train_labels': (2,), 'n_missing_train': 0, 'n_missing_valid': 0, 'sample_weight': None}
2026-02-24 07:43:36.111 - INFO - 44 - azureml.training.tabular.score._validation.log_classification_debug:194 - Classification metrics debug: {'y_test': (125,), 'y_pred_probs': (125, 2), 'unique_y_test': (2,), 'class_labels': (2,), 'train_labels': (2,), 'n_missing_train': 0, 'n_missing_valid': 0, 'sample_weight': None}
2026-02-24 07:43:36.112 - INFO - 44 - azureml.training.tabular.score._scoring_utilities.__init__:522 - No positive_label provided but detected a binary classification task
2026-02-24 07:43:36.112 - INFO - 44 - azureml.training.tabular.score._scoring_utilities.__init__:522 - No positive_label provided but detected a binary classification task
2026-02-24 07:43:36.114 - INFO - 44 - azureml.training.tabular.score._validation.log_classification_debug:194 - Classification metrics debug: {'y_test': (126,), 'y_pred_probs': (126, 2), 'unique_y_test': (2,), 'class_labels': (2,), 'train_labels': (2,), 'n_missing_train': 0, 'n_missing_valid': 0, 'sample_weight': None}
2026-02-24 07:43:36.114 - INFO - 44 - azureml.training.tabular.score._validation.log_classification_debug:194 - Classification metrics debug: {'y_test': (126,), 'y_pred_probs': (126, 2), 'unique_y_test': (2,), 'class_labels': (2,), 'train_labels': (2,), 'n_missing_train': 0, 'n_missing_valid': 0, 'sample_weight': None}
2026-02-24 07:43:36.115 - INFO - 44 - azureml.training.tabular.score._scoring_utilities.__init__:522 - No positive_label provided but detected a binary classification task
2026-02-24 07:43:36.115 - INFO - 44 - azureml.training.tabular.score._scoring_utilities.__init__:522 - No positive_label provided but detected a binary classification task
2026-02-24 07:43:36.117 - INFO - 44 - azureml.training.tabular.score._validation.log_classification_debug:194 - Classification metrics debug: {'y_test': (126,), 'y_pred_probs': (126, 2), 'unique_y_test': (2,), 'class_labels': (2,), 'train_labels': (2,), 'n_missing_train': 0, 'n_missing_valid': 0, 'sample_weight': None}
2026-02-24 07:43:36.117 - INFO - 44 - azureml.training.tabular.score._validation.log_classification_debug:194 - Classification metrics debug: {'y_test': (126,), 'y_pred_probs': (126, 2), 'unique_y_test': (2,), 'class_labels': (2,), 'train_labels': (2,), 'n_missing_train': 0, 'n_missing_valid': 0, 'sample_weight': None}
2026-02-24 07:43:36.117 - INFO - 44 - azureml.training.tabular.score._scoring_utilities.__init__:522 - No positive_label provided but detected a binary classification task
2026-02-24 07:43:36.117 - INFO - 44 - azureml.training.tabular.score._scoring_utilities.__init__:522 - No positive_label provided but detected a binary classification task
2026-02-24 07:43:36.119 - INFO - 44 - azureml.training.tabular.score._validation.log_classification_debug:194 - Classification metrics debug: {'y_test': (126,), 'y_pred_probs': (126, 2), 'unique_y_test': (2,), 'class_labels': (2,), 'train_labels': (2,), 'n_missing_train': 0, 'n_missing_valid': 0, 'sample_weight': None}
2026-02-24 07:43:36.119 - INFO - 44 - azureml.training.tabular.score._validation.log_classification_debug:194 - Classification metrics debug: {'y_test': (126,), 'y_pred_probs': (126, 2), 'unique_y_test': (2,), 'class_labels': (2,), 'train_labels': (2,), 'n_missing_train': 0, 'n_missing_valid': 0, 'sample_weight': None}
2026-02-24 07:43:36.120 - INFO - 44 - azureml.training.tabular.score._scoring_utilities.__init__:522 - No positive_label provided but detected a binary classification task
2026-02-24 07:43:36.120 - INFO - 44 - azureml.training.tabular.score._scoring_utilities.__init__:522 - No positive_label provided but detected a binary classification task
2026-02-24 07:43:36.122 - INFO - 44 - azureml.training.tabular.score._validation.log_classification_debug:194 - Classification metrics debug: {'y_test': (125,), 'y_pred_probs': (125, 2), 'unique_y_test': (2,), 'class_labels': (2,), 'train_labels': (2,), 'n_missing_train': 0, 'n_missing_valid': 0, 'sample_weight': None}
2026-02-24 07:43:36.122 - INFO - 44 - azureml.training.tabular.score._validation.log_classification_debug:194 - Classification metrics debug: {'y_test': (125,), 'y_pred_probs': (125, 2), 'unique_y_test': (2,), 'class_labels': (2,), 'train_labels': (2,), 'n_missing_train': 0, 'n_missing_valid': 0, 'sample_weight': None}
2026-02-24 07:43:36.123 - INFO - 44 - azureml.training.tabular.score._scoring_utilities.__init__:522 - No positive_label provided but detected a binary classification task
2026-02-24 07:43:36.123 - INFO - 44 - azureml.training.tabular.score._scoring_utilities.__init__:522 - No positive_label provided but detected a binary classification task
2026-02-24 07:43:36.125 - INFO - 44 - azureml.training.tabular.score._validation.log_classification_debug:194 - Classification metrics debug: {'y_test': (125,), 'y_pred_probs': (125, 2), 'unique_y_test': (2,), 'class_labels': (2,), 'train_labels': (2,), 'n_missing_train': 0, 'n_missing_valid': 0, 'sample_weight': None}
2026-02-24 07:43:36.125 - INFO - 44 - azureml.training.tabular.score._validation.log_classification_debug:194 - Classification metrics debug: {'y_test': (125,), 'y_pred_probs': (125, 2), 'unique_y_test': (2,), 'class_labels': (2,), 'train_labels': (2,), 'n_missing_train': 0, 'n_missing_valid': 0, 'sample_weight': None}
2026-02-24 07:43:36.126 - INFO - 44 - azureml.training.tabular.score._scoring_utilities.__init__:522 - No positive_label provided but detected a binary classification task
2026-02-24 07:43:36.126 - INFO - 44 - azureml.training.tabular.score._scoring_utilities.__init__:522 - No positive_label provided but detected a binary classification task
2026-02-24 07:43:36.128 - INFO - 44 - azureml.training.tabular.score._validation.log_classification_debug:194 - Classification metrics debug: {'y_test': (126,), 'y_pred_probs': (126, 2), 'unique_y_test': (2,), 'class_labels': (2,), 'train_labels': (2,), 'n_missing_train': 0, 'n_missing_valid': 0, 'sample_weight': None}
2026-02-24 07:43:36.128 - INFO - 44 - azureml.training.tabular.score._validation.log_classification_debug:194 - Classification metrics debug: {'y_test': (126,), 'y_pred_probs': (126, 2), 'unique_y_test': (2,), 'class_labels': (2,), 'train_labels': (2,), 'n_missing_train': 0, 'n_missing_valid': 0, 'sample_weight': None}
2026-02-24 07:43:36.129 - INFO - 44 - azureml.training.tabular.score._scoring_utilities.__init__:522 - No positive_label provided but detected a binary classification task
2026-02-24 07:43:36.129 - INFO - 44 - azureml.training.tabular.score._scoring_utilities.__init__:522 - No positive_label provided but detected a binary classification task
2026-02-24 07:43:36.131 - INFO - 44 - azureml.training.tabular.score._validation.log_classification_debug:194 - Classification metrics debug: {'y_test': (126,), 'y_pred_probs': (126, 2), 'unique_y_test': (2,), 'class_labels': (2,), 'train_labels': (2,), 'n_missing_train': 0, 'n_missing_valid': 0, 'sample_weight': None}
2026-02-24 07:43:36.131 - INFO - 44 - azureml.training.tabular.score._validation.log_classification_debug:194 - Classification metrics debug: {'y_test': (126,), 'y_pred_probs': (126, 2), 'unique_y_test': (2,), 'class_labels': (2,), 'train_labels': (2,), 'n_missing_train': 0, 'n_missing_valid': 0, 'sample_weight': None}
2026-02-24 07:43:36.131 - INFO - 44 - azureml.training.tabular.score._scoring_utilities.__init__:522 - No positive_label provided but detected a binary classification task
2026-02-24 07:43:36.131 - INFO - 44 - azureml.training.tabular.score._scoring_utilities.__init__:522 - No positive_label provided but detected a binary classification task
2026-02-24 07:43:36.133 - INFO - 44 - azureml.training.tabular.score._validation.log_classification_debug:194 - Classification metrics debug: {'y_test': (126,), 'y_pred_probs': (126, 2), 'unique_y_test': (2,), 'class_labels': (2,), 'train_labels': (2,), 'n_missing_train': 0, 'n_missing_valid': 0, 'sample_weight': None}
2026-02-24 07:43:36.133 - INFO - 44 - azureml.training.tabular.score._validation.log_classification_debug:194 - Classification metrics debug: {'y_test': (126,), 'y_pred_probs': (126, 2), 'unique_y_test': (2,), 'class_labels': (2,), 'train_labels': (2,), 'n_missing_train': 0, 'n_missing_valid': 0, 'sample_weight': None}
2026-02-24 07:43:36.134 - INFO - 44 - azureml.training.tabular.score._scoring_utilities.__init__:522 - No positive_label provided but detected a binary classification task
2026-02-24 07:43:36.134 - INFO - 44 - azureml.training.tabular.score._scoring_utilities.__init__:522 - No positive_label provided but detected a binary classification task
2026-02-24 07:43:36.136 - INFO - 44 - azureml.training.tabular.score._validation.log_classification_debug:194 - Classification metrics debug: {'y_test': (125,), 'y_pred_probs': (125, 2), 'unique_y_test': (2,), 'class_labels': (2,), 'train_labels': (2,), 'n_missing_train': 0, 'n_missing_valid': 0, 'sample_weight': None}
2026-02-24 07:43:36.136 - INFO - 44 - azureml.training.tabular.score._validation.log_classification_debug:194 - Classification metrics debug: {'y_test': (125,), 'y_pred_probs': (125, 2), 'unique_y_test': (2,), 'class_labels': (2,), 'train_labels': (2,), 'n_missing_train': 0, 'n_missing_valid': 0, 'sample_weight': None}
2026-02-24 07:43:36.137 - INFO - 44 - azureml.training.tabular.score._scoring_utilities.__init__:522 - No positive_label provided but detected a binary classification task
2026-02-24 07:43:36.137 - INFO - 44 - azureml.training.tabular.score._scoring_utilities.__init__:522 - No positive_label provided but detected a binary classification task
2026-02-24 07:43:36.139 - INFO - 44 - azureml.training.tabular.score._validation.log_classification_debug:194 - Classification metrics debug: {'y_test': (125,), 'y_pred_probs': (125, 2), 'unique_y_test': (2,), 'class_labels': (2,), 'train_labels': (2,), 'n_missing_train': 0, 'n_missing_valid': 0, 'sample_weight': None}
2026-02-24 07:43:36.139 - INFO - 44 - azureml.training.tabular.score._validation.log_classification_debug:194 - Classification metrics debug: {'y_test': (125,), 'y_pred_probs': (125, 2), 'unique_y_test': (2,), 'class_labels': (2,), 'train_labels': (2,), 'n_missing_train': 0, 'n_missing_valid': 0, 'sample_weight': None}
2026-02-24 07:43:36.140 - INFO - 44 - azureml.training.tabular.score._scoring_utilities.__init__:522 - No positive_label provided but detected a binary classification task
2026-02-24 07:43:36.140 - INFO - 44 - azureml.training.tabular.score._scoring_utilities.__init__:522 - No positive_label provided but detected a binary classification task
2026-02-24 07:43:36.142 - INFO - 44 - azureml.automl.runtime._ml_engine.ensemble.ensemble_selector.select:208 - Final ensemble: [0, 1, 2, 3, 4, 0, 0], score: 0.8137015873015873. Best individual model score: 0.8105142857142857
2026-02-24 07:43:36.142 - INFO - 44 - azureml.automl.runtime._ml_engine.ensemble.ensemble_selector.select:208 - Final ensemble: [0, 1, 2, 3, 4, 0, 0], score: 0.8137015873015873. Best individual model score: 0.8105142857142857
2026-02-24 07:43:36.142 - INFO - 44 - azureml.automl.runtime._ml_engine.ensemble.ensemble_selector.select:215 - Unique models IDs in the ensemble: [0, 1, 2, 3, 4]. Weights: [0.42857142857142855, 0.14285714285714285, 0.14285714285714285, 0.14285714285714285, 0.14285714285714285]
2026-02-24 07:43:36.142 - INFO - 44 - azureml.automl.runtime._ml_engine.ensemble.ensemble_selector.select:215 - Unique models IDs in the ensemble: [0, 1, 2, 3, 4]. Weights: [0.42857142857142855, 0.14285714285714285, 0.14285714285714285, 0.14285714285714285, 0.14285714285714285]
2026-02-24 07:43:36.142 - INFO - 44 - azureml.automl.runtime.ensemble_base.fit_ensemble:138 - Selected the pipelines for the ensemble in 1 seconds
2026-02-24 07:43:36.142 - INFO - 44 - azureml.automl.runtime.ensemble_base.fit_ensemble:138 - Selected the pipelines for the ensemble in 1 seconds
2026-02-24 07:43:36.319 - INFO - 44 - azureml.automl.runtime.ensemble_base._save_ensemble_metrics:356 - Ensembled iterations: [7, 4, 3, 6, 1]. Ensembled algos: ['LogisticRegression', 'LightGBM', 'XGBoostClassifier', 'XGBoostClassifier', 'XGBoostClassifier']
2026-02-24 07:43:36.319 - INFO - 44 - azureml.automl.runtime.ensemble_base._save_ensemble_metrics:356 - Ensembled iterations: [7, 4, 3, 6, 1]. Ensembled algos: ['LogisticRegression', 'LightGBM', 'XGBoostClassifier', 'XGBoostClassifier', 'XGBoostClassifier']
2026-02-24 07:43:36.432 - INFO - 44 - azureml.automl.runtime.ensemble_base._download_model:285 - Downloaded fitted pipeline(s) of size 37314 for child run affable_sponge_tdrx61lbhy_3
2026-02-24 07:43:36.432 - INFO - 44 - azureml.automl.runtime.ensemble_base._download_model:285 - Downloaded fitted pipeline(s) of size 37314 for child run affable_sponge_tdrx61lbhy_3
2026-02-24 07:43:36.433 - INFO - 44 - azureml.automl.runtime.featurization.data_transformer.__init__:190 - Feature sweeping enabled: False
2026-02-24 07:43:36.433 - INFO - 44 - azureml.automl.runtime.featurization.data_transformer.__init__:190 - Feature sweeping enabled: False
2026-02-24 07:43:36.436 - INFO - 44 - azureml.automl.runtime.featurization.data_transformer.__init__:191 - Feature sweeping timeout: 86400
2026-02-24 07:43:36.436 - INFO - 44 - azureml.automl.runtime.featurization.data_transformer.__init__:191 - Feature sweeping timeout: 86400
2026-02-24 07:43:36.439 - INFO - 44 - azureml.automl.runtime.ensemble_base._download_model:285 - Downloaded fitted pipeline(s) of size 38293 for child run affable_sponge_tdrx61lbhy_4
2026-02-24 07:43:36.439 - INFO - 44 - azureml.automl.runtime.ensemble_base._download_model:285 - Downloaded fitted pipeline(s) of size 38293 for child run affable_sponge_tdrx61lbhy_4
2026-02-24 07:43:36.440 - INFO - 44 - azureml.automl.runtime.ensemble_base._download_model:298 - Finished transforming the fitted pipeline for child run affable_sponge_tdrx61lbhy_3.
2026-02-24 07:43:36.440 - INFO - 44 - azureml.automl.runtime.ensemble_base._download_model:298 - Finished transforming the fitted pipeline for child run affable_sponge_tdrx61lbhy_3.
2026-02-24 07:43:36.442 - INFO - 44 - azureml.automl.runtime.ensemble_base._download_model:285 - Downloaded fitted pipeline(s) of size 65579 for child run affable_sponge_tdrx61lbhy_6
2026-02-24 07:43:36.442 - INFO - 44 - azureml.automl.runtime.ensemble_base._download_model:285 - Downloaded fitted pipeline(s) of size 65579 for child run affable_sponge_tdrx61lbhy_6
2026-02-24 07:43:36.443 - INFO - 44 - azureml.automl.runtime.featurization.data_transformer.__init__:190 - Feature sweeping enabled: False
2026-02-24 07:43:36.443 - INFO - 44 - azureml.automl.runtime.featurization.data_transformer.__init__:190 - Feature sweeping enabled: False
2026-02-24 07:43:36.444 - INFO - 44 - azureml.automl.runtime.featurization.data_transformer.__init__:191 - Feature sweeping timeout: 86400
2026-02-24 07:43:36.444 - INFO - 44 - azureml.automl.runtime.featurization.data_transformer.__init__:191 - Feature sweeping timeout: 86400
2026-02-24 07:43:36.446 - INFO - 44 - azureml.automl.runtime.featurization.data_transformer.__init__:190 - Feature sweeping enabled: False
2026-02-24 07:43:36.446 - INFO - 44 - azureml.automl.runtime.featurization.data_transformer.__init__:190 - Feature sweeping enabled: False
2026-02-24 07:43:36.446 - INFO - 44 - azureml.automl.runtime.featurization.data_transformer.__init__:191 - Feature sweeping timeout: 86400
2026-02-24 07:43:36.446 - INFO - 44 - azureml.automl.runtime.featurization.data_transformer.__init__:191 - Feature sweeping timeout: 86400
2026-02-24 07:43:36.449 - INFO - 44 - azureml.automl.runtime.ensemble_base._download_model:285 - Downloaded fitted pipeline(s) of size 255315 for child run affable_sponge_tdrx61lbhy_1
2026-02-24 07:43:36.449 - INFO - 44 - azureml.automl.runtime.ensemble_base._download_model:285 - Downloaded fitted pipeline(s) of size 255315 for child run affable_sponge_tdrx61lbhy_1
2026-02-24 07:43:36.451 - INFO - 44 - azureml.automl.runtime.ensemble_base._download_model:285 - Downloaded fitted pipeline(s) of size 13333 for child run affable_sponge_tdrx61lbhy_7
2026-02-24 07:43:36.451 - INFO - 44 - azureml.automl.runtime.ensemble_base._download_model:285 - Downloaded fitted pipeline(s) of size 13333 for child run affable_sponge_tdrx61lbhy_7
2026-02-24 07:43:36.451 - INFO - 44 - azureml.automl.runtime.ensemble_base._download_model:298 - Finished transforming the fitted pipeline for child run affable_sponge_tdrx61lbhy_4.
2026-02-24 07:43:36.451 - INFO - 44 - azureml.automl.runtime.ensemble_base._download_model:298 - Finished transforming the fitted pipeline for child run affable_sponge_tdrx61lbhy_4.
2026-02-24 07:43:36.452 - INFO - 44 - azureml.automl.runtime.featurization.data_transformer.__init__:190 - Feature sweeping enabled: False
2026-02-24 07:43:36.452 - INFO - 44 - azureml.automl.runtime.featurization.data_transformer.__init__:190 - Feature sweeping enabled: False
2026-02-24 07:43:36.453 - INFO - 44 - azureml.automl.runtime.featurization.data_transformer.__init__:191 - Feature sweeping timeout: 86400
2026-02-24 07:43:36.453 - INFO - 44 - azureml.automl.runtime.featurization.data_transformer.__init__:191 - Feature sweeping timeout: 86400
2026-02-24 07:43:36.452 - INFO - 44 - azureml.automl.runtime.ensemble_base._download_model:298 - Finished transforming the fitted pipeline for child run affable_sponge_tdrx61lbhy_6.
2026-02-24 07:43:36.452 - INFO - 44 - azureml.automl.runtime.ensemble_base._download_model:298 - Finished transforming the fitted pipeline for child run affable_sponge_tdrx61lbhy_6.
2026-02-24 07:43:36.459 - INFO - 44 - azureml.automl.runtime.featurization.data_transformer.__init__:190 - Feature sweeping enabled: False
2026-02-24 07:43:36.459 - INFO - 44 - azureml.automl.runtime.featurization.data_transformer.__init__:190 - Feature sweeping enabled: False
2026-02-24 07:43:36.459 - INFO - 44 - azureml.automl.runtime.featurization.data_transformer.__init__:191 - Feature sweeping timeout: 86400
2026-02-24 07:43:36.459 - INFO - 44 - azureml.automl.runtime.featurization.data_transformer.__init__:191 - Feature sweeping timeout: 86400
2026-02-24 07:43:36.459 - INFO - 44 - azureml.automl.runtime.ensemble_base._download_model:298 - Finished transforming the fitted pipeline for child run affable_sponge_tdrx61lbhy_7.
2026-02-24 07:43:36.459 - INFO - 44 - azureml.automl.runtime.ensemble_base._download_model:298 - Finished transforming the fitted pipeline for child run affable_sponge_tdrx61lbhy_7.
2026-02-24 07:43:36.467 - INFO - 44 - azureml.automl.runtime.ensemble_base._download_model:298 - Finished transforming the fitted pipeline for child run affable_sponge_tdrx61lbhy_1.
2026-02-24 07:43:36.467 - INFO - 44 - azureml.automl.runtime.ensemble_base._download_model:298 - Finished transforming the fitted pipeline for child run affable_sponge_tdrx61lbhy_1.
2026-02-24 07:43:36.840 - INFO - 44 - azureml.automl.runtime.shared.lazy_file_cache_store.get:426 - Getting data for key: split_keys
2026-02-24 07:43:36.840 - INFO - 44 - azureml.automl.runtime.shared.lazy_file_cache_store.get:426 - Getting data for key: split_keys
2026-02-24 07:43:36.840 - INFO - 44 - azureml.automl.runtime.shared.lazy_file_cache_store.get:426 - Getting data for key: featurized_cv_split_0
2026-02-24 07:43:36.840 - INFO - 44 - azureml.automl.runtime.shared.lazy_file_cache_store.get:426 - Getting data for key: featurized_cv_split_0
2026-02-24 07:43:36.841 - INFO - 44 - azureml.automl.runtime.shared.lazy_file_cache_store.get:426 - Getting data for key: featurized_cv_split_1
2026-02-24 07:43:36.841 - INFO - 44 - azureml.automl.runtime.shared.lazy_file_cache_store.get:426 - Getting data for key: featurized_cv_split_1
2026-02-24 07:43:36.842 - INFO - 44 - azureml.automl.runtime.shared.lazy_file_cache_store.get:426 - Getting data for key: featurized_cv_split_2
2026-02-24 07:43:36.842 - INFO - 44 - azureml.automl.runtime.shared.lazy_file_cache_store.get:426 - Getting data for key: featurized_cv_split_2
2026-02-24 07:43:36.842 - INFO - 44 - azureml.automl.runtime.shared.lazy_file_cache_store.get:426 - Getting data for key: featurized_cv_split_3
2026-02-24 07:43:36.842 - INFO - 44 - azureml.automl.runtime.shared.lazy_file_cache_store.get:426 - Getting data for key: featurized_cv_split_3
2026-02-24 07:43:36.843 - INFO - 44 - azureml.automl.runtime.shared.lazy_file_cache_store.get:426 - Getting data for key: featurized_cv_split_4
2026-02-24 07:43:36.843 - INFO - 44 - azureml.automl.runtime.shared.lazy_file_cache_store.get:426 - Getting data for key: featurized_cv_split_4
2026-02-24 07:43:36.845 - INFO - 44 - azureml.automl.runtime.shared.lazy_file_cache_store.get:426 - Getting data for key: split_keys
2026-02-24 07:43:36.845 - INFO - 44 - azureml.automl.runtime.shared.lazy_file_cache_store.get:426 - Getting data for key: split_keys
2026-02-24 07:43:36.846 - INFO - 44 - azureml.automl.runtime.shared.lazy_file_cache_store.get:426 - Getting data for key: featurized_cv_split_0
2026-02-24 07:43:36.846 - INFO - 44 - azureml.automl.runtime.shared.lazy_file_cache_store.get:426 - Getting data for key: featurized_cv_split_0
2026-02-24 07:43:36.878 - INFO - 44 - azureml.training.tabular.score._validation.log_classification_debug:194 - Classification metrics debug: {'y_test': (126,), 'y_pred_probs': (126, 2), 'unique_y_test': (2,), 'class_labels': (2,), 'train_labels': (2,), 'n_missing_train': 0, 'n_missing_valid': 0, 'sample_weight': None}
2026-02-24 07:43:36.878 - INFO - 44 - azureml.training.tabular.score._validation.log_classification_debug:194 - Classification metrics debug: {'y_test': (126,), 'y_pred_probs': (126, 2), 'unique_y_test': (2,), 'class_labels': (2,), 'train_labels': (2,), 'n_missing_train': 0, 'n_missing_valid': 0, 'sample_weight': None}
2026-02-24 07:43:36.879 - INFO - 44 - azureml.training.tabular.score._scoring_utilities.__init__:522 - No positive_label provided but detected a binary classification task
2026-02-24 07:43:36.879 - INFO - 44 - azureml.training.tabular.score._scoring_utilities.__init__:522 - No positive_label provided but detected a binary classification task
2026-02-24 07:43:36.918 - ERROR - 44 - azureml.training.tabular.score.scoring.score_classification:169 - Scoring failed for classification metric confusion_matrix
2026-02-24 07:43:36.918 - ERROR - 44 - azureml.training.tabular.score.scoring.score_classification:169 - Scoring failed for classification metric confusion_matrix
2026-02-24 07:43:36.920 - ERROR - 44 - azureml.training.tabular.score.scoring.log_traceback:229 - Type: Unclassified
Class: ValueError
Message: unknown is not supported
Traceback:
  File "scoring.py", line 164, in score_classification
    results[name] = metric.compute()
  File "_classification.py", line 990, in compute
    matrix = self._compute_matrix(self._class_labels, sample_weight=self._sample_weight)
  File "_classification.py", line 977, in _compute_matrix
    debug_stats = _scoring_utilities._get_debug_stats(
  File "_scoring_utilities.py", line 633, in _get_debug_stats
    y_type, _, _ = sklearn.metrics._classification._check_targets(y_test, y_pred)
  File "_classification.py", line 123, in _check_targets
    raise ValueError("{0} is not supported".format(y_type))

ExceptionTarget: Unspecified
2026-02-24 07:43:36.920 - ERROR - 44 - azureml.training.tabular.score.scoring.log_traceback:229 - Type: Unclassified
Class: ValueError
Message: [Hidden as it may contain PII]
Traceback:   File "scoring.py", line 164, in score_classification
    results[name] = metric.compute()
  File "_classification.py", line 990, in compute
    matrix = self._compute_matrix(self._class_labels, sample_weight=self._sample_weight)
  File "_classification.py", line 977, in _compute_matrix
    debug_stats = _scoring_utilities._get_debug_stats(
  File "_scoring_utilities.py", line 633, in _get_debug_stats
    y_type, _, _ = sklearn.metrics._classification._check_targets(y_test, y_pred)
  File "_classification.py", line 123, in _check_targets
    raise ValueError("{0} is not supported".format(y_type))

ExceptionTarget: Unspecified
2026-02-24 07:43:36.921 - INFO - 44 - azureml.automl.runtime.shared.lazy_file_cache_store.get:426 - Getting data for key: featurized_cv_split_1
2026-02-24 07:43:36.921 - INFO - 44 - azureml.automl.runtime.shared.lazy_file_cache_store.get:426 - Getting data for key: featurized_cv_split_1
2026-02-24 07:43:36.963 - INFO - 44 - azureml.training.tabular.score._validation.log_classification_debug:194 - Classification metrics debug: {'y_test': (126,), 'y_pred_probs': (126, 2), 'unique_y_test': (2,), 'class_labels': (2,), 'train_labels': (2,), 'n_missing_train': 0, 'n_missing_valid': 0, 'sample_weight': None}
2026-02-24 07:43:36.963 - INFO - 44 - azureml.training.tabular.score._validation.log_classification_debug:194 - Classification metrics debug: {'y_test': (126,), 'y_pred_probs': (126, 2), 'unique_y_test': (2,), 'class_labels': (2,), 'train_labels': (2,), 'n_missing_train': 0, 'n_missing_valid': 0, 'sample_weight': None}
2026-02-24 07:43:36.964 - INFO - 44 - azureml.training.tabular.score._scoring_utilities.__init__:522 - No positive_label provided but detected a binary classification task
2026-02-24 07:43:36.964 - INFO - 44 - azureml.training.tabular.score._scoring_utilities.__init__:522 - No positive_label provided but detected a binary classification task
2026-02-24 07:43:37.016 - ERROR - 44 - azureml.training.tabular.score.scoring.score_classification:169 - Scoring failed for classification metric confusion_matrix
2026-02-24 07:43:37.016 - ERROR - 44 - azureml.training.tabular.score.scoring.score_classification:169 - Scoring failed for classification metric confusion_matrix
2026-02-24 07:43:37.016 - ERROR - 44 - azureml.training.tabular.score.scoring.log_traceback:229 - Type: Unclassified
Class: ValueError
Message: unknown is not supported
Traceback:
  File "scoring.py", line 164, in score_classification
    results[name] = metric.compute()
  File "_classification.py", line 990, in compute
    matrix = self._compute_matrix(self._class_labels, sample_weight=self._sample_weight)
  File "_classification.py", line 977, in _compute_matrix
    debug_stats = _scoring_utilities._get_debug_stats(
  File "_scoring_utilities.py", line 633, in _get_debug_stats
    y_type, _, _ = sklearn.metrics._classification._check_targets(y_test, y_pred)
  File "_classification.py", line 123, in _check_targets
    raise ValueError("{0} is not supported".format(y_type))

ExceptionTarget: Unspecified
2026-02-24 07:43:37.016 - ERROR - 44 - azureml.training.tabular.score.scoring.log_traceback:229 - Type: Unclassified
Class: ValueError
Message: [Hidden as it may contain PII]
Traceback:   File "scoring.py", line 164, in score_classification
    results[name] = metric.compute()
  File "_classification.py", line 990, in compute
    matrix = self._compute_matrix(self._class_labels, sample_weight=self._sample_weight)
  File "_classification.py", line 977, in _compute_matrix
    debug_stats = _scoring_utilities._get_debug_stats(
  File "_scoring_utilities.py", line 633, in _get_debug_stats
    y_type, _, _ = sklearn.metrics._classification._check_targets(y_test, y_pred)
  File "_classification.py", line 123, in _check_targets
    raise ValueError("{0} is not supported".format(y_type))

ExceptionTarget: Unspecified
2026-02-24 07:43:37.017 - INFO - 44 - azureml.automl.runtime.shared.lazy_file_cache_store.get:426 - Getting data for key: featurized_cv_split_2
2026-02-24 07:43:37.017 - INFO - 44 - azureml.automl.runtime.shared.lazy_file_cache_store.get:426 - Getting data for key: featurized_cv_split_2
2026-02-24 07:43:37.070 - INFO - 44 - azureml.training.tabular.score._validation.log_classification_debug:194 - Classification metrics debug: {'y_test': (126,), 'y_pred_probs': (126, 2), 'unique_y_test': (2,), 'class_labels': (2,), 'train_labels': (2,), 'n_missing_train': 0, 'n_missing_valid': 0, 'sample_weight': None}
2026-02-24 07:43:37.070 - INFO - 44 - azureml.training.tabular.score._validation.log_classification_debug:194 - Classification metrics debug: {'y_test': (126,), 'y_pred_probs': (126, 2), 'unique_y_test': (2,), 'class_labels': (2,), 'train_labels': (2,), 'n_missing_train': 0, 'n_missing_valid': 0, 'sample_weight': None}
2026-02-24 07:43:37.071 - INFO - 44 - azureml.training.tabular.score._scoring_utilities.__init__:522 - No positive_label provided but detected a binary classification task
2026-02-24 07:43:37.071 - INFO - 44 - azureml.training.tabular.score._scoring_utilities.__init__:522 - No positive_label provided but detected a binary classification task
2026-02-24 07:43:37.112 - ERROR - 44 - azureml.training.tabular.score.scoring.score_classification:169 - Scoring failed for classification metric confusion_matrix
2026-02-24 07:43:37.112 - ERROR - 44 - azureml.training.tabular.score.scoring.score_classification:169 - Scoring failed for classification metric confusion_matrix
2026-02-24 07:43:37.113 - ERROR - 44 - azureml.training.tabular.score.scoring.log_traceback:229 - Type: Unclassified
Class: ValueError
Message: unknown is not supported
Traceback:
  File "scoring.py", line 164, in score_classification
    results[name] = metric.compute()
  File "_classification.py", line 990, in compute
    matrix = self._compute_matrix(self._class_labels, sample_weight=self._sample_weight)
  File "_classification.py", line 977, in _compute_matrix
    debug_stats = _scoring_utilities._get_debug_stats(
  File "_scoring_utilities.py", line 633, in _get_debug_stats
    y_type, _, _ = sklearn.metrics._classification._check_targets(y_test, y_pred)
  File "_classification.py", line 123, in _check_targets
    raise ValueError("{0} is not supported".format(y_type))

ExceptionTarget: Unspecified
2026-02-24 07:43:37.113 - ERROR - 44 - azureml.training.tabular.score.scoring.log_traceback:229 - Type: Unclassified
Class: ValueError
Message: [Hidden as it may contain PII]
Traceback:   File "scoring.py", line 164, in score_classification
    results[name] = metric.compute()
  File "_classification.py", line 990, in compute
    matrix = self._compute_matrix(self._class_labels, sample_weight=self._sample_weight)
  File "_classification.py", line 977, in _compute_matrix
    debug_stats = _scoring_utilities._get_debug_stats(
  File "_scoring_utilities.py", line 633, in _get_debug_stats
    y_type, _, _ = sklearn.metrics._classification._check_targets(y_test, y_pred)
  File "_classification.py", line 123, in _check_targets
    raise ValueError("{0} is not supported".format(y_type))

ExceptionTarget: Unspecified
2026-02-24 07:43:37.114 - INFO - 44 - azureml.automl.runtime.shared.lazy_file_cache_store.get:426 - Getting data for key: featurized_cv_split_3
2026-02-24 07:43:37.114 - INFO - 44 - azureml.automl.runtime.shared.lazy_file_cache_store.get:426 - Getting data for key: featurized_cv_split_3
2026-02-24 07:43:37.160 - INFO - 44 - azureml.training.tabular.score._validation.log_classification_debug:194 - Classification metrics debug: {'y_test': (125,), 'y_pred_probs': (125, 2), 'unique_y_test': (2,), 'class_labels': (2,), 'train_labels': (2,), 'n_missing_train': 0, 'n_missing_valid': 0, 'sample_weight': None}
2026-02-24 07:43:37.160 - INFO - 44 - azureml.training.tabular.score._validation.log_classification_debug:194 - Classification metrics debug: {'y_test': (125,), 'y_pred_probs': (125, 2), 'unique_y_test': (2,), 'class_labels': (2,), 'train_labels': (2,), 'n_missing_train': 0, 'n_missing_valid': 0, 'sample_weight': None}
2026-02-24 07:43:37.161 - INFO - 44 - azureml.training.tabular.score._scoring_utilities.__init__:522 - No positive_label provided but detected a binary classification task
2026-02-24 07:43:37.161 - INFO - 44 - azureml.training.tabular.score._scoring_utilities.__init__:522 - No positive_label provided but detected a binary classification task
2026-02-24 07:43:37.203 - ERROR - 44 - azureml.training.tabular.score.scoring.score_classification:169 - Scoring failed for classification metric confusion_matrix
2026-02-24 07:43:37.203 - ERROR - 44 - azureml.training.tabular.score.scoring.score_classification:169 - Scoring failed for classification metric confusion_matrix
2026-02-24 07:43:37.203 - ERROR - 44 - azureml.training.tabular.score.scoring.log_traceback:229 - Type: Unclassified
Class: ValueError
Message: unknown is not supported
Traceback:
  File "scoring.py", line 164, in score_classification
    results[name] = metric.compute()
  File "_classification.py", line 990, in compute
    matrix = self._compute_matrix(self._class_labels, sample_weight=self._sample_weight)
  File "_classification.py", line 977, in _compute_matrix
    debug_stats = _scoring_utilities._get_debug_stats(
  File "_scoring_utilities.py", line 633, in _get_debug_stats
    y_type, _, _ = sklearn.metrics._classification._check_targets(y_test, y_pred)
  File "_classification.py", line 123, in _check_targets
    raise ValueError("{0} is not supported".format(y_type))

ExceptionTarget: Unspecified
2026-02-24 07:43:37.203 - ERROR - 44 - azureml.training.tabular.score.scoring.log_traceback:229 - Type: Unclassified
Class: ValueError
Message: [Hidden as it may contain PII]
Traceback:   File "scoring.py", line 164, in score_classification
    results[name] = metric.compute()
  File "_classification.py", line 990, in compute
    matrix = self._compute_matrix(self._class_labels, sample_weight=self._sample_weight)
  File "_classification.py", line 977, in _compute_matrix
    debug_stats = _scoring_utilities._get_debug_stats(
  File "_scoring_utilities.py", line 633, in _get_debug_stats
    y_type, _, _ = sklearn.metrics._classification._check_targets(y_test, y_pred)
  File "_classification.py", line 123, in _check_targets
    raise ValueError("{0} is not supported".format(y_type))

ExceptionTarget: Unspecified
2026-02-24 07:43:37.205 - INFO - 44 - azureml.automl.runtime.shared.lazy_file_cache_store.get:426 - Getting data for key: featurized_cv_split_4
2026-02-24 07:43:37.205 - INFO - 44 - azureml.automl.runtime.shared.lazy_file_cache_store.get:426 - Getting data for key: featurized_cv_split_4
2026-02-24 07:43:37.251 - INFO - 44 - azureml.training.tabular.score._validation.log_classification_debug:194 - Classification metrics debug: {'y_test': (125,), 'y_pred_probs': (125, 2), 'unique_y_test': (2,), 'class_labels': (2,), 'train_labels': (2,), 'n_missing_train': 0, 'n_missing_valid': 0, 'sample_weight': None}
2026-02-24 07:43:37.251 - INFO - 44 - azureml.training.tabular.score._validation.log_classification_debug:194 - Classification metrics debug: {'y_test': (125,), 'y_pred_probs': (125, 2), 'unique_y_test': (2,), 'class_labels': (2,), 'train_labels': (2,), 'n_missing_train': 0, 'n_missing_valid': 0, 'sample_weight': None}
2026-02-24 07:43:37.252 - INFO - 44 - azureml.training.tabular.score._scoring_utilities.__init__:522 - No positive_label provided but detected a binary classification task
2026-02-24 07:43:37.252 - INFO - 44 - azureml.training.tabular.score._scoring_utilities.__init__:522 - No positive_label provided but detected a binary classification task
2026-02-24 07:43:37.295 - ERROR - 44 - azureml.training.tabular.score.scoring.score_classification:169 - Scoring failed for classification metric confusion_matrix
2026-02-24 07:43:37.295 - ERROR - 44 - azureml.training.tabular.score.scoring.score_classification:169 - Scoring failed for classification metric confusion_matrix
2026-02-24 07:43:37.295 - ERROR - 44 - azureml.training.tabular.score.scoring.log_traceback:229 - Type: Unclassified
Class: ValueError
Message: unknown is not supported
Traceback:
  File "scoring.py", line 164, in score_classification
    results[name] = metric.compute()
  File "_classification.py", line 990, in compute
    matrix = self._compute_matrix(self._class_labels, sample_weight=self._sample_weight)
  File "_classification.py", line 977, in _compute_matrix
    debug_stats = _scoring_utilities._get_debug_stats(
  File "_scoring_utilities.py", line 633, in _get_debug_stats
    y_type, _, _ = sklearn.metrics._classification._check_targets(y_test, y_pred)
  File "_classification.py", line 123, in _check_targets
    raise ValueError("{0} is not supported".format(y_type))

ExceptionTarget: Unspecified
2026-02-24 07:43:37.295 - ERROR - 44 - azureml.training.tabular.score.scoring.log_traceback:229 - Type: Unclassified
Class: ValueError
Message: [Hidden as it may contain PII]
Traceback:   File "scoring.py", line 164, in score_classification
    results[name] = metric.compute()
  File "_classification.py", line 990, in compute
    matrix = self._compute_matrix(self._class_labels, sample_weight=self._sample_weight)
  File "_classification.py", line 977, in _compute_matrix
    debug_stats = _scoring_utilities._get_debug_stats(
  File "_scoring_utilities.py", line 633, in _get_debug_stats
    y_type, _, _ = sklearn.metrics._classification._check_targets(y_test, y_pred)
  File "_classification.py", line 123, in _check_targets
    raise ValueError("{0} is not supported".format(y_type))

ExceptionTarget: Unspecified
2026-02-24 07:43:37.300 - WARNING - 44 - azureml.training.tabular.score._validation.log_failed_splits:482 - Could not compute confusion_matrix for 5/5 validation splits: 0, 1, 2, 3, 4
2026-02-24 07:43:37.300 - WARNING - 44 - azureml.training.tabular.score._validation.log_failed_splits:482 - Could not compute confusion_matrix for 5/5 validation splits: 0, 1, 2, 3, 4
2026-02-24 07:43:37.300 - ERROR - 44 - azureml.training.tabular.score._metric_base.check_aggregate_scores:60 - Score aggregation failed with error indicator for metric confusion_matrix
2026-02-24 07:43:37.300 - ERROR - 44 - azureml.training.tabular.score._metric_base.check_aggregate_scores:60 - Score aggregation failed with error indicator for metric confusion_matrix
